사고번호,사고일시,요일,시군구,사고내용,사망자수,중상자수,경상자수,부상신고자수,사고유형,법규위반,노면상태,기상상태,도로형태,가해운전자 차종,가해운전자 성별,가해운전자 연령,가해운전자 상해정도,피해운전자 차종,피해운전자 성별,피해운전자 연령,피해운전자 상해정도
2019012400100246,2019년 1월 24일 12시,목요일,제주특별자치도 제주시 아라일동,경상사고,0,0,2,0,차대사람 - 횡단중,보행자보호의무위반,건조,맑음,교차로 - 교차로안,승용,남,63세,상해없음,보행자,여,45세,경상
2019012400100247,2019년 1월 24일 12시,목요일,제주특별자치도 제주시 화북이동,경상사고,0,0,1,0,차대차 - 측면충돌,안전운전불이행,건조,맑음,단일로 - 기타,승용,여,30세,경상,승용,남,35세,상해없음
2019012400100311,2019년 1월 24일 14시,목요일,제주특별자치도 서귀포시 동홍동,경상사고,0,0,1,0,차대차 - 측면충돌,안전운전불이행,건조,맑음,교차로 - 교차로부근,승용,여,37세,상해없음,이륜,남,27세,경상
2019012400100340,2019년 1월 24일 15시,목요일,제주특별자치도 제주시 구좌읍,부상신고사고,0,0,0,1,차대사람 - 횡단중,안전운전불이행,건조,맑음,단일로 - 기타,승용,여,29세,상해없음,보행자,남,23세,부상신고
2019012400100488,2019년 1월 24일 19시,목요일,제주특별자치도 제주시 노형동,경상사고,0,0,1,0,차대차 - 기타,안전운전불이행,건조,맑음,교차로 - 교차로안,기타불명,기타불명,미분류,기타불명,이륜,남,31세,경상
2019012400100519,2019년 1월 24일 20시,목요일,제주특별자치도 제주시 용담이동,경상사고,0,0,1,0,차대사람 - 횡단중,보행자보호의무위반,건조,맑음,단일로 - 기타,승용,남,65세,상해없음,보행자,남,33세,경상
2019012400100572,2019년 1월 24일 22시,목요일,제주특별자치도 제주시 한경면,경상사고,0,0,1,0,차대차 - 기타,직진우회전진행방해,건조,맑음,교차로 - 교차로안,승용,남,58세,상해없음,승용,남,58세,경상
2019012500100062,2019년 1월 25일 03시,금요일,제주특별자치도 제주시 연동,경상사고,0,0,1,0,차대차 - 측면충돌,중앙선침범,건조,맑음,단일로 - 기타,승용,여,36세,상해없음,승용,남,61세,상해없음
2019012500100100,2019년 1월 25일 07시,금요일,제주특별자치도 서귀포시 서귀동,경상사고,0,0,1,0,차대차 - 기타,교차로운행방법위반,기타,맑음,교차로 - 교차로안,승용,남,52세,상해없음,이륜,남,44세,경상
2019012500100122,2019년 1월 25일 08시,금요일,제주특별자치도 제주시 이도이동,경상사고,0,0,1,0,차대차 - 측면충돌,신호위반,건조,맑음,교차로 - 교차로안,승용,여,47세,상해없음,승용,남,31세,경상
2019012500100123,2019년 1월 25일 08시,금요일,제주특별자치도 제주시 이도이동,경상사고,0,0,4,0,차대차 - 측면충돌,안전운전불이행,건조,맑음,단일로 - 기타,승용,여,57세,상해없음,승용,남,52세,경상
2019012500100124,2019년 1월 25일 08시,금요일,제주특별자치도 제주시 일도이동,경상사고,0,0,1,0,차대사람 - 횡단중,신호위반,건조,맑음,교차로 - 교차로횡단보도내,승용,남,62세,상해없음,보행자,여,46세,경상
2019012500100155,2019년 1월 25일 09시,금요일,제주특별자치도 제주시 아라일동,중상사고,0,1,0,0,차대차 - 측면충돌,교차로운행방법위반,건조,맑음,교차로 - 교차로부근,승용,남,67세,상해없음,승합,남,53세,중상
2019012500100171,2019년 1월 25일 10시,금요일,제주특별자치도 제주시 조천읍,중상사고,0,1,0,0,차대차 - 측면충돌,교차로운행방법위반,건조,맑음,교차로 - 교차로안,화물,남,62세,상해없음,이륜,남,61세,중상
2019012500100202,2019년 1월 25일 11시,금요일,제주특별자치도 제주시 오라이동,부상신고사고,0,0,0,1,차대차 - 추돌,안전운전불이행,건조,맑음,교차로 - 교차로부근,승용,여,66세,상해없음,승용,남,47세,상해없음
2019012500100203,2019년 1월 25일 11시,금요일,제주특별자치도 제주시 용담이동,부상신고사고,0,0,0,1,차대차 - 기타,안전운전불이행,건조,맑음,교차로 - 교차로부근,승용,남,19세,상해없음,승용,남,59세,상해없음
2019012500100340,2019년 1월 25일 15시,금요일,제주특별자치도 제주시 조천읍,경상사고,0,0,1,0,차대차 - 기타,교차로운행방법위반,건조,맑음,교차로 - 교차로안,이륜,남,60세,경상,화물,남,62세,상해없음
2019012500100378,2019년 1월 25일 16시,금요일,제주특별자치도 제주시 이도일동,경상사고,0,0,1,0,차대사람 - 기타,안전운전불이행,건조,맑음,단일로 - 기타,승용,여,51세,상해없음,보행자,여,52세,경상
2019012500100469,2019년 1월 25일 18시,금요일,제주특별자치도 제주시 이도이동,경상사고,0,0,1,0,차대사람 - 기타,안전운전불이행,건조,맑음,교차로 - 교차로부근,승용,여,63세,상해없음,보행자,여,21세,경상
2019012500100517,2019년 1월 25일 19시,금요일,제주특별자치도 서귀포시 성산읍,사망사고,1,1,0,0,차대사람 - 횡단중,안전운전불이행,건조,맑음,교차로 - 교차로안,승용,여,67세,상해없음,보행자,남,25세,사망
2019012500100518,2019년 1월 25일 19시,금요일,제주특별자치도 제주시 한림읍,중상사고,0,1,2,0,차대차 - 측면충돌,직진우회전진행방해,건조,맑음,교차로 - 교차로안,승용,남,27세,경상,승용,남,33세,중상
2019012500100546,2019년 1월 25일 20시,금요일,제주특별자치도 제주시 한림읍,부상신고사고,0,0,0,1,차량단독 - 공작물충돌,안전운전불이행,건조,맑음,단일로 - 기타,승용,여,55세,부상신고,,,,
2019012600100076,2019년 1월 26일 03시,토요일,제주특별자치도 제주시 오라삼동,경상사고,0,0,4,0,차대차 - 추돌,안전운전불이행,건조,맑음,단일로 - 기타,승용,남,25세,경상,승용,남,51세,경상
2019012600100126,2019년 1월 26일 08시,토요일,제주특별자치도 서귀포시 남원읍,중상사고,0,1,0,0,차대차 - 기타,교차로운행방법위반,건조,맑음,교차로 - 교차로부근,승용,여,57세,상해없음,농기계,남,76세,중상
2019012600100165,2019년 1월 26일 10시,토요일,제주특별자치도 제주시 한림읍,중상사고,0,1,0,0,차대차 - 기타,직진우회전진행방해,건조,맑음,교차로 - 교차로안,승용,남,44세,상해없음,승용,남,52세,상해없음
2019012600100202,2019년 1월 26일 11시,토요일,제주특별자치도 제주시 연동,중상사고,0,1,0,0,차대차 - 기타,직진우회전진행방해,건조,맑음,교차로 - 교차로안,승용,남,53세,상해없음,이륜,남,40세,중상
2019012600100231,2019년 1월 26일 12시,토요일,제주특별자치도 제주시 노형동,부상신고사고,0,0,0,1,차대차 - 기타,신호위반,건조,맑음,교차로 - 교차로부근,이륜,남,23세,부상신고,승용,남,51세,상해없음
2019012600100309,2019년 1월 26일 14시,토요일,제주특별자치도 제주시 애월읍,중상사고,0,1,0,0,차대차 - 후진중충돌,안전운전불이행,건조,맑음,교차로 - 교차로안,승용,남,60세,상해없음,승용,여,35세,중상
2019012600100341,2019년 1월 26일 15시,토요일,제주특별자치도 서귀포시 색달동,경상사고,0,0,3,1,차대차 - 측면충돌,직진우회전진행방해,건조,맑음,교차로 - 교차로안,승용,여,48세,경상,승용,남,60세,경상
2019012600100374,2019년 1월 26일 16시,토요일,제주특별자치도 제주시 삼도일동,경상사고,0,0,1,0,차대차 - 기타,안전운전불이행,건조,맑음,교차로 - 교차로부근,이륜,남,60세,경상,승용,여,58세,상해없음
2019012600100375,2019년 1월 26일 16시,토요일,제주특별자치도 제주시 도남동,경상사고,0,0,1,0,차대차 - 추돌,안전운전불이행,건조,맑음,단일로 - 기타,승용,남,26세,상해없음,화물,여,67세,경상
2019012600100411,2019년 1월 26일 17시,토요일,제주특별자치도 제주시 아라이동,중상사고,0,1,0,0,차대차 - 측면충돌,직진우회전진행방해,건조,맑음,교차로 - 교차로안,승용,남,64세,상해없음,승용,남,73세,상해없음
2019012600100447,2019년 1월 26일 18시,토요일,제주특별자치도 제주시 조천읍,경상사고,0,0,3,0,차대차 - 기타,중앙선침범,건조,맑음,단일로 - 기타,승용,남,50세,상해없음,화물,남,46세,경상
2019012600100486,2019년 1월 26일 19시,토요일,제주특별자치도 제주시 연동,경상사고,0,0,1,0,차대차 - 기타,안전운전불이행,건조,맑음,교차로 - 교차로안,승용,남,63세,상해없음,자전거,남,81세,경상
2019012600100576,2019년 1월 26일 22시,토요일,제주특별자치도 서귀포시 남원읍,경상사고,0,0,1,0,차대차 - 측면충돌,안전거리미확보,건조,맑음,단일로 - 기타,화물,남,39세,상해없음,승용,남,52세,경상
2019012700100037,2019년 1월 27일 01시,일요일,제주특별자치도 서귀포시 대정읍,부상신고사고,0,0,0,1,차대사람 - 기타,안전운전불이행,건조,맑음,교차로 - 교차로안,승용,여,46세,상해없음,보행자,남,31세,부상신고
2019012700100047,2019년 1월 27일 02시,일요일,제주특별자치도 제주시 일도이동,중상사고,0,1,0,0,차대사람 - 기타,보행자보호의무위반,건조,맑음,교차로 - 교차로안,승용,남,38세,상해없음,보행자,남,38세,중상
2019012700100061,2019년 1월 27일 04시,일요일,제주특별자치도 서귀포시 표선면,중상사고,0,1,0,0,차량단독 - 공작물충돌,안전운전불이행,건조,맑음,단일로 - 기타,승용,여,31세,상해없음,,,,
2019012700100135,2019년 1월 27일 11시,일요일,제주특별자치도 서귀포시 표선면,경상사고,0,0,1,0,차대사람 - 기타,안전운전불이행,건조,맑음,단일로 - 기타,승용,여,29세,상해없음,보행자,여,50세,경상
2019012700100160,2019년 1월 27일 12시,일요일,제주특별자치도 제주시 오등동,경상사고,0,0,1,0,차대차 - 기타,안전운전불이행,건조,맑음,교차로 - 교차로안,승용,남,68세,경상,화물,남,66세,상해없음
2019012700100189,2019년 1월 27일 13시,일요일,제주특별자치도 서귀포시 하효동,경상사고,0,0,1,0,차대차 - 추돌,안전운전불이행,건조,맑음,교차로 - 교차로횡단보도내,화물,남,47세,상해없음,승용,여,63세,경상
2019012700100190,2019년 1월 27일 13시,일요일,제주특별자치도 서귀포시 동홍동,부상신고사고,0,0,0,1,차대사람 - 횡단중,안전운전불이행,건조,맑음,교차로 - 교차로안,승용,남,38세,상해없음,보행자,여,44세,부상신고
2019012700100242,2019년 1월 27일 15시,일요일,제주특별자치도 제주시 외도일동,부상신고사고,0,0,0,1,차대차 - 기타,직진우회전진행방해,건조,맑음,교차로 - 교차로안,승용,남,63세,부상신고,화물,남,65세,상해없음
2019012700100272,2019년 1월 27일 16시,일요일,제주특별자치도 제주시 봉개동,경상사고,0,0,1,0,차대차 - 측면충돌,교차로운행방법위반,건조,맑음,교차로 - 교차로안,화물,남,41세,상해없음,승용,여,33세,경상
2019012700100292,2019년 1월 27일 17시,일요일,제주특별자치도 제주시 조천읍,중상사고,0,1,1,0,차대차 - 정면충돌,중앙선침범,건조,맑음,단일로 - 기타,승용,남,70세,상해없음,승용,여,52세,경상
2019012700100293,2019년 1월 27일 17시,일요일,제주특별자치도 서귀포시 서귀동,경상사고,0,0,1,0,차대사람 - 기타,안전운전불이행,건조,맑음,교차로 - 교차로부근,승용,여,39세,상해없음,보행자,남,45세,경상
2019012700100318,2019년 1월 27일 18시,일요일,제주특별자치도 제주시 애월읍,경상사고,0,0,1,0,차대차 - 기타,안전운전불이행,건조,맑음,단일로 - 기타,승용,남,60세,경상,특수,남,35세,상해없음
2019012700100361,2019년 1월 27일 20시,일요일,제주특별자치도 제주시 연동,경상사고,0,0,1,0,차대차 - 기타,신호위반,건조,맑음,교차로 - 교차로안,승용,남,36세,상해없음,승용,남,34세,경상
2019012800100024,2019년 1월 28일 00시,월요일,제주특별자치도 서귀포시 동홍동,중상사고,0,1,1,2,차대차 - 측면충돌,신호위반,건조,맑음,교차로 - 교차로안,승용,남,36세,상해없음,승용,남,40세,부상신고
2019012800100042,2019년 1월 28일 02시,월요일,제주특별자치도 제주시 구좌읍,경상사고,0,0,1,0,차량단독 - 기타,안전운전불이행,건조,맑음,교차로 - 교차로부근,승용,여,45세,경상,,,,
2019012800100263,2019년 1월 28일 10시,월요일,제주특별자치도 제주시 한림읍,부상신고사고,0,0,0,1,차대차 - 기타,신호위반,건조,맑음,교차로 - 교차로안,농기계,남,81세,부상신고,승용,남,22세,상해없음
2019012800100363,2019년 1월 28일 13시,월요일,제주특별자치도 제주시 노형동,부상신고사고,0,0,0,1,차대차 - 추돌,안전거리미확보,건조,맑음,단일로 - 기타,승용,남,39세,상해없음,승용,여,32세,부상신고
2019012800100364,2019년 1월 28일 13시,월요일,제주특별자치도 제주시 용담삼동,중상사고,0,1,0,0,차대차 - 기타,중앙선침범,건조,맑음,단일로 - 기타,이륜,남,27세,중상,화물,남,45세,상해없음
2019012800100480,2019년 1월 28일 16시,월요일,제주특별자치도 제주시 연동,경상사고,0,0,2,0,차대차 - 측면충돌,교차로운행방법위반,건조,맑음,교차로 - 교차로안,승용,여,33세,경상,승용,여,43세,경상
2019012800100512,2019년 1월 28일 17시,월요일,제주특별자치도 서귀포시 대포동,부상신고사고,0,0,0,1,차대차 - 기타,안전거리미확보,건조,맑음,단일로 - 기타,건설기계,남,56세,상해없음,승용,여,41세,부상신고
2019012800100662,2019년 1월 28일 22시,월요일,제주특별자치도 제주시 노형동,경상사고,0,0,1,0,차대차 - 기타,신호위반,건조,맑음,교차로 - 교차로횡단보도내,승용,여,56세,상해없음,자전거,남,28세,경상
2019012900100069,2019년 1월 29일 06시,화요일,제주특별자치도 제주시 애월읍,사망사고,1,0,0,0,차대사람 - 횡단중,안전운전불이행,건조,맑음,교차로 - 교차로횡단보도내,승용,남,73세,상해없음,보행자,남,79세,사망
2019012900100142,2019년 1월 29일 09시,화요일,제주특별자치도 서귀포시 동홍동,경상사고,0,0,1,0,차대차 - 추돌,안전운전불이행,건조,맑음,교차로 - 교차로안,승용,여,36세,상해없음,이륜,남,74세,경상
2019012900100143,2019년 1월 29일 09시,화요일,제주특별자치도 서귀포시 표선면,경상사고,0,0,1,1,차대차 - 측면충돌,교차로운행방법위반,건조,맑음,교차로 - 교차로안,승합,남,60세,부상신고,승용,여,28세,경상
2019012900100144,2019년 1월 29일 09시,화요일,제주특별자치도 제주시 오라삼동,중상사고,0,1,0,0,차대사람 - 기타,보행자보호의무위반,건조,맑음,교차로 - 교차로안,승용,남,52세,상해없음,보행자,여,29세,중상
2019012900100170,2019년 1월 29일 10시,화요일,제주특별자치도 제주시 용강동,경상사고,0,0,3,0,차대차 - 측면충돌,안전운전불이행,건조,맑음,단일로 - 기타,화물,남,30세,경상,승용,남,50세,경상
2019012900100188,2019년 1월 29일 11시,화요일,제주특별자치도 제주시 삼도일동,중상사고,0,1,1,0,차대사람 - 횡단중,보행자보호의무위반,건조,맑음,단일로 - 기타,승용,남,69세,상해없음,보행자,여,29세,중상
2019012900100189,2019년 1월 29일 11시,화요일,제주특별자치도 제주시 외도일동,중상사고,0,1,1,0,차대차 - 기타,직진우회전진행방해,건조,맑음,교차로 - 교차로안,승용,남,62세,경상,이륜,남,33세,중상
2019012900100190,2019년 1월 29일 11시,화요일,제주특별자치도 제주시 한경면,경상사고,0,0,2,0,차대차 - 기타,안전거리미확보,건조,맑음,단일로 - 기타,승용,여,61세,상해없음,승용,남,24세,경상
2019012900100217,2019년 1월 29일 12시,화요일,제주특별자치도 제주시 조천읍,경상사고,0,0,3,0,차대차 - 추돌,안전운전불이행,건조,맑음,단일로 - 기타,승용,여,53세,상해없음,승용,여,32세,경상
2019012900100218,2019년 1월 29일 12시,화요일,제주특별자치도 서귀포시 토평동,중상사고,0,1,0,1,차대차 - 기타,교차로운행방법위반,건조,맑음,교차로 - 교차로안,화물,남,76세,상해없음,화물,남,47세,중상
2019012900100263,2019년 1월 29일 14시,화요일,제주특별자치도 제주시 일도일동,경상사고,0,0,3,0,차대차 - 추돌,안전거리미확보,건조,맑음,단일로 - 기타,승용,남,50세,상해없음,화물,남,47세,경상
2019012900100264,2019년 1월 29일 14시,화요일,제주특별자치도 제주시 한림읍,부상신고사고,0,0,0,1,차대차 - 측면충돌,직진우회전진행방해,건조,맑음,교차로 - 교차로안,이륜,남,81세,부상신고,승용,남,51세,상해없음
2019012900100265,2019년 1월 29일 14시,화요일,제주특별자치도 제주시 애월읍,경상사고,0,0,1,0,차대차 - 기타,신호위반,건조,맑음,교차로 - 교차로부근,승용,남,63세,상해없음,승용,여,44세,경상
2019012900100317,2019년 1월 29일 15시,화요일,제주특별자치도 서귀포시 대정읍,경상사고,0,0,4,0,차대차 - 기타,직진우회전진행방해,건조,맑음,교차로 - 교차로안,승용,여,36세,경상,화물,남,75세,상해없음
2019012900100318,2019년 1월 29일 15시,화요일,제주특별자치도 제주시 애월읍,경상사고,0,0,2,0,차대사람 - 보도통행중,보행자보호의무위반,건조,맑음,교차로 - 교차로횡단보도내,화물,남,54세,상해없음,보행자,남,72세,경상
2019012900100373,2019년 1월 29일 16시,화요일,제주특별자치도 제주시 오등동,경상사고,0,0,2,0,차대차 - 기타,차로위반,건조,맑음,단일로 - 기타,기타불명,기타불명,미분류,기타불명,승용,남,27세,상해없음
2019012900100374,2019년 1월 29일 16시,화요일,제주특별자치도 제주시 이도일동,경상사고,0,0,1,0,차대사람 - 횡단중,안전운전불이행,건조,맑음,단일로 - 기타,승용,여,60세,상해없음,보행자,남,13세,경상
2019012900100375,2019년 1월 29일 16시,화요일,제주특별자치도 서귀포시 동홍동,중상사고,0,1,0,0,차대차 - 측면충돌,직진우회전진행방해,건조,흐림,교차로 - 교차로안,승용,남,41세,상해없음,승합,남,53세,상해없음
2019012900100466,2019년 1월 29일 18시,화요일,제주특별자치도 서귀포시 대정읍,중상사고,0,1,1,0,차대차 - 기타,안전거리미확보,건조,맑음,단일로 - 기타,화물,남,29세,기타불명,승용,남,61세,경상
2019012900100467,2019년 1월 29일 18시,화요일,제주특별자치도 제주시 애월읍,경상사고,0,0,4,0,차대차 - 측면충돌,교차로운행방법위반,건조,맑음,교차로 - 교차로안,승용,남,54세,상해없음,승용,여,50세,경상
2019012900100509,2019년 1월 29일 19시,화요일,제주특별자치도 제주시 구좌읍,경상사고,0,0,3,0,차대차 - 기타,중앙선침범,건조,맑음,단일로 - 기타,이륜,여,63세,경상,승용,여,23세,경상
2019012900100510,2019년 1월 29일 19시,화요일,제주특별자치도 제주시 건입동,경상사고,0,0,3,1,차대차 - 기타,신호위반,건조,맑음,단일로 - 기타,승용,남,66세,부상신고,승용,남,42세,경상
2019013000100177,2019년 1월 30일 10시,수요일,제주특별자치도 제주시 봉개동,경상사고,0,0,1,0,차대사람 - 횡단중,안전운전불이행,건조,맑음,교차로 - 교차로횡단보도내,승용,남,49세,상해없음,보행자,여,80세,경상
2019013000100203,2019년 1월 30일 11시,수요일,제주특별자치도 제주시 구좌읍,경상사고,0,0,2,0,차량단독 - 공작물충돌,안전운전불이행,건조,맑음,단일로 - 기타,이륜,여,67세,경상,,,,
2019013000100222,2019년 1월 30일 12시,수요일,제주특별자치도 제주시 한경면,경상사고,0,0,1,0,차대차 - 기타,안전운전불이행,건조,맑음,주차장 - 주차장,화물,남,57세,상해없음,승용,남,50세,경상
2019013000100252,2019년 1월 30일 13시,수요일,제주특별자치도 서귀포시 상효동,경상사고,0,0,1,0,차대차 - 측면충돌,안전거리미확보,건조,맑음,교차로 - 교차로부근,승용,여,28세,상해없음,화물,남,45세,경상
2019013000100253,2019년 1월 30일 13시,수요일,제주특별자치도 제주시 노형동,중상사고,0,1,0,0,차대사람 - 기타,안전운전불이행,건조,맑음,단일로 - 기타,승합,남,49세,기타불명,보행자,여,75세,중상
2019013000100299,2019년 1월 30일 14시,수요일,제주특별자치도 제주시 외도일동,중상사고,0,1,0,0,차량단독 - 공작물충돌,안전거리미확보,건조,맑음,기타 - 기타,이륜,남,81세,중상,,,,
2019013000100331,2019년 1월 30일 15시,수요일,제주특별자치도 서귀포시 대정읍,경상사고,0,0,1,0,차대차 - 측면충돌,안전운전불이행,건조,맑음,교차로 - 교차로횡단보도내,승합,남,75세,상해없음,자전거,남,52세,경상
2019013000100396,2019년 1월 30일 17시,수요일,제주특별자치도 제주시 애월읍,부상신고사고,0,0,0,1,차량단독 - 공작물충돌,안전운전불이행,건조,맑음,기타 - 기타,승용,여,37세,부상신고,,,,
2019013000100448,2019년 1월 30일 18시,수요일,제주특별자치도 제주시 이도일동,경상사고,0,0,2,0,차대차 - 기타,차로위반,건조,맑음,단일로 - 기타,승합,남,56세,상해없음,승용,남,21세,경상
2019013000100494,2019년 1월 30일 19시,수요일,제주특별자치도 제주시 오라일동,부상신고사고,0,0,0,1,차대사람 - 횡단중,안전운전불이행,건조,흐림,단일로 - 기타,승용,여,43세,상해없음,보행자,남,34세,부상신고
2019013000100495,2019년 1월 30일 19시,수요일,제주특별자치도 제주시 삼도일동,경상사고,0,0,4,0,차대차 - 측면충돌,교차로운행방법위반,건조,맑음,교차로 - 교차로부근,승용,여,49세,상해없음,승용,여,51세,경상
2019013000100496,2019년 1월 30일 19시,수요일,제주특별자치도 서귀포시 동홍동,경상사고,0,0,1,0,차대차 - 측면충돌,안전운전불이행,젖음/습기,비,교차로 - 교차로부근,승용,남,51세,상해없음,승용,남,63세,경상
2019013000100550,2019년 1월 30일 21시,수요일,제주특별자치도 서귀포시 색달동,부상신고사고,0,0,0,1,차대차 - 추돌,안전운전불이행,젖음/습기,흐림,교차로 - 교차로부근,이륜,남,24세,부상신고,승용,남,35세,상해없음
2019013000100572,2019년 1월 30일 22시,수요일,제주특별자치도 제주시 용담삼동,중상사고,0,1,0,0,차대사람 - 기타,안전운전불이행,건조,맑음,단일로 - 기타,승용,남,51세,상해없음,보행자,남,51세,중상
2019013000100595,2019년 1월 30일 23시,수요일,제주특별자치도 제주시 이호이동,부상신고사고,0,0,0,1,차량단독 - 공작물충돌,안전운전불이행,건조,맑음,교차로 - 교차로부근,승용,남,43세,부상신고,,,,
2019013100100025,2019년 1월 31일 00시,목요일,제주특별자치도 제주시 연동,부상신고사고,0,0,0,1,차대사람 - 기타,안전운전불이행,건조,맑음,단일로 - 기타,승용,남,50세,상해없음,보행자,남,53세,부상신고
2019013100100080,2019년 1월 31일 06시,목요일,제주특별자치도 서귀포시 남원읍,사망사고,1,0,0,0,차대사람 - 횡단중,안전운전불이행,젖음/습기,비,단일로 - 기타,승용,남,31세,상해없음,보행자,여,71세,사망
2019013100100118,2019년 1월 31일 07시,목요일,제주특별자치도 제주시 화북일동,경상사고,0,0,1,0,차대차 - 정면충돌,신호위반,젖음/습기,비,교차로 - 교차로안,승용,남,45세,상해없음,승용,남,46세,경상
2019013100100119,2019년 1월 31일 07시,목요일,제주특별자치도 제주시 노형동,중상사고,0,1,0,0,차대사람 - 횡단중,보행자보호의무위반,젖음/습기,비,단일로 - 기타,화물,남,71세,상해없음,보행자,여,65세,중상
2019013100100151,2019년 1월 31일 08시,목요일,제주특별자치도 제주시 용담일동,경상사고,0,0,1,0,차대차 - 측면충돌,신호위반,젖음/습기,비,교차로 - 교차로안,승용,남,40세,상해없음,승용,여,56세,경상
2019013100100177,2019년 1월 31일 09시,목요일,제주특별자치도 서귀포시 안덕면,중상사고,0,1,1,0,차대차 - 측면충돌,과속,젖음/습기,비,교차로 - 교차로부근,승용,남,40세,상해없음,승용,남,48세,중상
2019013100100198,2019년 1월 31일 10시,목요일,제주특별자치도 서귀포시 동홍동,경상사고,0,0,1,0,차대차 - 기타,안전운전불이행,건조,맑음,단일로 - 기타,화물,남,58세,상해없음,화물,남,46세,경상
2019013100100199,2019년 1월 31일 10시,목요일,제주특별자치도 제주시 애월읍,경상사고,0,0,2,0,차대차 - 기타,직진우회전진행방해,젖음/습기,비,교차로 - 교차로안,화물,남,35세,경상,승용,여,54세,경상
2019013100100200,2019년 1월 31일 10시,목요일,제주특별자치도 제주시 연동,부상신고사고,0,0,0,1,차대차 - 기타,직진우회전진행방해,젖음/습기,비,교차로 - 교차로안,승용,남,49세,상해없음,승합,남,44세,상해없음
2019013100100261,2019년 1월 31일 12시,목요일,제주특별자치도 제주시 외도일동,경상사고,0,0,1,0,차대차 - 기타,안전운전불이행,젖음/습기,맑음,단일로 - 기타,화물,남,48세,상해없음,승용,남,44세,상해없음
2019013100100312,2019년 1월 31일 14시,목요일,제주특별자치도 제주시 이도이동,경상사고,0,0,1,0,차대차 - 측면충돌,직진우회전진행방해,건조,맑음,교차로 - 교차로안,승용,남,46세,상해없음,승용,여,50세,경상
2019013100100313,2019년 1월 31일 14시,목요일,제주특별자치도 서귀포시 남원읍,중상사고,0,1,1,0,차대차 - 측면충돌,직진우회전진행방해,젖음/습기,비,교차로 - 교차로안,화물,남,45세,경상,승용,남,49세,중상
2019013100100585,2019년 1월 31일 21시,목요일,제주특별자치도 제주시 도련이동,경상사고,0,0,2,0,차대차 - 추돌,안전거리미확보,건조,맑음,교차로 - 교차로부근,승용,남,44세,상해없음,승용,여,26세,경상
2019020100100096,2019년 2월 1일 06시,금요일,제주특별자치도 서귀포시 상예동,중상사고,0,1,0,0,차대사람 - 기타,안전운전불이행,기타,기타,단일로 - 기타,승용,남,43세,기타불명,보행자,남,71세,중상
2019020100100150,2019년 2월 1일 08시,금요일,제주특별자치도 제주시 도남동,경상사고,0,0,1,0,차대차 - 측면충돌,안전운전불이행,건조,맑음,단일로 - 기타,승용,남,39세,상해없음,승용,여,47세,경상
2019020100100151,2019년 2월 1일 08시,금요일,제주특별자치도 제주시 용담이동,경상사고,0,0,1,0,차대차 - 기타,안전운전불이행,건조,맑음,단일로 - 기타,승용,남,60세,상해없음,자전거,남,28세,경상
2019020100100207,2019년 2월 1일 10시,금요일,제주특별자치도 서귀포시 성산읍,경상사고,0,0,1,0,차대차 - 기타,교차로운행방법위반,건조,맑음,교차로 - 교차로안,화물,여,56세,상해없음,화물,남,49세,경상
2019020100100403,2019년 2월 1일 15시,금요일,제주특별자치도 서귀포시 남원읍,경상사고,0,0,1,0,차대차 - 측면충돌,교차로운행방법위반,건조,맑음,교차로 - 교차로안,승용,남,31세,상해없음,이륜,여,70세,경상
2019020100100434,2019년 2월 1일 16시,금요일,제주특별자치도 제주시 아라이동,경상사고,0,0,1,0,차대차 - 기타,차로위반,건조,맑음,교차로 - 교차로안,승용,남,56세,상해없음,승합,남,60세,상해없음
2019020100100435,2019년 2월 1일 16시,금요일,제주특별자치도 제주시 노형동,경상사고,0,0,1,1,차대차 - 기타,교차로운행방법위반,건조,맑음,교차로 - 교차로안,승합,남,56세,상해없음,승합,여,51세,상해없음
2019020100100601,2019년 2월 1일 19시,금요일,제주특별자치도 제주시 연동,부상신고사고,0,0,0,1,차대차 - 추돌,안전거리미확보,건조,맑음,단일로 - 기타,승용,남,39세,상해없음,승용,여,43세,부상신고
2019020100100649,2019년 2월 1일 20시,금요일,제주특별자치도 제주시 이도이동,경상사고,0,0,1,0,차대차 - 추돌,안전운전불이행,건조,맑음,교차로 - 교차로부근,승용,여,39세,상해없음,승용,여,52세,경상
2019020100100704,2019년 2월 1일 22시,금요일,제주특별자치도 제주시 아라일동,경상사고,0,0,1,0,차대차 - 기타,신호위반,기타,흐림,교차로 - 교차로안,승용,여,54세,상해없음,승용,여,30세,경상
2019020200100130,2019년 2월 2일 06시,토요일,제주특별자치도 제주시 이도이동,중상사고,0,1,1,0,차대차 - 기타,신호위반,건조,맑음,교차로 - 교차로안,승용,남,22세,상해없음,승용,남,67세,경상
2019020200100139,2019년 2월 2일 07시,토요일,제주특별자치도 제주시 애월읍,부상신고사고,0,0,0,1,차대차 - 기타,안전운전불이행,건조,맑음,단일로 - 기타,승용,남,25세,부상신고,건설기계,남,51세,상해없음