사고번호,사고일시,요일,시군구,사고내용,사망자수,중상자수,경상자수,부상신고자수,사고유형,법규위반,노면상태,기상상태,도로형태,가해운전자 차종,가해운전자 성별,가해운전자 연령,가해운전자 상해정도,피해운전자 차종,피해운전자 성별,피해운전자 연령,피해운전자 상해정도
2019020200100175,2019년 2월 2일 09시,토요일,제주특별자치도 제주시 연동,부상신고사고,0,0,0,1,차대사람 - 기타,안전운전불이행,건조,맑음,단일로 - 기타,승용,남,27세,상해없음,보행자,여,25세,부상신고
2019020200100176,2019년 2월 2일 09시,토요일,제주특별자치도 제주시 노형동,부상신고사고,0,0,0,1,차대사람 - 기타,안전운전불이행,건조,맑음,교차로 - 교차로부근,승용,남,42세,상해없음,보행자,남,57세,부상신고
2019020200100253,2019년 2월 2일 12시,토요일,제주특별자치도 제주시 한림읍,경상사고,0,0,1,0,차대차 - 측면충돌,안전운전불이행,건조,맑음,단일로 - 기타,이륜,남,77세,경상,농기계,남,79세,상해없음
2019020200100315,2019년 2월 2일 14시,토요일,제주특별자치도 서귀포시 성산읍,경상사고,0,0,1,0,차대차 - 기타,교차로운행방법위반,건조,맑음,교차로 - 교차로부근,승합,남,34세,상해없음,화물,남,47세,경상
2019020200100356,2019년 2월 2일 15시,토요일,제주특별자치도 서귀포시 토평동,경상사고,0,0,1,0,차대사람 - 기타,안전운전불이행,건조,맑음,단일로 - 기타,승용,여,33세,상해없음,보행자,여,25세,경상
2019020200100427,2019년 2월 2일 17시,토요일,제주특별자치도 서귀포시 대포동,부상신고사고,0,0,0,1,차대차 - 기타,안전운전불이행,건조,맑음,교차로 - 교차로안,이륜,남,62세,부상신고,승용,여,36세,상해없음
2019020200100542,2019년 2월 2일 21시,토요일,제주특별자치도 제주시 연동,부상신고사고,0,0,0,2,차대차 - 기타,안전운전불이행,젖음/습기,흐림,단일로 - 기타,승용,남,50세,상해없음,승용,여,51세,상해없음
2019020200100559,2019년 2월 2일 22시,토요일,제주특별자치도 제주시 노형동,부상신고사고,0,0,0,1,차대차 - 추돌,안전운전불이행,건조,맑음,기타 - 기타,화물,남,41세,상해없음,이륜,남,51세,부상신고
2019020300100105,2019년 2월 3일 04시,일요일,제주특별자치도 제주시 일도이동,경상사고,0,0,1,0,차대차 - 정면충돌,중앙선침범,젖음/습기,비,교차로 - 교차로부근,승용,남,46세,상해없음,승용,남,36세,경상
2019020300100130,2019년 2월 3일 06시,일요일,제주특별자치도 제주시 애월읍,경상사고,0,0,1,0,차대사람 - 차도통행중,안전운전불이행,젖음/습기,비,단일로 - 기타,승용,남,60세,상해없음,보행자,남,32세,경상
2019020300100151,2019년 2월 3일 08시,일요일,제주특별자치도 서귀포시 동홍동,경상사고,0,0,1,0,차대차 - 기타,안전운전불이행,젖음/습기,비,교차로 - 교차로부근,승합,여,39세,상해없음,승용,여,61세,경상
2019020300100184,2019년 2월 3일 10시,일요일,제주특별자치도 제주시 내도동,경상사고,0,0,2,0,차대차 - 추돌,안전거리미확보,건조,맑음,교차로 - 교차로부근,승용,남,57세,상해없음,승용,남,47세,경상
2019020300100208,2019년 2월 3일 11시,일요일,제주특별자치도 서귀포시 강정동,부상신고사고,0,0,0,1,차대차 - 측면충돌,안전운전불이행,건조,맑음,단일로 - 기타,승용,여,48세,부상신고,화물,남,50세,상해없음
2019020300100274,2019년 2월 3일 14시,일요일,제주특별자치도 제주시 구좌읍,경상사고,0,0,2,0,차대차 - 측면충돌,과속,건조,흐림,단일로 - 기타,승용,남,26세,경상,승용,여,45세,상해없음
2019020300100381,2019년 2월 3일 18시,일요일,제주특별자치도 제주시 애월읍,중상사고,0,1,0,0,차대차 - 추돌,안전거리미확보,건조,맑음,단일로 - 기타,승용,남,31세,상해없음,승용,여,37세,중상
2019020300100444,2019년 2월 3일 20시,일요일,제주특별자치도 서귀포시 서귀동,경상사고,0,0,1,0,차대사람 - 기타,안전운전불이행,건조,맑음,단일로 - 기타,승용,여,52세,상해없음,보행자,남,57세,경상
2019020300100485,2019년 2월 3일 22시,일요일,제주특별자치도 제주시 일도일동,경상사고,0,0,5,0,차대차 - 측면충돌,중앙선침범,건조,맑음,교차로 - 교차로안,승용,남,29세,상해없음,승용,남,32세,경상
2019020400100083,2019년 2월 4일 07시,월요일,제주특별자치도 제주시 일도일동,경상사고,0,0,1,0,차대사람 - 기타,안전운전불이행,건조,맑음,교차로 - 교차로부근,승용,남,23세,상해없음,보행자,남,59세,경상
2019020400100101,2019년 2월 4일 09시,월요일,제주특별자치도 서귀포시 동홍동,경상사고,0,0,1,0,차대사람 - 기타,안전운전불이행,건조,맑음,주차장 - 주차장,승용,남,41세,상해없음,보행자,남,51세,경상
2019020400100102,2019년 2월 4일 09시,월요일,제주특별자치도 제주시 노형동,경상사고,0,0,1,0,차대차 - 추돌,안전거리미확보,건조,맑음,단일로 - 기타,승용,여,29세,상해없음,승용,여,35세,경상
2019020400100221,2019년 2월 4일 15시,월요일,제주특별자치도 제주시 아라일동,경상사고,0,0,1,0,차대사람 - 기타,안전운전불이행,건조,맑음,단일로 - 기타,승용,여,25세,상해없음,보행자,남,14세,경상
2019020400100262,2019년 2월 4일 17시,월요일,제주특별자치도 제주시 화북일동,경상사고,0,0,1,0,차대차 - 기타,안전거리미확보,건조,맑음,단일로 - 기타,승용,여,35세,상해없음,승용,남,58세,경상
2019020400100280,2019년 2월 4일 18시,월요일,제주특별자치도 서귀포시 남원읍,경상사고,0,0,1,0,차대차 - 기타,안전운전불이행,건조,맑음,단일로 - 기타,승용,남,58세,상해없음,자전거,여,9세,경상
2019020400100299,2019년 2월 4일 19시,월요일,제주특별자치도 제주시 조천읍,경상사고,0,0,3,0,차대차 - 추돌,안전거리미확보,건조,맑음,단일로 - 기타,승용,남,35세,상해없음,승용,남,65세,경상
2019020400100300,2019년 2월 4일 19시,월요일,제주특별자치도 제주시 한림읍,중상사고,0,1,0,0,차대사람 - 기타,안전운전불이행,건조,맑음,교차로 - 교차로부근,승용,남,35세,상해없음,보행자,남,52세,중상
2019020500100047,2019년 2월 5일 02시,화요일,제주특별자치도 제주시 구좌읍,중상사고,0,1,0,0,차량단독 - 도로외이탈 - 추락,안전운전불이행,건조,맑음,단일로 - 기타,화물,남,23세,중상,,,,
2019020500100093,2019년 2월 5일 10시,화요일,제주특별자치도 제주시 애월읍,경상사고,0,0,1,0,차대사람 - 기타,안전운전불이행,건조,맑음,단일로 - 기타,승용,남,28세,상해없음,보행자,남,32세,경상
2019020500100191,2019년 2월 5일 14시,화요일,제주특별자치도 제주시 용담이동,경상사고,0,0,1,0,차대차 - 측면충돌,신호위반,건조,맑음,교차로 - 교차로부근,승용,남,70세,상해없음,승용,남,42세,경상
2019020500100262,2019년 2월 5일 18시,화요일,제주특별자치도 제주시 화북이동,경상사고,0,0,5,0,차대차 - 추돌,안전거리미확보,건조,맑음,단일로 - 기타,승용,남,38세,상해없음,승용,여,36세,경상
2019020500100263,2019년 2월 5일 18시,화요일,제주특별자치도 서귀포시 표선면,경상사고,0,0,1,0,차량단독 - 기타,안전운전불이행,건조,맑음,단일로 - 기타,화물,남,61세,경상,,,,
2019020500100295,2019년 2월 5일 19시,화요일,제주특별자치도 제주시 노형동,경상사고,0,0,1,0,차대사람 - 기타,안전운전불이행,건조,맑음,단일로 - 기타,기타불명,기타불명,미분류,기타불명,보행자,남,30세,경상
2019020500100316,2019년 2월 5일 20시,화요일,제주특별자치도 제주시 이도이동,경상사고,0,0,1,0,차대차 - 측면충돌,안전운전불이행,건조,맑음,단일로 - 기타,승용,남,46세,상해없음,승용,여,64세,상해없음
2019020500100317,2019년 2월 5일 20시,화요일,제주특별자치도 서귀포시 중문동,경상사고,0,0,1,0,차대차 - 측면충돌,안전거리미확보,기타,맑음,단일로 - 기타,승용,남,64세,상해없음,승용,여,38세,경상
2019020500100346,2019년 2월 5일 22시,화요일,제주특별자치도 제주시 이도이동,경상사고,0,0,2,0,차대차 - 후진중충돌,안전운전불이행,건조,맑음,단일로 - 기타,승용,남,26세,상해없음,승용,남,43세,경상
2019020600100021,2019년 2월 6일 00시,수요일,제주특별자치도 서귀포시 서귀동,경상사고,0,0,1,1,차대차 - 측면충돌,교차로운행방법위반,건조,맑음,교차로 - 교차로안,승용,여,21세,경상,승용,남,37세,부상신고
2019020600100022,2019년 2월 6일 00시,수요일,제주특별자치도 제주시 노형동,경상사고,0,0,3,0,차대차 - 측면충돌,신호위반,건조,맑음,교차로 - 교차로안,승용,남,36세,상해없음,승용,여,47세,경상
2019020600100041,2019년 2월 6일 02시,수요일,제주특별자치도 제주시 이도일동,중상사고,0,1,0,0,차대사람 - 기타,안전운전불이행,건조,맑음,단일로 - 기타,승용,남,61세,상해없음,보행자,남,25세,중상
2019020600100147,2019년 2월 6일 13시,수요일,제주특별자치도 서귀포시 표선면,중상사고,0,1,1,0,차대차 - 측면충돌,안전운전불이행,건조,맑음,교차로 - 교차로부근,화물,남,53세,상해없음,승용,남,54세,상해없음
2019020600100148,2019년 2월 6일 13시,수요일,제주특별자치도 제주시 한림읍,경상사고,0,0,2,0,차대차 - 기타,직진우회전진행방해,건조,맑음,교차로 - 교차로안,승용,남,42세,상해없음,승용,여,36세,경상
2019020600100173,2019년 2월 6일 14시,수요일,제주특별자치도 서귀포시 서귀동,경상사고,0,0,7,0,차대차 - 기타,직진우회전진행방해,기타,맑음,교차로 - 교차로안,승용,남,45세,경상,승용,여,48세,경상
2019020600100192,2019년 2월 6일 15시,수요일,제주특별자치도 제주시 애월읍,사망사고,1,0,0,0,차대차 - 기타,중앙선침범,건조,맑음,단일로 - 기타,승용,남,74세,상해없음,이륜,여,79세,사망
2019020600100221,2019년 2월 6일 16시,수요일,제주특별자치도 제주시 애월읍,경상사고,0,0,1,0,차대차 - 추돌,안전거리미확보,건조,맑음,단일로 - 기타,승용,여,43세,상해없음,승용,남,41세,경상
2019020600100236,2019년 2월 6일 17시,수요일,제주특별자치도 제주시 일도이동,중상사고,0,1,0,0,차대사람 - 기타,안전운전불이행,건조,맑음,단일로 - 기타,승용,남,51세,상해없음,보행자,남,78세,중상
2019020600100263,2019년 2월 6일 18시,수요일,제주특별자치도 제주시 한림읍,경상사고,0,0,1,0,차대차 - 기타,안전운전불이행,건조,맑음,교차로 - 교차로안,화물,남,70세,상해없음,승용,남,23세,경상
2019020600100309,2019년 2월 6일 20시,수요일,제주특별자치도 제주시 이호이동,경상사고,0,0,1,0,차대차 - 측면충돌,안전거리미확보,건조,기타,단일로 - 기타,승용,남,71세,상해없음,승용,남,67세,경상
2019020600100347,2019년 2월 6일 22시,수요일,제주특별자치도 서귀포시 법환동,경상사고,0,0,2,0,차대차 - 측면충돌,교차로운행방법위반,건조,맑음,교차로 - 교차로안,승용,남,29세,경상,승용,남,24세,경상
2019020700100066,2019년 2월 7일 04시,목요일,제주특별자치도 서귀포시 동홍동,중상사고,0,2,1,1,차대차 - 기타,교차로운행방법위반,건조,맑음,교차로 - 교차로안,승용,여,71세,중상,승합,남,28세,상해없음
2019020700100131,2019년 2월 7일 08시,목요일,제주특별자치도 서귀포시 성산읍,경상사고,0,0,1,0,차대차 - 기타,안전운전불이행,건조,맑음,기타 - 기타,승용,남,66세,상해없음,승용,여,37세,상해없음
2019020700100158,2019년 2월 7일 09시,목요일,제주특별자치도 제주시 이도이동,경상사고,0,0,1,0,차대차 - 측면충돌,신호위반,건조,맑음,교차로 - 교차로안,승용,남,55세,상해없음,승용,남,30세,상해없음
2019020700100204,2019년 2월 7일 11시,목요일,제주특별자치도 제주시 노형동,경상사고,0,0,2,0,차대차 - 기타,직진우회전진행방해,건조,맑음,교차로 - 교차로안,승용,남,61세,상해없음,승용,여,41세,경상
2019020700100227,2019년 2월 7일 12시,목요일,제주특별자치도 제주시 용담이동,경상사고,0,0,7,0,차대차 - 추돌,안전거리미확보,젖음/습기,비,단일로 - 기타,화물,남,29세,상해없음,승용,남,44세,경상
2019020700100228,2019년 2월 7일 12시,목요일,제주특별자치도 제주시 한림읍,중상사고,0,1,0,0,차대차 - 기타,직진우회전진행방해,건조,맑음,교차로 - 교차로안,승용,남,45세,상해없음,이륜,여,67세,중상
2019020700100251,2019년 2월 7일 13시,목요일,제주특별자치도 제주시 일도이동,경상사고,0,0,1,0,차대차 - 기타,교차로운행방법위반,젖음/습기,비,교차로 - 교차로부근,이륜,남,35세,경상,승용,남,62세,상해없음
2019020700100252,2019년 2월 7일 13시,목요일,제주특별자치도 제주시 조천읍,경상사고,0,0,1,0,차대차 - 기타,안전운전불이행,젖음/습기,비,단일로 - 기타,승용,남,35세,상해없음,승용,남,34세,경상
2019020700100253,2019년 2월 7일 13시,목요일,제주특별자치도 제주시 연동,부상신고사고,0,0,0,1,차대차 - 기타,안전운전불이행,건조,맑음,단일로 - 기타,승용,여,67세,상해없음,승용,남,32세,부상신고
2019020700100351,2019년 2월 7일 16시,목요일,제주특별자치도 서귀포시 동홍동,경상사고,0,0,3,0,차대차 - 기타,안전운전불이행,젖음/습기,흐림,단일로 - 기타,화물,남,27세,상해없음,승합,여,38세,경상
2019020700100429,2019년 2월 7일 18시,목요일,제주특별자치도 서귀포시 신효동,경상사고,0,0,1,0,차대사람 - 기타,중앙선침범,건조,맑음,교차로 - 교차로안,승용,여,32세,상해없음,보행자,여,61세,경상
2019020700100462,2019년 2월 7일 19시,목요일,제주특별자치도 제주시 한림읍,경상사고,0,0,1,0,차대사람 - 횡단중,보행자보호의무위반,건조,맑음,교차로 - 교차로횡단보도내,승용,여,40세,상해없음,보행자,여,26세,경상
2019020700100463,2019년 2월 7일 19시,목요일,제주특별자치도 제주시 도두일동,경상사고,0,0,1,0,차대차 - 측면충돌,안전운전불이행,건조,맑음,단일로 - 기타,승용,남,61세,상해없음,승용,여,53세,경상
2019020700100536,2019년 2월 7일 23시,목요일,제주특별자치도 제주시 아라일동,중상사고,0,1,1,0,차대차 - 추돌,안전운전불이행,건조,맑음,교차로 - 교차로부근,승용,남,70세,상해없음,승용,남,39세,경상
2019020800100023,2019년 2월 8일 00시,금요일,제주특별자치도 제주시 노형동,중상사고,0,2,0,0,차대차 - 측면충돌,신호위반,건조,맑음,교차로 - 교차로안,승용,남,31세,상해없음,승용,여,47세,중상
2019020800100037,2019년 2월 8일 02시,금요일,제주특별자치도 제주시 일도이동,경상사고,0,0,1,0,차대차 - 추돌,안전거리미확보,건조,맑음,단일로 - 기타,승용,남,30세,상해없음,승용,여,64세,경상
2019020800100068,2019년 2월 8일 06시,금요일,제주특별자치도 제주시 한림읍,중상사고,0,2,1,0,차대차 - 측면충돌,기타,건조,맑음,교차로 - 교차로안,승용,남,33세,중상,승용,여,55세,경상
2019020800100173,2019년 2월 8일 11시,금요일,제주특별자치도 제주시 노형동,경상사고,0,0,1,0,차대차 - 기타,안전운전불이행,건조,맑음,단일로 - 기타,승용,남,64세,상해없음,이륜,남,23세,경상
2019020800100199,2019년 2월 8일 12시,금요일,제주특별자치도 제주시 아라일동,경상사고,0,0,2,0,차대차 - 측면충돌,교차로운행방법위반,건조,맑음,교차로 - 교차로안,승용,여,30세,상해없음,승용,여,41세,경상
2019020800100239,2019년 2월 8일 13시,금요일,제주특별자치도 제주시 도남동,경상사고,0,0,1,0,차대사람 - 횡단중,안전운전불이행,건조,맑음,단일로 - 기타,승용,여,45세,상해없음,보행자,여,65세,경상
2019020800100292,2019년 2월 8일 15시,금요일,제주특별자치도 제주시 노형동,경상사고,0,0,1,0,차대차 - 기타,신호위반,건조,맑음,교차로 - 교차로부근,승용,남,32세,상해없음,승용,남,30세,상해없음
2019020900100042,2019년 2월 9일 01시,토요일,제주특별자치도 제주시 노형동,경상사고,0,0,2,0,차대차 - 추돌,안전운전불이행,건조,맑음,단일로 - 기타,승용,여,28세,상해없음,승용,남,53세,경상
2019020900100090,2019년 2월 9일 06시,토요일,제주특별자치도 서귀포시 대정읍,경상사고,0,0,1,0,차대차 - 추돌,안전운전불이행,서리/결빙,눈,단일로 - 기타,화물,남,53세,상해없음,승용,남,48세,상해없음
2019020900100112,2019년 2월 9일 08시,토요일,제주특별자치도 제주시 아라일동,중상사고,0,1,0,0,차대차 - 기타,중앙선침범,서리/결빙,흐림,단일로 - 기타,승용,남,32세,상해없음,승용,남,31세,중상
2019020900100136,2019년 2월 9일 09시,토요일,제주특별자치도 제주시 이도이동,중상사고,0,1,0,0,차대차 - 기타,안전운전불이행,건조,맑음,교차로 - 교차로안,승용,남,28세,상해없음,자전거,남,33세,중상
2019020900100172,2019년 2월 9일 11시,토요일,제주특별자치도 서귀포시 성산읍,중상사고,0,1,2,1,차대차 - 기타,신호위반,건조,맑음,교차로 - 교차로안,승용,남,18세,상해없음,승용,남,49세,경상
2019020900100173,2019년 2월 9일 11시,토요일,제주특별자치도 서귀포시 표선면,경상사고,0,0,1,0,차대차 - 기타,직진우회전진행방해,건조,맑음,교차로 - 교차로안,승용,여,43세,경상,승용,남,71세,상해없음
2019020900100207,2019년 2월 9일 12시,토요일,제주특별자치도 제주시 이도이동,경상사고,0,0,1,0,차대차 - 기타,신호위반,건조,맑음,교차로 - 교차로부근,화물,남,64세,상해없음,승용,여,27세,경상
2019020900100208,2019년 2월 9일 12시,토요일,제주특별자치도 제주시 이호일동,경상사고,0,0,1,2,차대차 - 추돌,안전거리미확보,건조,맑음,단일로 - 기타,승용,여,34세,부상신고,승용,남,34세,경상
2019020900100256,2019년 2월 9일 14시,토요일,제주특별자치도 제주시 이도이동,경상사고,0,0,1,1,차대차 - 기타,직진우회전진행방해,건조,맑음,교차로 - 교차로안,승용,여,47세,부상신고,승용,남,45세,경상
2019020900100304,2019년 2월 9일 16시,토요일,제주특별자치도 제주시 노형동,부상신고사고,0,0,0,1,차대사람 - 횡단중,안전운전불이행,건조,맑음,단일로 - 기타,승용,여,29세,상해없음,보행자,여,10세,부상신고
2019020900100305,2019년 2월 9일 16시,토요일,제주특별자치도 제주시 도두이동,경상사고,0,0,3,0,차대차 - 기타,직진우회전진행방해,건조,맑음,교차로 - 교차로안,승용,여,74세,상해없음,승용,여,42세,경상
2019020900100325,2019년 2월 9일 17시,토요일,제주특별자치도 제주시 애월읍,경상사고,0,0,1,0,차대차 - 측면충돌,안전운전불이행,건조,맑음,교차로 - 교차로안,승용,남,41세,상해없음,승용,남,38세,경상
2019020900100419,2019년 2월 9일 21시,토요일,제주특별자치도 제주시 해안동,경상사고,0,0,1,0,차대차 - 측면충돌,안전거리미확보,건조,맑음,단일로 - 기타,승용,여,19세,상해없음,승용,남,42세,경상
2019020900100456,2019년 2월 9일 23시,토요일,제주특별자치도 제주시 용담삼동,경상사고,0,0,1,0,차대차 - 기타,안전운전불이행,건조,맑음,단일로 - 기타,승용,여,29세,상해없음,승용,남,19세,경상
2019021000100068,2019년 2월 10일 04시,일요일,제주특별자치도 서귀포시 서귀동,부상신고사고,0,0,0,1,차량단독 - 공작물충돌,안전운전불이행,건조,맑음,교차로 - 교차로안,승용,여,45세,부상신고,,,,
2019021000100076,2019년 2월 10일 05시,일요일,제주특별자치도 서귀포시 안덕면,경상사고,0,0,3,0,차대차 - 기타,안전운전불이행,건조,맑음,교차로 - 교차로부근,화물,남,61세,상해없음,승용,남,42세,경상
2019021000100126,2019년 2월 10일 10시,일요일,제주특별자치도 제주시 연동,경상사고,0,0,2,0,차대차 - 측면충돌,안전운전불이행,건조,맑음,교차로 - 교차로부근,승용,남,49세,상해없음,승용,남,38세,경상
2019021000100240,2019년 2월 10일 17시,일요일,제주특별자치도 제주시 일도이동,중상사고,0,1,0,0,차대사람 - 기타,안전운전불이행,건조,맑음,교차로 - 교차로횡단보도내,승용,남,67세,상해없음,보행자,남,49세,중상
2019021000100270,2019년 2월 10일 18시,일요일,제주특별자치도 제주시 노형동,경상사고,0,0,1,0,차대차 - 추돌,안전운전불이행,건조,맑음,교차로 - 교차로부근,승용,남,52세,상해없음,승용,여,59세,경상
2019021000100360,2019년 2월 10일 23시,일요일,제주특별자치도 제주시 일도이동,경상사고,0,0,1,0,차대차 - 추돌,안전운전불이행,건조,맑음,교차로 - 교차로부근,승용,남,50세,상해없음,승용,여,52세,경상
2019021100100040,2019년 2월 11일 03시,월요일,제주특별자치도 제주시 용담이동,경상사고,0,0,2,0,차대차 - 추돌,안전운전불이행,건조,맑음,단일로 - 기타,승용,여,42세,상해없음,승용,남,47세,경상
2019021100100069,2019년 2월 11일 06시,월요일,제주특별자치도 제주시 한경면,중상사고,0,1,0,0,차대차 - 기타,중앙선침범,건조,맑음,단일로 - 기타,승합,여,46세,상해없음,화물,남,47세,중상
2019021100100082,2019년 2월 11일 07시,월요일,제주특별자치도 제주시 애월읍,경상사고,0,0,1,0,차대차 - 기타,안전운전불이행,건조,맑음,단일로 - 기타,농기계,남,81세,상해없음,승용,여,48세,상해없음
2019021100100147,2019년 2월 11일 09시,월요일,제주특별자치도 제주시 월평동,경상사고,0,0,1,0,차대차 - 측면충돌,안전운전불이행,건조,맑음,단일로 - 기타,승용,여,34세,상해없음,승용,남,35세,경상
2019021100100148,2019년 2월 11일 09시,월요일,제주특별자치도 제주시 일도이동,경상사고,0,0,2,0,차대차 - 기타,안전거리미확보,건조,맑음,교차로 - 교차로부근,승용,여,41세,상해없음,승용,여,33세,경상
2019021100100168,2019년 2월 11일 10시,월요일,제주특별자치도 제주시 아라일동,경상사고,0,0,1,0,차대차 - 기타,차로위반,건조,맑음,단일로 - 기타,승용,남,46세,상해없음,승합,남,55세,상해없음
2019021100100202,2019년 2월 11일 11시,월요일,제주특별자치도 제주시 화북이동,경상사고,0,0,2,0,차대차 - 측면충돌,신호위반,건조,맑음,교차로 - 교차로부근,승용,남,80세,경상,화물,남,29세,경상
2019021100100283,2019년 2월 11일 14시,월요일,제주특별자치도 제주시 노형동,중상사고,0,1,0,0,차대차 - 기타,기타,건조,맑음,단일로 - 기타,승용,남,36세,상해없음,자전거,남,44세,중상
2019021100100284,2019년 2월 11일 14시,월요일,제주특별자치도 제주시 한경면,경상사고,0,0,2,0,차대차 - 측면충돌,신호위반,건조,맑음,교차로 - 교차로안,승용,여,46세,상해없음,승용,여,54세,경상
2019021100100347,2019년 2월 11일 16시,월요일,제주특별자치도 제주시 연동,경상사고,0,0,1,0,차대차 - 측면충돌,안전거리미확보,건조,맑음,단일로 - 기타,승용,남,41세,상해없음,승용,남,32세,경상
2019021100100515,2019년 2월 11일 21시,월요일,제주특별자치도 서귀포시 서귀동,중상사고,0,1,0,0,차대사람 - 기타,안전운전불이행,건조,맑음,교차로 - 교차로부근,승용,여,51세,상해없음,보행자,여,45세,중상
2019021100100533,2019년 2월 11일 22시,월요일,제주특별자치도 서귀포시 서귀동,중상사고,0,3,4,0,차대차 - 측면충돌,중앙선침범,건조,맑음,단일로 - 기타,승용,남,37세,경상,승합,남,44세,중상
2019021200100114,2019년 2월 12일 08시,화요일,제주특별자치도 제주시 화북일동,경상사고,0,0,1,0,차대차 - 측면충돌,안전거리미확보,건조,맑음,단일로 - 기타,특수,남,40세,상해없음,승용,남,36세,경상
2019021200100115,2019년 2월 12일 08시,화요일,제주특별자치도 서귀포시 안덕면,중상사고,0,1,1,0,차대차 - 정면충돌,교차로운행방법위반,건조,맑음,교차로 - 교차로안,화물,남,52세,상해없음,승용,여,66세,중상
2019021200100221,2019년 2월 12일 11시,화요일,제주특별자치도 제주시 이도이동,경상사고,0,0,2,0,차대차 - 정면충돌,신호위반,건조,맑음,교차로 - 교차로안,승용,여,42세,상해없음,승용,남,57세,경상
2019021200100222,2019년 2월 12일 11시,화요일,제주특별자치도 제주시 애월읍,사망사고,1,0,0,0,차대사람 - 기타,안전운전불이행,건조,맑음,주차장 - 주차장,승용,남,55세,상해없음,보행자,남,60세,사망
2019021200100246,2019년 2월 12일 12시,화요일,제주특별자치도 제주시 연동,부상신고사고,0,0,0,1,차대차 - 측면충돌,안전운전불이행,건조,맑음,단일로 - 기타,승용,남,54세,부상신고,승용,남,62세,상해없음
2019021200100458,2019년 2월 12일 19시,화요일,제주특별자치도 서귀포시 서귀동,경상사고,0,0,1,0,차대사람 - 길가장자리구역통행중,안전운전불이행,건조,맑음,기타 - 기타,화물,남,49세,상해없음,보행자,여,22세,경상
2019021200100476,2019년 2월 12일 20시,화요일,제주특별자치도 제주시 이도이동,중상사고,0,1,0,0,차대차 - 추돌,안전거리미확보,건조,맑음,교차로 - 교차로부근,승용,남,67세,상해없음,승용,남,68세,중상
2019021200100500,2019년 2월 12일 21시,화요일,제주특별자치도 제주시 연동,경상사고,0,0,1,0,차대차 - 추돌,안전운전불이행,건조,맑음,교차로 - 교차로부근,승용,여,24세,상해없음,승용,남,46세,경상
2019021300100128,2019년 2월 13일 08시,수요일,제주특별자치도 서귀포시 동홍동,경상사고,0,0,1,0,차대사람 - 횡단중,안전운전불이행,건조,맑음,단일로 - 기타,화물,남,35세,상해없음,보행자,남,41세,경상
2019021300100129,2019년 2월 13일 08시,수요일,제주특별자치도 제주시 용담이동,경상사고,0,0,3,0,차대차 - 측면충돌,교차로운행방법위반,건조,맑음,교차로 - 교차로안,승합,남,65세,상해없음,승용,남,36세,경상
2019021300100163,2019년 2월 13일 09시,수요일,제주특별자치도 제주시 노형동,경상사고,0,0,1,0,차대차 - 기타,안전운전불이행,건조,맑음,교차로 - 교차로안,승용,남,62세,상해없음,승용,여,37세,경상
2019021300100299,2019년 2월 13일 14시,수요일,제주특별자치도 제주시 오등동,중상사고,0,1,3,0,차대차 - 측면충돌,직진우회전진행방해,건조,맑음,교차로 - 교차로안,승용,여,45세,중상,승용,여,81세,경상
2019021300100300,2019년 2월 13일 14시,수요일,제주특별자치도 서귀포시 서귀동,경상사고,0,0,2,0,차대차 - 기타,교차로운행방법위반,건조,맑음,교차로 - 교차로안,승용,여,34세,상해없음,특수,남,28세,경상
2019021300100301,2019년 2월 13일 14시,수요일,제주특별자치도 서귀포시 서홍동,경상사고,0,0,1,0,차대차 - 기타,중앙선침범,건조,맑음,교차로 - 교차로부근,승용,남,32세,상해없음,승용,남,67세,경상
2019021300100336,2019년 2월 13일 15시,수요일,제주특별자치도 제주시 한림읍,중상사고,0,1,0,0,차대차 - 측면충돌,안전운전불이행,건조,맑음,단일로 - 기타,승용,남,60세,상해없음,이륜,남,20세,중상
2019021300100337,2019년 2월 13일 15시,수요일,제주특별자치도 제주시 용담이동,부상신고사고,0,0,0,3,차대차 - 추돌,직진우회전진행방해,건조,맑음,교차로 - 교차로안,승용,여,69세,부상신고,승용,여,45세,부상신고
2019021300100390,2019년 2월 13일 17시,수요일,제주특별자치도 서귀포시 서호동,중상사고,0,1,0,0,차대차 - 추돌,안전거리미확보,건조,맑음,교차로 - 교차로부근,화물,남,55세,상해없음,승용,여,58세,중상
2019021300100437,2019년 2월 13일 18시,수요일,제주특별자치도 서귀포시 동홍동,중상사고,0,1,0,0,차대차 - 기타,안전운전불이행,건조,맑음,교차로 - 교차로부근,승용,남,28세,상해없음,이륜,남,43세,중상
2019021300100513,2019년 2월 13일 20시,수요일,제주특별자치도 제주시 이도이동,경상사고,0,0,1,0,차대차 - 측면충돌,신호위반,건조,맑음,교차로 - 교차로안,승용,여,52세,상해없음,승용,여,30세,경상
2019021300100573,2019년 2월 13일 23시,수요일,제주특별자치도 제주시 이도이동,경상사고,0,0,1,0,차대사람 - 기타,안전운전불이행,건조,맑음,단일로 - 기타,승용,여,60세,상해없음,보행자,여,38세,경상
2019021400100055,2019년 2월 14일 05시,목요일,제주특별자치도 제주시 이도이동,경상사고,0,0,1,0,차대차 - 측면충돌,신호위반,건조,맑음,교차로 - 교차로안,승용,여,56세,상해없음,이륜,남,68세,경상