사고번호,사고일시,요일,시군구,사고내용,사망자수,중상자수,경상자수,부상신고자수,사고유형,법규위반,노면상태,기상상태,도로형태,가해운전자 차종,가해운전자 성별,가해운전자 연령,가해운전자 상해정도,피해운전자 차종,피해운전자 성별,피해운전자 연령,피해운전자 상해정도
2019022400100133,2019년 2월 24일 11시,일요일,제주특별자치도 제주시 이호이동,중상사고,0,1,0,0,차대사람 - 기타,안전운전불이행,건조,맑음,단일로 - 기타,승용,남,26세,상해없음,보행자,여,80세,중상
2019022400100134,2019년 2월 24일 11시,일요일,제주특별자치도 제주시 용담이동,경상사고,0,0,1,0,차대차 - 추돌,안전운전불이행,건조,맑음,단일로 - 기타,승용,여,63세,상해없음,화물,남,45세,경상
2019022400100200,2019년 2월 24일 13시,일요일,제주특별자치도 제주시 구좌읍,중상사고,0,1,0,0,차대차 - 추돌,교차로운행방법위반,건조,맑음,교차로 - 교차로안,승용,여,19세,상해없음,승용,여,36세,중상
2019022400100201,2019년 2월 24일 13시,일요일,제주특별자치도 제주시 애월읍,중상사고,0,1,0,0,차대차 - 측면충돌,안전운전불이행,건조,맑음,교차로 - 교차로부근,승용,남,43세,상해없음,농기계,남,78세,중상
2019022400100255,2019년 2월 24일 15시,일요일,제주특별자치도 제주시 노형동,경상사고,0,0,1,0,차대차 - 추돌,안전운전불이행,건조,맑음,기타 - 기타,승용,남,63세,상해없음,승용,남,35세,경상
2019022400100283,2019년 2월 24일 16시,일요일,제주특별자치도 제주시 용담이동,경상사고,0,0,1,0,차대차 - 측면충돌,안전운전불이행,건조,맑음,단일로 - 기타,승용,남,28세,상해없음,이륜,남,27세,경상
2019022400100313,2019년 2월 24일 17시,일요일,제주특별자치도 제주시 노형동,경상사고,0,0,1,0,차대차 - 추돌,안전운전불이행,건조,맑음,단일로 - 기타,승용,남,65세,상해없음,승용,남,55세,경상
2019022400100337,2019년 2월 24일 18시,일요일,제주특별자치도 제주시 건입동,중상사고,0,1,0,0,차대사람 - 기타,기타,건조,맑음,단일로 - 기타,승합,남,46세,상해없음,보행자,여,53세,중상
2019022400100338,2019년 2월 24일 18시,일요일,제주특별자치도 제주시 아라이동,중상사고,0,1,2,0,차대차 - 측면충돌,교차로운행방법위반,건조,맑음,교차로 - 교차로안,승용,남,33세,상해없음,승용,남,56세,경상
2019022400100339,2019년 2월 24일 18시,일요일,제주특별자치도 서귀포시 도순동,경상사고,0,0,1,0,차대차 - 기타,기타,건조,흐림,기타 - 기타,승용,남,62세,상해없음,이륜,여,54세,경상
2019022500100058,2019년 2월 25일 05시,월요일,제주특별자치도 제주시 연동,경상사고,0,0,1,0,차대차 - 측면충돌,중앙선침범,건조,맑음,교차로 - 교차로부근,승용,남,63세,상해없음,화물,남,42세,경상
2019022500100118,2019년 2월 25일 08시,월요일,제주특별자치도 제주시 연동,경상사고,0,0,1,0,차대차 - 측면충돌,안전거리미확보,건조,맑음,교차로 - 교차로부근,승용,남,57세,상해없음,승용,남,26세,경상
2019022500100144,2019년 2월 25일 09시,월요일,제주특별자치도 제주시 구좌읍,부상신고사고,0,0,0,1,차대차 - 측면충돌,안전운전불이행,건조,맑음,교차로 - 교차로안,이륜,여,63세,부상신고,승용,남,49세,상해없음
2019022500100145,2019년 2월 25일 09시,월요일,제주특별자치도 제주시 일도이동,경상사고,0,0,1,0,차대차 - 측면충돌,직진우회전진행방해,건조,맑음,교차로 - 교차로안,승용,남,38세,상해없음,승용,남,23세,경상
2019022500100218,2019년 2월 25일 11시,월요일,제주특별자치도 제주시 애월읍,경상사고,0,0,1,0,차대사람 - 횡단중,안전운전불이행,건조,맑음,단일로 - 기타,승용,남,36세,상해없음,보행자,남,7세,경상
2019022500100284,2019년 2월 25일 13시,월요일,제주특별자치도 제주시 구좌읍,중상사고,0,1,3,0,차대차 - 측면충돌,교차로운행방법위반,건조,맑음,교차로 - 교차로안,승용,남,23세,경상,승용,여,56세,중상
2019022500100359,2019년 2월 25일 15시,월요일,제주특별자치도 제주시 건입동,경상사고,0,0,1,0,차대차 - 측면충돌,차로위반,건조,맑음,단일로 - 기타,승용,여,42세,경상,승용,여,38세,상해없음
2019022500100381,2019년 2월 25일 16시,월요일,제주특별자치도 서귀포시 서홍동,중상사고,0,1,0,0,차대사람 - 횡단중,보행자보호의무위반,건조,맑음,교차로 - 교차로횡단보도내,승용,남,54세,상해없음,보행자,남,63세,중상
2019022500100422,2019년 2월 25일 17시,월요일,제주특별자치도 제주시 외도일동,중상사고,0,1,0,0,차대사람 - 보도통행중,보행자보호의무위반,건조,맑음,교차로 - 교차로부근,화물,남,58세,상해없음,보행자,여,57세,중상
2019022500100423,2019년 2월 25일 17시,월요일,제주특별자치도 제주시 한림읍,부상신고사고,0,0,0,1,차대차 - 기타,교차로운행방법위반,건조,맑음,교차로 - 교차로안,이륜,남,36세,부상신고,승용,남,49세,상해없음
2019022500100540,2019년 2월 25일 20시,월요일,제주특별자치도 제주시 도두일동,경상사고,0,0,1,0,차대사람 - 기타,안전운전불이행,건조,맑음,단일로 - 기타,승용,남,54세,상해없음,보행자,남,41세,경상
2019022600100151,2019년 2월 26일 09시,화요일,제주특별자치도 제주시 조천읍,경상사고,0,0,1,0,차대차 - 측면충돌,안전운전불이행,건조,맑음,단일로 - 기타,승용,남,29세,상해없음,승용,여,44세,경상
2019022600100208,2019년 2월 26일 11시,화요일,제주특별자치도 제주시 봉개동,경상사고,0,0,2,0,차대차 - 추돌,안전운전불이행,건조,맑음,단일로 - 기타,화물,남,39세,상해없음,화물,남,55세,경상
2019022600100274,2019년 2월 26일 13시,화요일,제주특별자치도 제주시 해안동,경상사고,0,0,1,0,차대차 - 추돌,교차로운행방법위반,건조,맑음,교차로 - 교차로부근,승용,남,34세,상해없음,승용,여,51세,경상
2019022600100302,2019년 2월 26일 14시,화요일,제주특별자치도 제주시 이도이동,경상사고,0,0,1,0,차대사람 - 횡단중,안전운전불이행,건조,맑음,단일로 - 기타,승용,남,33세,상해없음,보행자,여,33세,경상
2019022600100371,2019년 2월 26일 16시,화요일,제주특별자치도 서귀포시 성산읍,중상사고,0,1,0,0,차대차 - 측면충돌,교차로운행방법위반,건조,맑음,교차로 - 교차로안,승용,남,38세,상해없음,이륜,남,52세,중상
2019022600100539,2019년 2월 26일 22시,화요일,제주특별자치도 서귀포시 동홍동,중상사고,0,1,0,0,차대차 - 추돌,안전거리미확보,건조,맑음,단일로 - 기타,승용,남,25세,상해없음,승용,남,69세,중상
2019022600100572,2019년 2월 26일 23시,화요일,제주특별자치도 서귀포시 안덕면,경상사고,0,0,3,0,차대차 - 측면충돌,중앙선침범,건조,맑음,교차로 - 교차로부근,승용,남,57세,상해없음,승합,남,38세,경상
2019022700100024,2019년 2월 27일 00시,수요일,제주특별자치도 제주시 애월읍,경상사고,0,0,1,0,차대차 - 기타,신호위반,건조,맑음,교차로 - 교차로안,승용,남,44세,상해없음,승용,남,49세,상해없음
2019022700100038,2019년 2월 27일 01시,수요일,제주특별자치도 제주시 일도일동,경상사고,0,0,2,0,차대차 - 기타,신호위반,건조,맑음,교차로 - 교차로안,승용,여,35세,상해없음,승용,남,52세,경상
2019022700100141,2019년 2월 27일 09시,수요일,제주특별자치도 서귀포시 남원읍,중상사고,0,1,0,0,차대차 - 후진중충돌,안전운전불이행,건조,맑음,교차로 - 교차로부근,화물,남,67세,상해없음,이륜,여,70세,중상
2019022700100176,2019년 2월 27일 10시,수요일,제주특별자치도 제주시 조천읍,경상사고,0,0,1,0,차대차 - 측면충돌,안전운전불이행,건조,맑음,단일로 - 기타,승용,남,34세,경상,승용,남,23세,상해없음
2019022700100208,2019년 2월 27일 11시,수요일,제주특별자치도 서귀포시 남원읍,중상사고,0,1,0,0,차대사람 - 기타,안전운전불이행,젖음/습기,비,단일로 - 기타,화물,남,66세,상해없음,보행자,남,42세,중상
2019022700100243,2019년 2월 27일 12시,수요일,제주특별자치도 제주시 삼도일동,경상사고,0,0,1,0,차대사람 - 기타,안전운전불이행,젖음/습기,비,단일로 - 기타,화물,남,37세,상해없음,보행자,여,39세,경상
2019022700100263,2019년 2월 27일 13시,수요일,제주특별자치도 서귀포시 성산읍,중상사고,0,2,0,0,차대차 - 측면충돌,직진우회전진행방해,건조,맑음,교차로 - 교차로안,승용,여,21세,상해없음,승용,여,41세,중상
2019022700100264,2019년 2월 27일 13시,수요일,제주특별자치도 서귀포시 동홍동,중상사고,0,1,0,0,차대사람 - 기타,기타,건조,맑음,단일로 - 기타,승합,남,80세,상해없음,보행자,여,8세,중상
2019022700100288,2019년 2월 27일 14시,수요일,제주특별자치도 서귀포시 동홍동,경상사고,0,0,1,0,차대사람 - 횡단중,보행자보호의무위반,건조,맑음,단일로 - 기타,화물,남,46세,상해없음,보행자,남,65세,경상
2019022700100353,2019년 2월 27일 16시,수요일,제주특별자치도 제주시 화북일동,경상사고,0,0,1,0,차대차 - 기타,직진우회전진행방해,건조,맑음,교차로 - 교차로안,자전거,남,8세,경상,승용,남,56세,상해없음
2019022700100354,2019년 2월 27일 16시,수요일,제주특별자치도 제주시 용담이동,경상사고,0,0,1,0,차대차 - 측면충돌,안전운전불이행,젖음/습기,비,교차로 - 교차로안,승용,남,35세,상해없음,자전거,남,65세,경상
2019022700100389,2019년 2월 27일 17시,수요일,제주특별자치도 서귀포시 서귀동,중상사고,0,1,0,0,차대사람 - 기타,안전운전불이행,건조,맑음,단일로 - 기타,승용,남,51세,상해없음,보행자,여,64세,중상
2019022700100390,2019년 2월 27일 17시,수요일,제주특별자치도 제주시 연동,경상사고,0,0,1,0,차대차 - 기타,직진우회전진행방해,젖음/습기,비,교차로 - 교차로안,승용,남,38세,상해없음,승용,여,38세,경상
2019022700100440,2019년 2월 27일 18시,수요일,제주특별자치도 제주시 조천읍,경상사고,0,0,1,0,차대차 - 측면충돌,안전거리미확보,젖음/습기,비,단일로 - 기타,승용,여,54세,상해없음,승용,여,55세,경상
2019022700100441,2019년 2월 27일 18시,수요일,제주특별자치도 서귀포시 성산읍,경상사고,0,0,1,0,차대차 - 추돌,안전거리미확보,젖음/습기,비,교차로 - 교차로부근,승용,남,26세,상해없음,이륜,여,19세,경상
2019022700100508,2019년 2월 27일 20시,수요일,제주특별자치도 제주시 일도이동,경상사고,0,0,1,0,차대사람 - 횡단중,보행자보호의무위반,젖음/습기,비,교차로 - 교차로횡단보도내,승용,여,56세,상해없음,보행자,여,25세,경상
2019022800100052,2019년 2월 28일 01시,목요일,제주특별자치도 제주시 연동,부상신고사고,0,0,0,1,차대차 - 기타,안전운전불이행,건조,맑음,교차로 - 교차로안,화물,남,51세,부상신고,승합,남,22세,상해없음
2019022800100219,2019년 2월 28일 11시,목요일,제주특별자치도 제주시 애월읍,중상사고,0,1,1,0,차대차 - 기타,직진우회전진행방해,건조,맑음,교차로 - 교차로안,화물,남,71세,중상,승합,남,41세,경상
2019022800100220,2019년 2월 28일 11시,목요일,제주특별자치도 제주시 연동,경상사고,0,0,1,0,차대차 - 기타,안전운전불이행,건조,맑음,교차로 - 교차로안,화물,남,36세,상해없음,승용,남,43세,경상
2019022800100323,2019년 2월 28일 14시,목요일,제주특별자치도 제주시 이도일동,경상사고,0,0,1,0,차대차 - 추돌,안전거리미확보,건조,맑음,단일로 - 기타,승용,여,49세,상해없음,승용,여,44세,경상
2019022800100324,2019년 2월 28일 14시,목요일,제주특별자치도 제주시 용담이동,경상사고,0,0,1,0,차대사람 - 기타,안전운전불이행,건조,맑음,교차로 - 교차로안,승용,여,60세,상해없음,보행자,여,79세,경상
2019022800100354,2019년 2월 28일 15시,목요일,제주특별자치도 서귀포시 서귀동,중상사고,0,1,0,0,차대사람 - 기타,안전운전불이행,기타,맑음,기타 - 기타,승용,여,66세,상해없음,보행자,여,2세,중상
2019022800100391,2019년 2월 28일 16시,목요일,제주특별자치도 제주시 조천읍,경상사고,0,0,1,0,차대차 - 측면충돌,안전운전불이행,건조,맑음,단일로 - 기타,화물,남,49세,상해없음,승용,남,41세,상해없음
2019022800100392,2019년 2월 28일 16시,목요일,제주특별자치도 서귀포시 토평동,경상사고,0,0,1,0,차대차 - 추돌,안전운전불이행,건조,맑음,단일로 - 기타,승용,남,74세,상해없음,승용,여,47세,상해없음
2019022800100393,2019년 2월 28일 16시,목요일,제주특별자치도 제주시 한림읍,경상사고,0,0,2,2,차대차 - 측면충돌,신호위반,건조,맑음,교차로 - 교차로안,승용,남,60세,부상신고,승용,남,50세,경상
2019022800100462,2019년 2월 28일 18시,목요일,제주특별자치도 제주시 건입동,경상사고,0,0,2,2,차대차 - 추돌,안전거리미확보,건조,맑음,단일로 - 기타,화물,남,60세,상해없음,승용,남,36세,경상
2019022800100582,2019년 2월 28일 21시,목요일,제주특별자치도 제주시 도련일동,중상사고,0,1,0,0,차대사람 - 횡단중,보행자보호의무위반,건조,맑음,단일로 - 기타,승용,여,60세,상해없음,보행자,남,45세,중상
2019022800100583,2019년 2월 28일 21시,목요일,제주특별자치도 제주시 일도일동,경상사고,0,0,3,0,차대차 - 추돌,안전운전불이행,건조,맑음,교차로 - 교차로부근,화물,남,61세,상해없음,승용,여,21세,경상
2019030100100043,2019년 3월 1일 00시,금요일,제주특별자치도 제주시 노형동,경상사고,0,0,1,0,차대사람 - 기타,안전운전불이행,건조,맑음,단일로 - 기타,승용,남,51세,상해없음,보행자,여,25세,경상
2019030100100081,2019년 3월 1일 03시,금요일,제주특별자치도 서귀포시 대정읍,경상사고,0,0,1,0,차량단독 - 공작물충돌,안전운전불이행,건조,맑음,교차로 - 교차로안,승용,여,61세,경상,,,,
2019030100100099,2019년 3월 1일 05시,금요일,제주특별자치도 서귀포시 안덕면,중상사고,0,1,1,1,차대차 - 측면충돌,직진우회전진행방해,건조,맑음,교차로 - 교차로안,화물,남,34세,부상신고,승용,남,29세,상해없음
2019030100100139,2019년 3월 1일 08시,금요일,제주특별자치도 제주시 애월읍,경상사고,0,0,2,0,차대차 - 측면충돌,교차로운행방법위반,건조,맑음,교차로 - 교차로안,승용,남,75세,상해없음,화물,남,35세,경상
2019030100100196,2019년 3월 1일 11시,금요일,제주특별자치도 제주시 연동,경상사고,0,0,1,0,차대사람 - 기타,보행자보호의무위반,건조,맑음,교차로 - 교차로횡단보도내,승용,남,50세,상해없음,보행자,여,66세,경상
2019030100100197,2019년 3월 1일 11시,금요일,제주특별자치도 제주시 오라삼동,경상사고,0,0,1,1,차대차 - 측면충돌,안전운전불이행,건조,맑음,교차로 - 교차로안,승용,여,53세,부상신고,승용,여,22세,상해없음
2019030100100279,2019년 3월 1일 14시,금요일,제주특별자치도 제주시 월평동,중상사고,0,2,4,1,차량단독 - 기타,안전운전불이행,건조,맑음,단일로 - 기타,승용,여,40세,상해없음,,,,
2019030100100354,2019년 3월 1일 17시,금요일,제주특별자치도 제주시 건입동,부상신고사고,0,0,0,1,차대차 - 기타,직진우회전진행방해,건조,맑음,교차로 - 교차로안,승용,남,64세,부상신고,승용,남,40세,상해없음
2019030100100384,2019년 3월 1일 18시,금요일,제주특별자치도 제주시 노형동,중상사고,0,1,0,0,차대사람 - 횡단중,안전운전불이행,건조,맑음,교차로 - 교차로안,승용,남,20세,상해없음,보행자,여,21세,중상
2019030100100416,2019년 3월 1일 19시,금요일,제주특별자치도 제주시 이도일동,중상사고,0,1,0,0,차대사람 - 기타,안전운전불이행,건조,맑음,교차로 - 교차로안,승용,남,61세,상해없음,보행자,여,74세,중상
2019030100100460,2019년 3월 1일 21시,금요일,제주특별자치도 제주시 조천읍,경상사고,0,0,1,0,차대차 - 기타,신호위반,건조,맑음,교차로 - 교차로안,승합,남,48세,상해없음,승용,남,21세,경상
2019030100100461,2019년 3월 1일 21시,금요일,제주특별자치도 제주시 노형동,중상사고,0,1,0,0,차대차 - 정면충돌,안전운전불이행,건조,맑음,교차로 - 교차로안,승용,남,36세,상해없음,이륜,남,26세,중상
2019030100100495,2019년 3월 1일 23시,금요일,제주특별자치도 제주시 연동,중상사고,0,1,0,0,차대차 - 추돌,안전운전불이행,건조,맑음,단일로 - 기타,화물,여,52세,상해없음,승합,남,31세,중상
2019030200100039,2019년 3월 2일 02시,토요일,제주특별자치도 제주시 우도면,중상사고,0,1,0,0,차대사람 - 길가장자리구역통행중,안전운전불이행,건조,맑음,단일로 - 기타,승합,남,61세,상해없음,보행자,여,45세,중상
2019030200100058,2019년 3월 2일 04시,토요일,제주특별자치도 제주시 한경면,부상신고사고,0,0,0,2,차대차 - 측면충돌,직진우회전진행방해,젖음/습기,비,교차로 - 교차로안,승용,여,23세,부상신고,승용,여,56세,부상신고
2019030200100077,2019년 3월 2일 06시,토요일,제주특별자치도 제주시 삼도일동,경상사고,0,0,1,0,차대사람 - 기타,안전운전불이행,건조,맑음,단일로 - 기타,화물,남,37세,상해없음,보행자,남,26세,경상
2019030200100102,2019년 3월 2일 08시,토요일,제주특별자치도 제주시 한경면,중상사고,0,1,0,0,차대차 - 측면충돌,직진우회전진행방해,건조,흐림,교차로 - 교차로안,화물,남,48세,상해없음,화물,남,48세,중상
2019030200100182,2019년 3월 2일 12시,토요일,제주특별자치도 제주시 조천읍,경상사고,0,0,1,0,차량단독 - 공작물충돌,안전운전불이행,건조,맑음,단일로 - 기타,승용,여,38세,경상,,,,
2019030200100183,2019년 3월 2일 12시,토요일,제주특별자치도 서귀포시 표선면,중상사고,0,1,0,0,차대차 - 기타,기타,건조,맑음,단일로 - 기타,화물,남,35세,상해없음,이륜,여,81세,중상
2019030200100208,2019년 3월 2일 13시,토요일,제주특별자치도 서귀포시 성산읍,경상사고,0,0,2,1,차대차 - 추돌,안전거리미확보,기타,맑음,교차로 - 교차로안,승합,남,44세,기타불명,승용,여,25세,경상
2019030200100247,2019년 3월 2일 14시,토요일,제주특별자치도 제주시 애월읍,중상사고,0,1,1,0,차대차 - 측면충돌,신호위반,건조,맑음,교차로 - 교차로안,승용,남,22세,상해없음,화물,남,42세,경상
2019030200100282,2019년 3월 2일 15시,토요일,제주특별자치도 제주시 이도일동,중상사고,0,1,0,0,차대사람 - 기타,안전운전불이행,건조,맑음,단일로 - 기타,승용,여,59세,상해없음,보행자,여,60세,중상
2019030200100373,2019년 3월 2일 18시,토요일,제주특별자치도 제주시 애월읍,경상사고,0,0,1,0,차대차 - 측면충돌,신호위반,젖음/습기,비,교차로 - 교차로안,승용,남,56세,상해없음,승용,남,45세,경상
2019030200100410,2019년 3월 2일 19시,토요일,제주특별자치도 제주시 도련일동,경상사고,0,0,1,0,차대차 - 기타,안전운전불이행,건조,맑음,교차로 - 교차로부근,승용,남,30세,상해없음,이륜,남,28세,경상
2019030200100442,2019년 3월 2일 20시,토요일,제주특별자치도 제주시 외도일동,경상사고,0,0,1,0,차대사람 - 기타,안전운전불이행,젖음/습기,비,단일로 - 기타,화물,남,51세,상해없음,보행자,남,33세,경상
2019030200100461,2019년 3월 2일 21시,토요일,제주특별자치도 제주시 화북일동,경상사고,0,0,1,0,차대차 - 측면충돌,교차로운행방법위반,건조,맑음,교차로 - 교차로안,승용,남,44세,상해없음,승용,여,50세,경상
2019030200100462,2019년 3월 2일 21시,토요일,제주특별자치도 제주시 삼도일동,중상사고,0,1,1,0,차대차 - 정면충돌,신호위반,건조,맑음,교차로 - 교차로안,승용,여,34세,중상,승용,남,36세,경상
2019030300100042,2019년 3월 3일 01시,일요일,제주특별자치도 제주시 이도이동,경상사고,0,0,1,0,차대차 - 측면충돌,신호위반,건조,맑음,교차로 - 교차로안,승용,남,64세,상해없음,승용,남,58세,경상
2019030300100060,2019년 3월 3일 03시,일요일,제주특별자치도 제주시 애월읍,사망사고,1,0,0,1,차대차 - 정면충돌,중앙선침범,건조,맑음,교차로 - 교차로부근,화물,남,35세,사망,화물,남,47세,부상신고
2019030300100066,2019년 3월 3일 04시,일요일,제주특별자치도 제주시 이도이동,경상사고,0,0,2,0,차대차 - 추돌,안전운전불이행,젖음/습기,비,교차로 - 교차로부근,승용,남,28세,상해없음,승용,남,60세,경상
2019030300100070,2019년 3월 3일 05시,일요일,제주특별자치도 제주시 도남동,중상사고,0,1,0,0,차대사람 - 기타,안전운전불이행,건조,맑음,단일로 - 기타,승용,남,76세,상해없음,보행자,여,57세,중상
2019030300100096,2019년 3월 3일 09시,일요일,제주특별자치도 제주시 이도일동,경상사고,0,0,2,0,차대차 - 측면충돌,직진우회전진행방해,건조,흐림,교차로 - 교차로안,승용,여,63세,경상,승용,남,41세,경상
2019030300100097,2019년 3월 3일 09시,일요일,제주특별자치도 서귀포시 남원읍,부상신고사고,0,0,0,1,차량단독 - 공작물충돌,안전운전불이행,건조,맑음,단일로 - 기타,승용,남,57세,부상신고,,,,
2019030300100197,2019년 3월 3일 14시,일요일,제주특별자치도 제주시 연동,경상사고,0,0,1,0,차대차 - 측면충돌,안전운전불이행,건조,맑음,기타 - 기타,승용,여,42세,상해없음,이륜,남,24세,경상
2019030300100219,2019년 3월 3일 15시,일요일,제주특별자치도 제주시 화북일동,경상사고,0,0,1,0,차대사람 - 기타,안전운전불이행,건조,맑음,단일로 - 기타,승용,남,70세,상해없음,보행자,여,14세,경상
2019030300100220,2019년 3월 3일 15시,일요일,제주특별자치도 제주시 조천읍,경상사고,0,0,1,0,차대사람 - 기타,안전운전불이행,젖음/습기,비,단일로 - 기타,승용,남,53세,상해없음,보행자,여,30세,경상
2019030300100244,2019년 3월 3일 16시,일요일,제주특별자치도 제주시 외도일동,경상사고,0,0,1,0,차대사람 - 기타,안전운전불이행,건조,맑음,단일로 - 기타,승용,여,43세,상해없음,보행자,남,61세,경상
2019030300100319,2019년 3월 3일 19시,일요일,제주특별자치도 제주시 이도이동,경상사고,0,0,5,1,차대차 - 기타,안전운전불이행,젖음/습기,비,단일로 - 기타,화물,남,49세,부상신고,승용,여,28세,경상
2019030300100320,2019년 3월 3일 19시,일요일,제주특별자치도 제주시 용담이동,경상사고,0,0,1,0,차대차 - 추돌,안전거리미확보,젖음/습기,비,단일로 - 기타,승용,남,54세,상해없음,승용,남,64세,경상
2019030300100378,2019년 3월 3일 22시,일요일,제주특별자치도 제주시 도련일동,경상사고,0,0,1,0,차대사람 - 횡단중,보행자보호의무위반,젖음/습기,비,교차로 - 교차로부근,이륜,남,21세,상해없음,보행자,여,46세,경상
2019030400100101,2019년 3월 4일 08시,월요일,제주특별자치도 제주시 일도이동,경상사고,0,0,1,0,차대차 - 추돌,안전운전불이행,젖음/습기,비,교차로 - 교차로부근,승합,남,51세,상해없음,화물,남,66세,기타불명
2019030400100208,2019년 3월 4일 12시,월요일,제주특별자치도 제주시 화북일동,중상사고,0,1,0,0,차대차 - 기타,차로위반,건조,맑음,교차로 - 교차로부근,화물,남,64세,상해없음,이륜,남,34세,중상
2019030400100230,2019년 3월 4일 13시,월요일,제주특별자치도 제주시 구좌읍,경상사고,0,0,2,0,차대차 - 추돌,안전운전불이행,건조,맑음,단일로 - 기타,승용,남,23세,상해없음,승용,남,30세,경상
2019030400100379,2019년 3월 4일 17시,월요일,제주특별자치도 제주시 삼도이동,경상사고,0,0,1,0,차대사람 - 기타,안전운전불이행,건조,맑음,단일로 - 기타,승용,여,60세,상해없음,보행자,여,13세,경상
2019030400100422,2019년 3월 4일 18시,월요일,제주특별자치도 제주시 이도이동,경상사고,0,0,1,0,차대사람 - 횡단중,보행자보호의무위반,건조,맑음,단일로 - 기타,기타불명,기타불명,미분류,기타불명,보행자,남,29세,경상
2019030400100530,2019년 3월 4일 22시,월요일,제주특별자치도 제주시 오라이동,경상사고,0,0,1,0,차대차 - 추돌,안전운전불이행,건조,맑음,단일로 - 기타,승용,여,57세,상해없음,승용,여,41세,경상
2019030500100232,2019년 3월 5일 11시,화요일,제주특별자치도 제주시 외도일동,경상사고,0,0,2,0,차대차 - 측면충돌,직진우회전진행방해,건조,맑음,교차로 - 교차로안,승용,남,34세,경상,승용,남,44세,경상
2019030500100272,2019년 3월 5일 13시,화요일,제주특별자치도 서귀포시 대포동,중상사고,0,1,0,0,차대차 - 기타,안전운전불이행,건조,맑음,단일로 - 기타,승합,여,46세,상해없음,이륜,여,67세,중상
2019030500100302,2019년 3월 5일 14시,화요일,제주특별자치도 제주시 애월읍,중상사고,0,2,1,0,차대차 - 추돌,안전거리미확보,건조,맑음,단일로 - 기타,화물,남,48세,상해없음,승용,여,25세,중상
2019030500100328,2019년 3월 5일 15시,화요일,제주특별자치도 제주시 애월읍,경상사고,0,0,1,0,차대차 - 추돌,안전운전불이행,건조,맑음,단일로 - 기타,승용,남,38세,상해없음,승용,여,27세,경상
2019030500100363,2019년 3월 5일 16시,화요일,제주특별자치도 제주시 용담일동,경상사고,0,0,1,0,차대사람 - 기타,안전운전불이행,건조,맑음,단일로 - 기타,승용,남,23세,상해없음,보행자,남,35세,경상
2019030500100364,2019년 3월 5일 16시,화요일,제주특별자치도 제주시 연동,경상사고,0,0,1,0,차대차 - 기타,안전거리미확보,건조,맑음,단일로 - 기타,승용,남,47세,상해없음,승용,남,28세,경상
2019030500100446,2019년 3월 5일 19시,화요일,제주특별자치도 제주시 화북이동,부상신고사고,0,0,0,1,차대사람 - 횡단중,안전운전불이행,건조,맑음,단일로 - 기타,승용,남,19세,상해없음,보행자,여,5세,부상신고
2019030500100466,2019년 3월 5일 20시,화요일,제주특별자치도 제주시 연동,경상사고,0,0,1,0,차대차 - 측면충돌,안전운전불이행,건조,맑음,교차로 - 교차로안,승용,남,28세,상해없음,승용,여,37세,경상
2019030600100141,2019년 3월 6일 08시,수요일,제주특별자치도 제주시 건입동,중상사고,0,1,1,0,차대차 - 측면충돌,신호위반,젖음/습기,비,교차로 - 교차로안,승합,남,32세,상해없음,승용,여,36세,경상
2019030600100175,2019년 3월 6일 09시,수요일,제주특별자치도 제주시 연동,부상신고사고,0,0,0,1,차대차 - 기타,직진우회전진행방해,건조,맑음,교차로 - 교차로안,승용,여,39세,상해없음,승용,남,40세,부상신고
2019030600100290,2019년 3월 6일 13시,수요일,제주특별자치도 제주시 이도일동,경상사고,0,0,1,0,차대사람 - 기타,안전운전불이행,건조,맑음,교차로 - 교차로안,승용,남,29세,상해없음,보행자,여,59세,경상
2019030600100291,2019년 3월 6일 13시,수요일,제주특별자치도 제주시 용담이동,경상사고,0,0,1,1,차대차 - 기타,직진우회전진행방해,건조,맑음,교차로 - 교차로안,승용,남,33세,상해없음,승용,남,24세,경상
2019030600100325,2019년 3월 6일 14시,수요일,제주특별자치도 제주시 조천읍,경상사고,0,0,1,0,차량단독 - 전도전복 - 전도,안전운전불이행,건조,맑음,단일로 - 기타,승용,여,58세,경상,,,,
2019030600100342,2019년 3월 6일 15시,수요일,제주특별자치도 제주시 일도이동,경상사고,0,0,1,0,차대사람 - 횡단중,보행자보호의무위반,건조,맑음,교차로 - 교차로부근,승용,여,33세,상해없음,보행자,여,69세,경상
2019030600100343,2019년 3월 6일 15시,수요일,제주특별자치도 제주시 애월읍,경상사고,0,0,1,1,차대차 - 추돌,안전운전불이행,건조,맑음,단일로 - 기타,승용,여,36세,부상신고,자전거,남,15세,경상
2019030600100344,2019년 3월 6일 15시,수요일,제주특별자치도 제주시 애월읍,경상사고,0,0,1,1,차대차 - 추돌,안전운전불이행,건조,맑음,교차로 - 교차로부근,승용,남,67세,상해없음,승용,남,41세,부상신고
2019030600100405,2019년 3월 6일 17시,수요일,제주특별자치도 제주시 영평동,경상사고,0,0,1,0,차대차 - 기타,차로위반,젖음/습기,흐림,단일로 - 기타,화물,남,52세,상해없음,승용,여,27세,경상