사고번호,사고일시,요일,시군구,사고내용,사망자수,중상자수,경상자수,부상신고자수,사고유형,법규위반,노면상태,기상상태,도로형태,가해운전자 차종,가해운전자 성별,가해운전자 연령,가해운전자 상해정도,피해운전자 차종,피해운전자 성별,피해운전자 연령,피해운전자 상해정도
2019032500100504,2019년 3월 25일 19시,월요일,제주특별자치도 서귀포시 대정읍,중상사고,0,1,0,0,차량단독 - 전도전복 - 전도,안전운전불이행,건조,맑음,단일로 - 기타,이륜,남,31세,중상,,,,
2019032500100534,2019년 3월 25일 20시,월요일,제주특별자치도 제주시 한경면,사망사고,1,0,0,0,차대차 - 추돌,안전운전불이행,건조,기타,단일로 - 기타,승용,남,48세,상해없음,승용,남,53세,상해없음
2019032500100568,2019년 3월 25일 21시,월요일,제주특별자치도 제주시 노형동,부상신고사고,0,0,0,1,차대차 - 측면충돌,중앙선침범,건조,맑음,단일로 - 기타,개인형이동수단(PM),남,51세,부상신고,승용,남,44세,상해없음
2019032600100039,2019년 3월 26일 01시,화요일,제주특별자치도 제주시 화북일동,경상사고,0,0,1,0,차대사람 - 기타,안전운전불이행,건조,맑음,단일로 - 기타,기타불명,기타불명,미분류,기타불명,보행자,남,20세,경상
2019032600100145,2019년 3월 26일 08시,화요일,제주특별자치도 제주시 연동,경상사고,0,0,1,0,차대차 - 기타,안전운전불이행,건조,맑음,단일로 - 기타,승용,남,71세,상해없음,승용,여,47세,경상
2019032600100181,2019년 3월 26일 09시,화요일,제주특별자치도 서귀포시 상예동,중상사고,0,1,0,0,차량단독 - 공작물충돌,안전운전불이행,건조,맑음,교차로 - 교차로부근,승용,여,23세,상해없음,,,,
2019032600100241,2019년 3월 26일 11시,화요일,제주특별자치도 서귀포시 강정동,경상사고,0,0,1,0,차대차 - 기타,안전운전불이행,건조,맑음,교차로 - 교차로부근,화물,남,71세,상해없음,승용,여,30세,경상
2019032600100294,2019년 3월 26일 13시,화요일,제주특별자치도 제주시 한림읍,부상신고사고,0,0,0,1,차대차 - 기타,안전운전불이행,건조,맑음,교차로 - 교차로안,이륜,남,23세,부상신고,승용,남,31세,상해없음
2019032600100356,2019년 3월 26일 15시,화요일,제주특별자치도 제주시 용강동,중상사고,0,1,0,0,차대차 - 측면충돌,안전운전불이행,건조,맑음,단일로 - 기타,원동기,남,51세,중상,화물,남,26세,기타불명
2019032600100357,2019년 3월 26일 15시,화요일,제주특별자치도 제주시 조천읍,중상사고,0,1,0,0,차대차 - 측면충돌,중앙선침범,건조,맑음,단일로 - 기타,화물,남,35세,상해없음,승용,여,58세,중상
2019032600100560,2019년 3월 26일 20시,화요일,제주특별자치도 서귀포시 법환동,부상신고사고,0,0,0,1,차량단독 - 기타,안전운전불이행,건조,맑음,단일로 - 기타,승용,남,31세,상해없음,,,,
2019032600100634,2019년 3월 26일 23시,화요일,제주특별자치도 서귀포시 성산읍,경상사고,0,0,1,0,차량단독 - 도로외이탈 - 기타,안전운전불이행,건조,맑음,단일로 - 기타,이륜,남,56세,경상,,,,
2019032700100110,2019년 3월 27일 07시,수요일,제주특별자치도 서귀포시 토평동,중상사고,0,1,0,0,차대차 - 추돌,안전거리미확보,건조,맑음,교차로 - 교차로부근,승용,남,37세,상해없음,승용,남,34세,중상
2019032700100111,2019년 3월 27일 07시,수요일,제주특별자치도 제주시 애월읍,경상사고,0,0,1,0,차대차 - 기타,안전운전불이행,건조,맑음,단일로 - 기타,승용,여,75세,상해없음,승용,여,51세,경상
2019032700100147,2019년 3월 27일 08시,수요일,제주특별자치도 제주시 아라이동,경상사고,0,0,2,0,차대차 - 측면충돌,직진우회전진행방해,건조,맑음,교차로 - 교차로부근,승합,남,52세,상해없음,승용,여,53세,경상
2019032700100181,2019년 3월 27일 09시,수요일,제주특별자치도 제주시 화북이동,경상사고,0,0,1,0,차대차 - 기타,교차로운행방법위반,건조,맑음,교차로 - 교차로안,화물,남,36세,상해없음,승용,남,44세,경상
2019032700100182,2019년 3월 27일 09시,수요일,제주특별자치도 서귀포시 표선면,경상사고,0,0,1,0,차량단독 - 기타,안전운전불이행,건조,맑음,단일로 - 기타,승용,여,37세,경상,,,,
2019032700100234,2019년 3월 27일 11시,수요일,제주특별자치도 서귀포시 서홍동,경상사고,0,0,3,0,차대차 - 기타,신호위반,건조,맑음,교차로 - 교차로안,승용,남,33세,상해없음,화물,남,48세,경상
2019032700100284,2019년 3월 27일 13시,수요일,제주특별자치도 제주시 노형동,경상사고,0,0,1,0,차대차 - 추돌,안전거리미확보,건조,맑음,단일로 - 기타,화물,남,61세,상해없음,승용,남,25세,경상
2019032700100341,2019년 3월 27일 15시,수요일,제주특별자치도 제주시 용담이동,경상사고,0,0,1,0,차대차 - 후진중충돌,안전운전불이행,건조,맑음,단일로 - 기타,승합,남,66세,상해없음,승합,남,23세,경상
2019032700100369,2019년 3월 27일 16시,수요일,제주특별자치도 서귀포시 성산읍,경상사고,0,0,4,0,차대차 - 기타,안전운전불이행,기타,맑음,단일로 - 기타,화물,남,53세,상해없음,승용,남,20세,경상
2019032700100370,2019년 3월 27일 16시,수요일,제주특별자치도 제주시 연동,경상사고,0,0,1,0,차대사람 - 횡단중,신호위반,건조,맑음,교차로 - 교차로횡단보도내,승용,여,25세,상해없음,보행자,남,7세,경상
2019032700100443,2019년 3월 27일 18시,수요일,제주특별자치도 제주시 아라일동,경상사고,0,0,1,0,차대차 - 측면충돌,교차로운행방법위반,건조,맑음,교차로 - 교차로안,승용,여,61세,상해없음,승용,남,35세,경상
2019032700100444,2019년 3월 27일 18시,수요일,제주특별자치도 서귀포시 중문동,경상사고,0,0,1,0,차대사람 - 기타,안전운전불이행,건조,맑음,교차로 - 교차로부근,승용,남,56세,상해없음,보행자,남,14세,경상
2019032700100484,2019년 3월 27일 19시,수요일,제주특별자치도 제주시 한림읍,중상사고,0,1,0,0,차대사람 - 길가장자리구역통행중,안전운전불이행,건조,맑음,단일로 - 기타,승용,남,24세,상해없음,보행자,남,69세,중상
2019032700100531,2019년 3월 27일 21시,수요일,제주특별자치도 제주시 아라일동,경상사고,0,0,2,1,차대차 - 측면충돌,중앙선침범,건조,맑음,교차로 - 교차로부근,이륜,남,23세,부상신고,승용,여,43세,경상
2019032700100582,2019년 3월 27일 23시,수요일,제주특별자치도 제주시 연동,경상사고,0,0,3,0,차대차 - 기타,직진우회전진행방해,건조,맑음,교차로 - 교차로안,승용,여,23세,경상,승용,남,63세,경상
2019032800100141,2019년 3월 28일 08시,목요일,제주특별자치도 제주시 오등동,경상사고,0,0,1,0,차대차 - 기타,직진우회전진행방해,건조,맑음,교차로 - 교차로안,승용,남,53세,상해없음,승용,여,41세,경상
2019032800100174,2019년 3월 28일 09시,목요일,제주특별자치도 제주시 봉개동,중상사고,0,1,0,0,차대차 - 기타,안전운전불이행,건조,맑음,교차로 - 교차로부근,특수,남,53세,중상,화물,남,30세,상해없음
2019032800100202,2019년 3월 28일 10시,목요일,제주특별자치도 제주시 건입동,경상사고,0,0,1,0,차대차 - 기타,안전거리미확보,건조,맑음,교차로 - 교차로안,승용,여,47세,상해없음,승용,여,55세,경상
2019032800100245,2019년 3월 28일 11시,목요일,제주특별자치도 제주시 오등동,경상사고,0,0,3,0,차대차 - 측면충돌,직진우회전진행방해,건조,맑음,교차로 - 교차로안,승용,여,55세,경상,승용,여,60세,경상
2019032800100275,2019년 3월 28일 12시,목요일,제주특별자치도 제주시 이도이동,경상사고,0,0,1,0,차량단독 - 기타,안전운전불이행,건조,맑음,교차로 - 교차로부근,승용,여,27세,경상,,,,
2019032800100276,2019년 3월 28일 12시,목요일,제주특별자치도 서귀포시 남원읍,중상사고,0,1,2,0,차대차 - 정면충돌,교차로운행방법위반,건조,맑음,교차로 - 교차로안,화물,남,80세,경상,이륜,남,80세,중상
2019032800100291,2019년 3월 28일 13시,목요일,제주특별자치도 서귀포시 표선면,경상사고,0,0,1,0,차량단독 - 기타,안전운전불이행,건조,맑음,단일로 - 기타,자전거,여,71세,경상,,,,
2019032800100407,2019년 3월 28일 16시,목요일,제주특별자치도 서귀포시 성산읍,경상사고,0,0,2,0,차대차 - 기타,안전거리미확보,건조,맑음,단일로 - 기타,승용,여,51세,상해없음,승용,여,26세,경상
2019032800100450,2019년 3월 28일 17시,목요일,제주특별자치도 제주시 연동,경상사고,0,0,1,0,차대차 - 측면충돌,안전거리미확보,건조,맑음,교차로 - 교차로안,승용,여,56세,상해없음,화물,남,41세,경상
2019032800100536,2019년 3월 28일 19시,목요일,제주특별자치도 제주시 용담일동,경상사고,0,0,1,0,차대사람 - 기타,안전운전불이행,건조,맑음,단일로 - 기타,자전거,남,52세,상해없음,보행자,여,74세,경상
2019032800100537,2019년 3월 28일 19시,목요일,제주특별자치도 제주시 한림읍,경상사고,0,0,1,0,차대차 - 측면충돌,교차로운행방법위반,건조,맑음,교차로 - 교차로안,승용,남,45세,상해없음,승용,남,26세,경상
2019032800100599,2019년 3월 28일 21시,목요일,제주특별자치도 제주시 용담이동,경상사고,0,0,4,0,차대차 - 기타,안전거리미확보,건조,맑음,단일로 - 기타,승용,남,62세,상해없음,승용,남,24세,경상
2019032800100623,2019년 3월 28일 22시,목요일,제주특별자치도 제주시 아라일동,경상사고,0,0,2,0,차대차 - 측면충돌,신호위반,건조,맑음,교차로 - 교차로안,승용,남,36세,상해없음,승용,남,51세,경상
2019032900100040,2019년 3월 29일 01시,금요일,제주특별자치도 서귀포시 성산읍,중상사고,0,2,3,0,차대차 - 측면충돌,신호위반,건조,맑음,교차로 - 교차로안,승용,남,54세,경상,승용,남,48세,중상
2019032900100059,2019년 3월 29일 04시,금요일,제주특별자치도 서귀포시 회수동,부상신고사고,0,0,0,1,차량단독 - 기타,안전운전불이행,건조,맑음,단일로 - 기타,승용,남,23세,부상신고,,,,
2019032900100130,2019년 3월 29일 08시,금요일,제주특별자치도 서귀포시 남원읍,경상사고,0,0,1,0,차대차 - 측면충돌,교차로운행방법위반,건조,맑음,교차로 - 교차로안,화물,남,46세,상해없음,승용,여,37세,경상
2019032900100131,2019년 3월 29일 08시,금요일,제주특별자치도 제주시 이호일동,경상사고,0,0,1,0,차대차 - 추돌,안전거리미확보,건조,맑음,단일로 - 기타,화물,남,44세,상해없음,승용,여,21세,경상
2019032900100249,2019년 3월 29일 11시,금요일,제주특별자치도 제주시 용담일동,경상사고,0,0,1,0,차대사람 - 기타,안전운전불이행,건조,맑음,단일로 - 기타,승용,남,63세,상해없음,보행자,남,33세,경상
2019032900100250,2019년 3월 29일 11시,금요일,제주특별자치도 서귀포시 서귀동,경상사고,0,0,1,0,차대차 - 추돌,안전운전불이행,건조,맑음,교차로 - 교차로부근,승용,여,52세,상해없음,승용,여,51세,경상
2019032900100251,2019년 3월 29일 11시,금요일,제주특별자치도 제주시 애월읍,중상사고,0,2,2,0,차대차 - 추돌,과속,건조,맑음,교차로 - 교차로부근,승용,여,26세,상해없음,화물,남,62세,경상
2019032900100359,2019년 3월 29일 14시,금요일,제주특별자치도 제주시 삼도일동,중상사고,0,1,0,0,차대사람 - 횡단중,보행자보호의무위반,건조,맑음,단일로 - 기타,승용,남,71세,상해없음,보행자,여,63세,중상
2019032900100360,2019년 3월 29일 14시,금요일,제주특별자치도 제주시 용담이동,경상사고,0,0,2,0,차대차 - 기타,직진우회전진행방해,건조,맑음,단일로 - 기타,승용,남,42세,상해없음,화물,남,44세,상해없음
2019032900100394,2019년 3월 29일 15시,금요일,제주특별자치도 서귀포시 안덕면,중상사고,0,1,0,0,차대사람 - 기타,안전운전불이행,건조,맑음,단일로 - 기타,승용,남,49세,상해없음,보행자,여,8세,중상
2019032900100444,2019년 3월 29일 16시,금요일,제주특별자치도 제주시 이도이동,경상사고,0,0,2,0,차대차 - 추돌,안전운전불이행,건조,맑음,교차로 - 교차로부근,승용,남,60세,상해없음,승용,여,61세,경상
2019032900100494,2019년 3월 29일 17시,금요일,제주특별자치도 제주시 아라일동,중상사고,0,4,0,0,차대차 - 정면충돌,중앙선침범,건조,맑음,단일로 - 기타,승용,여,28세,중상,승용,남,45세,중상
2019032900100495,2019년 3월 29일 17시,금요일,제주특별자치도 제주시 일도이동,중상사고,0,1,0,0,차대차 - 기타,안전거리미확보,건조,맑음,단일로 - 기타,승용,여,36세,상해없음,이륜,남,69세,중상
2019032900100586,2019년 3월 29일 19시,금요일,제주특별자치도 제주시 삼도이동,경상사고,0,0,1,0,차대차 - 측면충돌,차로위반,건조,기타,단일로 - 기타,승용,여,46세,상해없음,승합,여,40세,경상
2019033000100147,2019년 3월 30일 05시,토요일,제주특별자치도 제주시 한림읍,중상사고,0,1,0,0,차량단독 - 공작물충돌,안전운전불이행,건조,맑음,단일로 - 기타,승용,남,31세,상해없음,,,,
2019033000100178,2019년 3월 30일 07시,토요일,제주특별자치도 제주시 애월읍,경상사고,0,0,1,0,차대차 - 기타,안전운전불이행,건조,맑음,단일로 - 기타,승용,남,37세,경상,화물,남,57세,상해없음
2019033000100232,2019년 3월 30일 09시,토요일,제주특별자치도 제주시 노형동,경상사고,0,0,1,0,차대차 - 측면충돌,교차로운행방법위반,건조,맑음,교차로 - 교차로안,승용,남,52세,상해없음,승용,여,35세,경상
2019033000100252,2019년 3월 30일 10시,토요일,제주특별자치도 제주시 이도일동,중상사고,0,1,2,0,차대차 - 기타,중앙선침범,건조,맑음,교차로 - 교차로부근,승용,남,53세,상해없음,승용,남,66세,중상
2019033000100377,2019년 3월 30일 13시,토요일,제주특별자치도 서귀포시 하원동,중상사고,0,1,0,0,차대차 - 정면충돌,중앙선침범,건조,맑음,단일로 - 기타,승용,여,25세,상해없음,이륜,남,48세,중상
2019033000100415,2019년 3월 30일 14시,토요일,제주특별자치도 서귀포시 표선면,중상사고,0,1,3,0,차대차 - 기타,기타,건조,맑음,단일로 - 기타,승용,여,41세,경상,승용,남,48세,경상
2019033000100416,2019년 3월 30일 14시,토요일,제주특별자치도 제주시 애월읍,사망사고,1,1,2,0,차대차 - 정면충돌,중앙선침범,건조,맑음,단일로 - 기타,화물,남,38세,경상,화물,남,54세,사망
2019033000100489,2019년 3월 30일 16시,토요일,제주특별자치도 서귀포시 대정읍,중상사고,0,1,0,0,차대사람 - 기타,안전운전불이행,건조,맑음,단일로 - 기타,승용,남,47세,상해없음,보행자,남,61세,중상
2019033000100589,2019년 3월 30일 19시,토요일,제주특별자치도 제주시 이도일동,경상사고,0,0,1,0,차대차 - 기타,신호위반,건조,맑음,교차로 - 교차로부근,승용,남,27세,상해없음,승용,여,23세,경상
2019033000100623,2019년 3월 30일 20시,토요일,제주특별자치도 제주시 일도일동,경상사고,0,0,1,0,차대사람 - 기타,보행자보호의무위반,건조,맑음,교차로 - 교차로안,승용,여,25세,상해없음,보행자,남,44세,경상
2019033000100624,2019년 3월 30일 20시,토요일,제주특별자치도 서귀포시 표선면,경상사고,0,0,3,0,차대차 - 기타,중앙선침범,건조,맑음,단일로 - 기타,승용,남,34세,경상,화물,남,70세,경상
2019033000100701,2019년 3월 30일 23시,토요일,제주특별자치도 제주시 노형동,부상신고사고,0,0,0,1,차대차 - 측면충돌,직진우회전진행방해,건조,맑음,교차로 - 교차로안,승용,남,24세,부상신고,승용,남,56세,상해없음
2019033100100094,2019년 3월 31일 06시,일요일,제주특별자치도 제주시 도련일동,경상사고,0,0,1,0,차대차 - 측면충돌,신호위반,건조,맑음,교차로 - 교차로안,승용,여,47세,상해없음,승용,여,27세,경상
2019033100100155,2019년 3월 31일 11시,일요일,제주특별자치도 제주시 구좌읍,중상사고,0,1,0,0,차대차 - 측면충돌,교차로운행방법위반,건조,맑음,교차로 - 교차로안,화물,남,53세,상해없음,이륜,남,77세,중상
2019033100100182,2019년 3월 31일 12시,일요일,제주특별자치도 서귀포시 신효동,경상사고,0,0,3,0,차대차 - 측면충돌,안전거리미확보,건조,맑음,단일로 - 기타,화물,남,49세,상해없음,승용,여,25세,경상
2019033100100244,2019년 3월 31일 14시,일요일,제주특별자치도 제주시 삼도일동,중상사고,0,1,0,0,차대사람 - 기타,안전운전불이행,건조,맑음,단일로 - 기타,승용,여,69세,상해없음,보행자,남,74세,중상
2019033100100245,2019년 3월 31일 14시,일요일,제주특별자치도 제주시 삼도일동,중상사고,0,1,0,0,차대사람 - 기타,안전운전불이행,건조,맑음,단일로 - 기타,승용,여,70세,상해없음,보행자,여,82세,중상
2019033100100302,2019년 3월 31일 16시,일요일,제주특별자치도 서귀포시 안덕면,경상사고,0,0,1,0,차량단독 - 공작물충돌,안전운전불이행,건조,맑음,단일로 - 기타,화물,남,73세,경상,,,,
2019033100100333,2019년 3월 31일 17시,일요일,제주특별자치도 제주시 도남동,경상사고,0,0,1,0,차대사람 - 횡단중,보행자보호의무위반,건조,맑음,교차로 - 교차로횡단보도내,승용,남,39세,상해없음,보행자,여,52세,경상
2019033100100394,2019년 3월 31일 19시,일요일,제주특별자치도 서귀포시 서귀동,부상신고사고,0,0,0,1,차대차 - 측면충돌,안전거리미확보,건조,맑음,교차로 - 교차로부근,승용,남,64세,상해없음,승용,남,22세,부상신고
2019040100100043,2019년 4월 1일 01시,월요일,제주특별자치도 제주시 아라이동,중상사고,0,1,0,0,차대사람 - 기타,안전운전불이행,건조,기타,단일로 - 기타,승용,남,58세,상해없음,보행자,남,40세,중상
2019040100100086,2019년 4월 1일 06시,월요일,제주특별자치도 서귀포시 서귀동,경상사고,0,0,2,0,차대차 - 정면충돌,불법유턴,건조,맑음,단일로 - 기타,화물,남,70세,상해없음,승용,남,62세,경상
2019040100100122,2019년 4월 1일 07시,월요일,제주특별자치도 서귀포시 호근동,경상사고,0,0,1,0,차대차 - 측면충돌,불법유턴,건조,맑음,단일로 - 기타,화물,남,40세,상해없음,승합,남,44세,경상
2019040100100166,2019년 4월 1일 08시,월요일,제주특별자치도 제주시 봉개동,중상사고,0,1,0,0,차대차 - 측면충돌,차로위반,건조,맑음,단일로 - 기타,이륜,여,63세,중상,승용,남,38세,상해없음
2019040100100167,2019년 4월 1일 08시,월요일,제주특별자치도 서귀포시 강정동,중상사고,0,1,0,0,차대차 - 기타,차로위반,건조,맑음,단일로 - 기타,승용,여,52세,상해없음,승용,남,28세,중상
2019040100100168,2019년 4월 1일 08시,월요일,제주특별자치도 제주시 연동,경상사고,0,0,1,0,차대사람 - 횡단중,보행자보호의무위반,건조,맑음,교차로 - 교차로횡단보도내,승합,남,60세,상해없음,보행자,여,27세,경상
2019040100100209,2019년 4월 1일 09시,월요일,제주특별자치도 제주시 조천읍,경상사고,0,0,2,0,차대차 - 추돌,안전거리미확보,건조,맑음,교차로 - 교차로부근,승용,남,29세,상해없음,승용,남,35세,상해없음
2019040100100210,2019년 4월 1일 09시,월요일,제주특별자치도 제주시 조천읍,중상사고,0,1,0,0,차대사람 - 기타,안전운전불이행,건조,맑음,단일로 - 기타,승용,남,42세,상해없음,보행자,여,90세 이상,중상
2019040100100211,2019년 4월 1일 09시,월요일,제주특별자치도 서귀포시 호근동,중상사고,0,1,0,0,차대차 - 정면충돌,중앙선침범,건조,맑음,단일로 - 기타,승용,여,51세,상해없음,이륜,여,58세,중상
2019040100100212,2019년 4월 1일 09시,월요일,제주특별자치도 서귀포시 서귀동,부상신고사고,0,0,0,1,차대차 - 정면충돌,직진우회전진행방해,건조,맑음,교차로 - 교차로안,이륜,남,44세,부상신고,승용,남,46세,상해없음
2019040100100277,2019년 4월 1일 11시,월요일,제주특별자치도 제주시 노형동,경상사고,0,0,1,0,차대차 - 추돌,안전거리미확보,건조,맑음,교차로 - 교차로부근,승용,여,21세,상해없음,승용,여,22세,경상
2019040100100278,2019년 4월 1일 11시,월요일,제주특별자치도 제주시 애월읍,부상신고사고,0,0,0,1,차대차 - 측면충돌,안전운전불이행,건조,맑음,단일로 - 기타,승용,여,27세,기타불명,승합,남,43세,부상신고
2019040100100311,2019년 4월 1일 12시,월요일,제주특별자치도 제주시 노형동,경상사고,0,0,1,0,차대차 - 측면충돌,신호위반,건조,맑음,교차로 - 교차로안,승용,여,37세,상해없음,승용,여,49세,경상
2019040100100382,2019년 4월 1일 14시,월요일,제주특별자치도 제주시 건입동,경상사고,0,0,1,0,차대차 - 기타,교차로운행방법위반,건조,맑음,교차로 - 교차로안,승용,남,27세,상해없음,승용,여,58세,경상
2019040100100454,2019년 4월 1일 16시,월요일,제주특별자치도 서귀포시 대정읍,경상사고,0,0,2,0,차대차 - 측면충돌,안전운전불이행,건조,맑음,교차로 - 교차로안,화물,남,62세,상해없음,승용,남,67세,경상
2019040100100455,2019년 4월 1일 16시,월요일,제주특별자치도 서귀포시 남원읍,부상신고사고,0,0,0,1,차대차 - 추돌,안전운전불이행,건조,맑음,교차로 - 교차로부근,승용,여,30세,부상신고,화물,남,83세,상해없음
2019040100100456,2019년 4월 1일 16시,월요일,제주특별자치도 제주시 애월읍,부상신고사고,0,0,0,2,차대차 - 기타,안전운전불이행,건조,맑음,단일로 - 기타,승용,여,54세,부상신고,승용,여,55세,부상신고
2019040100100509,2019년 4월 1일 17시,월요일,제주특별자치도 제주시 영평동,경상사고,0,0,1,0,차대차 - 측면충돌,안전거리미확보,건조,맑음,단일로 - 기타,승용,남,61세,상해없음,승용,여,23세,경상
2019040100100634,2019년 4월 1일 20시,월요일,제주특별자치도 제주시 이도이동,중상사고,0,1,0,0,차대차 - 측면충돌,교차로운행방법위반,건조,맑음,교차로 - 교차로안,승용,남,39세,상해없음,이륜,남,45세,중상
2019040200100044,2019년 4월 2일 01시,화요일,제주특별자치도 제주시 애월읍,사망사고,1,0,0,0,차대사람 - 기타,안전운전불이행,건조,맑음,단일로 - 기타,승용,남,46세,상해없음,보행자,남,54세,사망
2019040200100170,2019년 4월 2일 08시,화요일,제주특별자치도 제주시 연동,경상사고,0,0,1,0,차대차 - 기타,안전운전불이행,건조,맑음,교차로 - 교차로안,기타불명,기타불명,미분류,기타불명,자전거,남,12세,경상
2019040200100209,2019년 4월 2일 09시,화요일,제주특별자치도 서귀포시 성산읍,부상신고사고,0,0,0,1,차대차 - 기타,안전운전불이행,건조,맑음,교차로 - 교차로안,이륜,남,81세,부상신고,승용,여,23세,상해없음
2019040200100210,2019년 4월 2일 09시,화요일,제주특별자치도 제주시 외도일동,경상사고,0,0,1,0,차대차 - 기타,안전운전불이행,건조,맑음,교차로 - 교차로안,승용,여,42세,경상,화물,남,51세,상해없음
2019040200100247,2019년 4월 2일 10시,화요일,제주특별자치도 제주시 도남동,경상사고,0,0,1,0,차대차 - 추돌,안전운전불이행,건조,맑음,단일로 - 기타,승용,남,71세,상해없음,화물,남,48세,경상
2019040200100312,2019년 4월 2일 12시,화요일,제주특별자치도 서귀포시 색달동,경상사고,0,0,1,0,차대차 - 기타,직진우회전진행방해,건조,맑음,교차로 - 교차로안,승용,남,51세,상해없음,이륜,여,37세,경상
2019040200100343,2019년 4월 2일 13시,화요일,제주특별자치도 제주시 도두일동,경상사고,0,0,1,0,차대차 - 기타,안전거리미확보,건조,맑음,단일로 - 기타,승용,남,82세,상해없음,승용,남,34세,상해없음
2019040200100382,2019년 4월 2일 14시,화요일,제주특별자치도 제주시 조천읍,경상사고,0,0,3,0,차대차 - 측면충돌,직진우회전진행방해,건조,맑음,교차로 - 교차로안,승용,여,54세,상해없음,승용,남,48세,상해없음
2019040200100455,2019년 4월 2일 16시,화요일,제주특별자치도 제주시 우도면,부상신고사고,0,0,0,1,차대차 - 측면충돌,안전운전불이행,건조,맑음,단일로 - 기타,이륜,여,24세,상해없음,기타불명,기타불명,미분류,기타불명
2019040200100490,2019년 4월 2일 17시,화요일,제주특별자치도 제주시 구좌읍,경상사고,0,0,1,0,차대차 - 추돌,안전거리미확보,건조,맑음,단일로 - 기타,승용,남,59세,상해없음,승용,여,20세,경상
2019040200100536,2019년 4월 2일 18시,화요일,제주특별자치도 제주시 노형동,경상사고,0,0,2,0,차대차 - 측면충돌,중앙선침범,건조,맑음,단일로 - 기타,이륜,남,50세,경상,승용,남,29세,경상
2019040200100584,2019년 4월 2일 19시,화요일,제주특별자치도 서귀포시 상효동,경상사고,0,0,1,0,차대차 - 측면충돌,교차로운행방법위반,건조,맑음,교차로 - 교차로안,승용,남,33세,상해없음,화물,여,57세,경상
2019040200100614,2019년 4월 2일 20시,화요일,제주특별자치도 제주시 아라이동,중상사고,0,1,0,0,차대사람 - 횡단중,보행자보호의무위반,건조,맑음,교차로 - 교차로횡단보도내,승용,남,47세,상해없음,보행자,남,53세,중상
2019040200100615,2019년 4월 2일 20시,화요일,제주특별자치도 제주시 삼도일동,경상사고,0,0,2,0,차대차 - 후진중충돌,불법유턴,건조,맑음,교차로 - 교차로부근,승용,남,63세,상해없음,승용,여,32세,경상
2019040300100115,2019년 4월 3일 07시,수요일,제주특별자치도 제주시 연동,경상사고,0,0,1,2,차대차 - 정면충돌,직진우회전진행방해,건조,맑음,교차로 - 교차로안,승용,남,34세,부상신고,화물,남,55세,부상신고
2019040300100219,2019년 4월 3일 10시,수요일,제주특별자치도 제주시 추자면,경상사고,0,0,2,0,차대차 - 기타,중앙선침범,건조,맑음,단일로 - 기타,건설기계,남,59세,상해없음,승용,남,71세,경상
2019040300100242,2019년 4월 3일 11시,수요일,제주특별자치도 제주시 연동,경상사고,0,0,2,0,차대차 - 기타,안전거리미확보,건조,맑음,단일로 - 기타,화물,남,27세,상해없음,승용,남,53세,경상
2019040300100273,2019년 4월 3일 12시,수요일,제주특별자치도 서귀포시 성산읍,경상사고,0,0,2,0,차대차 - 기타,안전거리미확보,건조,맑음,교차로 - 교차로부근,화물,남,33세,상해없음,승합,남,36세,경상
2019040300100338,2019년 4월 3일 14시,수요일,제주특별자치도 제주시 화북이동,경상사고,0,0,1,0,차대차 - 추돌,안전거리미확보,건조,맑음,교차로 - 교차로안,화물,남,31세,상해없음,승용,남,45세,경상
2019040300100339,2019년 4월 3일 14시,수요일,제주특별자치도 제주시 영평동,경상사고,0,0,1,0,차대사람 - 기타,신호위반,건조,맑음,교차로 - 교차로횡단보도내,승용,남,73세,상해없음,보행자,여,7세,경상
2019040300100340,2019년 4월 3일 14시,수요일,제주특별자치도 제주시 도남동,경상사고,0,0,2,0,차대사람 - 기타,보행자보호의무위반,건조,맑음,교차로 - 교차로횡단보도내,승용,남,60세,상해없음,보행자,남,9세,경상
2019040300100369,2019년 4월 3일 15시,수요일,제주특별자치도 서귀포시 남원읍,경상사고,0,0,5,0,차대차 - 추돌,안전거리미확보,건조,맑음,교차로 - 교차로부근,화물,남,69세,상해없음,승용,여,47세,경상
2019040300100405,2019년 4월 3일 16시,수요일,제주특별자치도 제주시 이도이동,경상사고,0,0,1,0,차대사람 - 기타,안전운전불이행,건조,맑음,단일로 - 기타,승용,여,46세,상해없음,보행자,남,10세,경상
2019040300100406,2019년 4월 3일 16시,수요일,제주특별자치도 제주시 애월읍,경상사고,0,0,1,0,차대차 - 기타,안전거리미확보,건조,맑음,단일로 - 기타,화물,남,24세,상해없음,승용,남,54세,경상
2019040300100458,2019년 4월 3일 17시,수요일,제주특별자치도 제주시 오라일동,경상사고,0,0,1,0,차대차 - 측면충돌,교차로운행방법위반,건조,맑음,교차로 - 교차로안,승용,남,49세,상해없음,승용,여,27세,경상
2019040300100498,2019년 4월 3일 18시,수요일,제주특별자치도 서귀포시 중문동,경상사고,0,0,1,0,차대사람 - 기타,안전운전불이행,건조,맑음,단일로 - 기타,승용,여,27세,상해없음,보행자,여,27세,경상