사고번호,사고일시,요일,시군구,사고내용,사망자수,중상자수,경상자수,부상신고자수,사고유형,법규위반,노면상태,기상상태,도로형태,가해운전자 차종,가해운전자 성별,가해운전자 연령,가해운전자 상해정도,피해운전자 차종,피해운전자 성별,피해운전자 연령,피해운전자 상해정도
2019040300100565,2019년 4월 3일 20시,수요일,제주특별자치도 제주시 노형동,경상사고,0,0,1,0,차대사람 - 횡단중,보행자보호의무위반,건조,맑음,단일로 - 기타,이륜,남,75세,상해없음,보행자,남,51세,경상
2019040300100587,2019년 4월 3일 21시,수요일,제주특별자치도 제주시 용담일동,부상신고사고,0,0,0,1,차대사람 - 횡단중,안전운전불이행,건조,맑음,단일로 - 기타,승용,여,62세,상해없음,보행자,여,78세,부상신고
2019040400100036,2019년 4월 4일 01시,목요일,제주특별자치도 제주시 일도이동,중상사고,0,1,0,0,차대차 - 추돌,안전거리미확보,건조,맑음,단일로 - 기타,승용,여,24세,상해없음,승용,남,58세,중상
2019040400100063,2019년 4월 4일 04시,목요일,제주특별자치도 서귀포시 서홍동,부상신고사고,0,0,0,1,차대차 - 측면충돌,신호위반,건조,맑음,교차로 - 교차로안,화물,남,77세,부상신고,화물,남,57세,상해없음
2019040400100080,2019년 4월 4일 06시,목요일,제주특별자치도 제주시 조천읍,경상사고,0,0,4,1,차량단독 - 공작물충돌,안전운전불이행,건조,맑음,단일로 - 기타,승합,남,28세,부상신고,,,,
2019040400100081,2019년 4월 4일 06시,목요일,제주특별자치도 제주시 건입동,부상신고사고,0,0,0,1,차량단독 - 기타,안전운전불이행,건조,맑음,교차로 - 교차로안,승용,여,71세,부상신고,,,,
2019040400100112,2019년 4월 4일 07시,목요일,제주특별자치도 제주시 이도이동,경상사고,0,0,1,0,차대차 - 측면충돌,신호위반,건조,맑음,교차로 - 교차로부근,승용,남,46세,상해없음,승용,남,68세,경상
2019040400100113,2019년 4월 4일 07시,목요일,제주특별자치도 서귀포시 동홍동,중상사고,0,1,0,0,차대사람 - 횡단중,보행자보호의무위반,건조,맑음,교차로 - 교차로횡단보도내,화물,남,67세,상해없음,보행자,남,70세,중상
2019040400100114,2019년 4월 4일 07시,목요일,제주특별자치도 제주시 애월읍,중상사고,0,1,0,0,차대사람 - 기타,안전운전불이행,건조,맑음,교차로 - 교차로부근,승용,남,40세,상해없음,보행자,남,42세,중상
2019040400100162,2019년 4월 4일 08시,목요일,제주특별자치도 제주시 봉개동,경상사고,0,0,1,0,차대사람 - 기타,보행자보호의무위반,건조,맑음,교차로 - 교차로횡단보도내,승용,여,48세,상해없음,보행자,여,10세,경상
2019040400100163,2019년 4월 4일 08시,목요일,제주특별자치도 제주시 한림읍,부상신고사고,0,0,0,1,차대차 - 기타,안전운전불이행,건조,맑음,단일로 - 기타,승용,남,66세,상해없음,이륜,남,80세,부상신고
2019040400100202,2019년 4월 4일 09시,목요일,제주특별자치도 제주시 연동,중상사고,0,1,0,0,차대차 - 기타,신호위반,건조,맑음,교차로 - 교차로안,자전거,남,86세,중상,승용,여,63세,상해없음
2019040400100266,2019년 4월 4일 11시,목요일,제주특별자치도 제주시 연동,경상사고,0,0,1,0,차대차 - 기타,안전운전불이행,건조,맑음,교차로 - 교차로부근,화물,남,61세,상해없음,승용,여,48세,경상
2019040400100324,2019년 4월 4일 13시,목요일,제주특별자치도 서귀포시 토평동,중상사고,0,1,0,0,차대차 - 정면충돌,중앙선침범,건조,맑음,교차로 - 교차로부근,화물,남,68세,상해없음,이륜,남,55세,중상
2019040400100383,2019년 4월 4일 15시,목요일,제주특별자치도 서귀포시 대정읍,경상사고,0,0,1,0,차대차 - 측면충돌,직진우회전진행방해,건조,맑음,교차로 - 교차로안,승용,여,62세,상해없음,화물,여,67세,경상
2019040400100472,2019년 4월 4일 17시,목요일,제주특별자치도 제주시 용담일동,경상사고,0,0,3,0,차대차 - 측면충돌,안전거리미확보,건조,맑음,단일로 - 기타,승용,남,47세,상해없음,승용,여,49세,경상
2019040400100523,2019년 4월 4일 18시,목요일,제주특별자치도 제주시 연동,중상사고,0,1,0,0,차대사람 - 횡단중,보행자보호의무위반,건조,맑음,단일로 - 기타,승합,남,48세,상해없음,보행자,여,42세,중상
2019040400100524,2019년 4월 4일 18시,목요일,제주특별자치도 제주시 용담삼동,경상사고,0,0,1,0,차대사람 - 횡단중,보행자보호의무위반,건조,맑음,단일로 - 기타,승용,남,64세,상해없음,보행자,여,15세,경상
2019040400100595,2019년 4월 4일 20시,목요일,제주특별자치도 제주시 연동,경상사고,0,0,2,0,차대차 - 기타,안전운전불이행,건조,맑음,교차로 - 교차로안,승합,남,56세,상해없음,승용,여,47세,경상
2019040400100622,2019년 4월 4일 21시,목요일,제주특별자치도 제주시 내도동,경상사고,0,0,1,0,차대사람 - 횡단중,보행자보호의무위반,건조,흐림,교차로 - 교차로횡단보도내,화물,남,44세,상해없음,보행자,남,14세,경상
2019040500100056,2019년 4월 5일 01시,금요일,제주특별자치도 제주시 삼도일동,부상신고사고,0,0,0,1,차대차 - 추돌,안전운전불이행,건조,맑음,교차로 - 교차로안,이륜,남,23세,부상신고,화물,남,42세,상해없음
2019040500100089,2019년 4월 5일 06시,금요일,제주특별자치도 제주시 조천읍,경상사고,0,0,1,0,차대차 - 측면충돌,중앙선침범,건조,맑음,단일로 - 기타,승용,여,52세,기타불명,건설기계,남,42세,경상
2019040500100090,2019년 4월 5일 06시,금요일,제주특별자치도 서귀포시 동홍동,중상사고,0,2,0,0,차대차 - 기타,불법유턴,건조,맑음,교차로 - 교차로안,승용,남,63세,상해없음,승용,남,34세,중상
2019040500100146,2019년 4월 5일 08시,금요일,제주특별자치도 서귀포시 동홍동,경상사고,0,0,1,0,차대사람 - 횡단중,보행자보호의무위반,건조,맑음,단일로 - 기타,승용,남,55세,상해없음,보행자,남,18세,경상
2019040500100177,2019년 4월 5일 09시,금요일,제주특별자치도 제주시 연동,중상사고,0,1,0,0,차대차 - 기타,신호위반,건조,맑음,교차로 - 교차로부근,승용,남,59세,상해없음,이륜,남,55세,중상
2019040500100228,2019년 4월 5일 11시,금요일,제주특별자치도 제주시 도남동,경상사고,0,0,1,0,차대차 - 기타,신호위반,건조,맑음,단일로 - 기타,승용,여,49세,상해없음,승용,남,29세,경상
2019040500100229,2019년 4월 5일 11시,금요일,제주특별자치도 제주시 애월읍,중상사고,0,1,0,0,차량단독 - 기타,안전운전불이행,건조,맑음,단일로 - 기타,승용,남,58세,중상,,,,
2019040500100321,2019년 4월 5일 14시,금요일,제주특별자치도 서귀포시 서귀동,중상사고,0,1,0,0,차대차 - 측면충돌,안전운전불이행,건조,맑음,교차로 - 교차로안,승용,여,60세,상해없음,이륜,남,74세,중상
2019040500100322,2019년 4월 5일 14시,금요일,제주특별자치도 제주시 노형동,중상사고,0,1,0,0,차대사람 - 횡단중,보행자보호의무위반,건조,맑음,단일로 - 기타,승합,여,52세,상해없음,보행자,남,8세,중상
2019040500100462,2019년 4월 5일 17시,금요일,제주특별자치도 서귀포시 서귀동,중상사고,0,1,0,0,차대사람 - 횡단중,보행자보호의무위반,건조,맑음,교차로 - 교차로횡단보도내,화물,여,57세,상해없음,보행자,여,20세,중상
2019040500100513,2019년 4월 5일 18시,금요일,제주특별자치도 제주시 애월읍,경상사고,0,0,1,0,차대사람 - 횡단중,보행자보호의무위반,건조,맑음,교차로 - 교차로부근,화물,남,60세,상해없음,보행자,남,8세,경상
2019040500100571,2019년 4월 5일 19시,금요일,제주특별자치도 제주시 연동,경상사고,0,0,1,0,차대차 - 측면충돌,안전운전불이행,건조,맑음,교차로 - 교차로안,승용,남,41세,상해없음,승용,여,34세,경상
2019040500100652,2019년 4월 5일 21시,금요일,제주특별자치도 제주시 도련이동,경상사고,0,0,2,0,차대차 - 측면충돌,신호위반,건조,맑음,교차로 - 교차로안,승용,여,21세,상해없음,승용,여,42세,경상
2019040500100653,2019년 4월 5일 21시,금요일,제주특별자치도 제주시 영평동,경상사고,0,0,1,0,차대사람 - 횡단중,보행자보호의무위반,건조,맑음,교차로 - 교차로횡단보도내,승용,남,69세,상해없음,보행자,여,66세,경상
2019040500100654,2019년 4월 5일 21시,금요일,제주특별자치도 서귀포시 표선면,경상사고,0,0,1,0,차대사람 - 횡단중,안전운전불이행,건조,맑음,교차로 - 교차로부근,승합,남,40세,상해없음,보행자,남,52세,경상
2019040500100691,2019년 4월 5일 22시,금요일,제주특별자치도 제주시 노형동,중상사고,0,1,3,0,차대차 - 측면충돌,안전운전불이행,건조,맑음,교차로 - 교차로안,승용,여,17세,상해없음,승용,남,54세,경상
2019040600100061,2019년 4월 6일 01시,토요일,제주특별자치도 제주시 이도이동,경상사고,0,0,1,0,차대사람 - 횡단중,신호위반,건조,맑음,단일로 - 기타,승용,남,54세,상해없음,보행자,남,23세,경상
2019040600100075,2019년 4월 6일 02시,토요일,제주특별자치도 제주시 애월읍,경상사고,0,0,1,0,차량단독 - 공작물충돌,안전운전불이행,건조,맑음,교차로 - 교차로안,화물,남,33세,경상,,,,
2019040600100209,2019년 4월 6일 10시,토요일,제주특별자치도 제주시 조천읍,중상사고,0,1,1,0,차대차 - 측면충돌,교차로운행방법위반,건조,맑음,교차로 - 교차로안,승용,남,49세,상해없음,승합,남,54세,경상
2019040600100210,2019년 4월 6일 10시,토요일,제주특별자치도 제주시 연동,중상사고,0,1,0,0,차대사람 - 횡단중,보행자보호의무위반,건조,맑음,단일로 - 기타,승용,여,18세,상해없음,보행자,여,66세,중상
2019040600100327,2019년 4월 6일 13시,토요일,제주특별자치도 서귀포시 동홍동,중상사고,0,1,0,0,차대사람 - 기타,안전운전불이행,건조,맑음,단일로 - 기타,승용,여,50세,상해없음,보행자,남,37세,중상
2019040600100395,2019년 4월 6일 15시,토요일,제주특별자치도 서귀포시 남원읍,중상사고,0,1,1,0,차대차 - 추돌,안전운전불이행,건조,맑음,단일로 - 기타,승용,여,52세,상해없음,승용,여,61세,경상
2019040600100433,2019년 4월 6일 16시,토요일,제주특별자치도 제주시 아라일동,중상사고,0,2,0,0,차대차 - 정면충돌,신호위반,건조,맑음,교차로 - 교차로안,승용,남,28세,상해없음,승용,남,29세,중상
2019040600100434,2019년 4월 6일 16시,토요일,제주특별자치도 서귀포시 동홍동,경상사고,0,0,1,0,차대차 - 기타,직진우회전진행방해,건조,맑음,교차로 - 교차로안,승용,여,33세,상해없음,승용,여,63세,경상
2019040600100472,2019년 4월 6일 17시,토요일,제주특별자치도 서귀포시 남원읍,중상사고,0,1,0,0,차대차 - 추돌,안전운전불이행,기타,맑음,단일로 - 기타,승용,남,29세,상해없음,이륜,남,35세,중상
2019040600100545,2019년 4월 6일 19시,토요일,제주특별자치도 제주시 아라일동,경상사고,0,0,3,0,차대차 - 측면충돌,신호위반,건조,맑음,교차로 - 교차로안,승용,여,23세,상해없음,승용,여,39세,경상
2019040600100546,2019년 4월 6일 19시,토요일,제주특별자치도 서귀포시 동홍동,중상사고,0,1,0,0,차대사람 - 횡단중,안전운전불이행,건조,맑음,교차로 - 교차로안,승용,남,40세,상해없음,보행자,여,75세,중상
2019040600100601,2019년 4월 6일 21시,토요일,제주특별자치도 서귀포시 색달동,중상사고,0,1,0,0,차대차 - 측면충돌,안전운전불이행,기타,기타,교차로 - 교차로안,이륜,남,22세,중상,승용,여,32세,상해없음
2019040600100602,2019년 4월 6일 21시,토요일,제주특별자치도 제주시 이호이동,경상사고,0,0,1,0,차대차 - 기타,안전운전불이행,건조,맑음,단일로 - 기타,승용,남,71세,상해없음,승용,남,52세,상해없음
2019040600100629,2019년 4월 6일 22시,토요일,제주특별자치도 제주시 연동,경상사고,0,0,1,0,차대차 - 측면충돌,안전거리미확보,건조,기타,단일로 - 기타,승용,남,67세,상해없음,이륜,남,75세,경상
2019040700100134,2019년 4월 7일 09시,일요일,제주특별자치도 서귀포시 동홍동,중상사고,0,1,0,0,차량단독 - 기타,안전운전불이행,건조,맑음,단일로 - 기타,승합,남,52세,상해없음,,,,
2019040700100189,2019년 4월 7일 11시,일요일,제주특별자치도 제주시 건입동,부상신고사고,0,0,0,1,차대차 - 추돌,안전운전불이행,건조,맑음,교차로 - 교차로부근,승합,남,62세,상해없음,승용,남,70세,부상신고
2019040700100244,2019년 4월 7일 13시,일요일,제주특별자치도 제주시 오라일동,중상사고,0,2,0,0,차대차 - 기타,교차로운행방법위반,건조,맑음,교차로 - 교차로안,승용,남,54세,상해없음,승용,여,22세,중상
2019040700100245,2019년 4월 7일 13시,일요일,제주특별자치도 제주시 아라이동,경상사고,0,0,1,0,차대차 - 측면충돌,불법유턴,건조,맑음,교차로 - 교차로안,승용,여,36세,상해없음,승용,여,40세,상해없음
2019040700100246,2019년 4월 7일 13시,일요일,제주특별자치도 서귀포시 서귀동,경상사고,0,0,1,0,차대차 - 기타,직진우회전진행방해,건조,맑음,교차로 - 교차로안,승용,남,41세,상해없음,승용,여,57세,경상
2019040800100049,2019년 4월 8일 03시,월요일,제주특별자치도 서귀포시 서귀동,경상사고,0,0,2,0,차대차 - 측면충돌,직진우회전진행방해,건조,맑음,교차로 - 교차로안,승용,남,64세,상해없음,승용,남,44세,경상
2019040800100159,2019년 4월 8일 08시,월요일,제주특별자치도 제주시 연동,경상사고,0,0,1,1,차대차 - 측면충돌,직진우회전진행방해,건조,맑음,교차로 - 교차로안,승용,여,37세,부상신고,승용,여,43세,경상
2019040800100205,2019년 4월 8일 09시,월요일,제주특별자치도 제주시 삼양일동,경상사고,0,0,1,0,차대차 - 추돌,안전거리미확보,건조,맑음,교차로 - 교차로부근,승용,남,31세,상해없음,화물,남,33세,경상
2019040800100206,2019년 4월 8일 09시,월요일,제주특별자치도 서귀포시 서귀동,경상사고,0,0,2,0,차대차 - 기타,안전운전불이행,기타,맑음,교차로 - 교차로안,승용,남,47세,경상,승용,여,26세,경상
2019040800100237,2019년 4월 8일 10시,월요일,제주특별자치도 서귀포시 성산읍,중상사고,0,1,0,0,차대차 - 측면충돌,직진우회전진행방해,건조,맑음,교차로 - 교차로안,승용,남,37세,상해없음,화물,남,36세,상해없음
2019040800100238,2019년 4월 8일 10시,월요일,제주특별자치도 제주시 해안동,경상사고,0,0,1,0,차대차 - 기타,안전거리미확보,건조,맑음,단일로 - 기타,승용,여,60세,경상,화물,남,46세,상해없음
2019040800100330,2019년 4월 8일 13시,월요일,제주특별자치도 제주시 오라삼동,경상사고,0,0,1,0,차대차 - 추돌,안전거리미확보,건조,맑음,교차로 - 교차로안,승용,남,47세,기타불명,승용,여,33세,경상
2019040800100427,2019년 4월 8일 16시,월요일,제주특별자치도 제주시 외도이동,중상사고,0,1,2,0,차대차 - 추돌,안전거리미확보,건조,맑음,교차로 - 교차로부근,화물,남,72세,중상,승용,여,45세,경상
2019040800100469,2019년 4월 8일 17시,월요일,제주특별자치도 서귀포시 색달동,중상사고,0,1,0,0,차대차 - 기타,직진우회전진행방해,건조,맑음,교차로 - 교차로안,승용,남,63세,상해없음,승용,남,37세,상해없음
2019040800100470,2019년 4월 8일 17시,월요일,제주특별자치도 제주시 애월읍,경상사고,0,0,1,0,차대차 - 기타,중앙선침범,건조,맑음,단일로 - 기타,승용,남,25세,기타불명,이륜,남,21세,경상
2019040800100517,2019년 4월 8일 18시,월요일,제주특별자치도 제주시 이도일동,경상사고,0,0,1,0,차대사람 - 기타,안전운전불이행,건조,맑음,단일로 - 기타,이륜,남,36세,상해없음,보행자,여,60세,경상
2019040800100518,2019년 4월 8일 18시,월요일,제주특별자치도 제주시 연동,경상사고,0,0,1,1,차대차 - 추돌,안전운전불이행,건조,맑음,단일로 - 기타,승용,남,41세,상해없음,승용,여,60세,경상
2019040800100591,2019년 4월 8일 20시,월요일,제주특별자치도 제주시 삼도이동,경상사고,0,0,1,0,차대사람 - 기타,기타,건조,맑음,단일로 - 기타,승용,남,54세,상해없음,보행자,여,55세,경상
2019040800100629,2019년 4월 8일 22시,월요일,제주특별자치도 제주시 노형동,중상사고,0,1,0,0,차대사람 - 횡단중,보행자보호의무위반,건조,맑음,교차로 - 교차로횡단보도내,승용,여,52세,상해없음,보행자,여,57세,중상
2019040900100045,2019년 4월 9일 01시,화요일,제주특별자치도 제주시 이도이동,사망사고,1,0,0,0,차대사람 - 기타,안전운전불이행,건조,맑음,단일로 - 기타,승용,여,29세,상해없음,보행자,남,51세,사망
2019040900100104,2019년 4월 9일 07시,화요일,제주특별자치도 제주시 삼양이동,경상사고,0,0,1,0,차대차 - 기타,직진우회전진행방해,건조,흐림,교차로 - 교차로안,승용,남,52세,상해없음,자전거,남,50세,경상
2019040900100137,2019년 4월 9일 08시,화요일,제주특별자치도 제주시 이도이동,경상사고,0,0,1,0,차대차 - 측면충돌,안전운전불이행,건조,맑음,교차로 - 교차로안,승용,남,73세,상해없음,승용,남,60세,상해없음
2019040900100138,2019년 4월 9일 08시,화요일,제주특별자치도 제주시 노형동,경상사고,0,0,1,0,차대차 - 기타,안전운전불이행,건조,맑음,단일로 - 기타,화물,남,36세,상해없음,승용,여,55세,경상
2019040900100277,2019년 4월 9일 13시,화요일,제주특별자치도 제주시 이도이동,경상사고,0,0,1,0,차대차 - 측면충돌,교차로운행방법위반,건조,맑음,교차로 - 교차로안,승용,여,66세,상해없음,화물,남,24세,경상
2019040900100278,2019년 4월 9일 13시,화요일,제주특별자치도 서귀포시 서귀동,부상신고사고,0,0,0,1,차대차 - 기타,직진우회전진행방해,건조,맑음,교차로 - 교차로안,이륜,남,62세,부상신고,화물,남,59세,상해없음
2019040900100303,2019년 4월 9일 14시,화요일,제주특별자치도 서귀포시 서귀동,경상사고,0,0,1,0,차대차 - 정면충돌,안전운전불이행,젖음/습기,비,단일로 - 기타,승용,남,70세,경상,화물,남,50세,상해없음
2019040900100368,2019년 4월 9일 16시,화요일,제주특별자치도 제주시 한경면,부상신고사고,0,0,0,1,차량단독 - 기타,안전운전불이행,젖음/습기,비,단일로 - 기타,이륜,남,44세,부상신고,,,,
2019040900100402,2019년 4월 9일 17시,화요일,제주특별자치도 서귀포시 동홍동,경상사고,0,0,1,0,차대차 - 측면충돌,안전운전불이행,젖음/습기,비,단일로 - 기타,화물,남,58세,상해없음,이륜,남,43세,경상
2019040900100403,2019년 4월 9일 17시,화요일,제주특별자치도 서귀포시 동홍동,부상신고사고,0,0,0,1,차대차 - 측면충돌,안전운전불이행,젖음/습기,비,교차로 - 교차로부근,자전거,남,13세,부상신고,승용,여,53세,상해없음
2019040900100449,2019년 4월 9일 18시,화요일,제주특별자치도 제주시 조천읍,경상사고,0,0,1,0,차대차 - 추돌,안전거리미확보,젖음/습기,비,교차로 - 교차로부근,승용,남,26세,상해없음,승용,남,72세,경상
2019040900100450,2019년 4월 9일 18시,화요일,제주특별자치도 서귀포시 서귀동,경상사고,0,0,1,1,차대사람 - 차도통행중,안전운전불이행,젖음/습기,비,교차로 - 교차로부근,이륜,남,24세,부상신고,보행자,여,58세,경상
2019040900100451,2019년 4월 9일 18시,화요일,제주특별자치도 제주시 애월읍,경상사고,0,0,1,0,차대차 - 추돌,안전거리미확보,젖음/습기,비,단일로 - 기타,화물,남,33세,상해없음,승용,여,53세,경상
2019040900100514,2019년 4월 9일 19시,화요일,제주특별자치도 서귀포시 대정읍,부상신고사고,0,0,0,1,차대차 - 기타,안전운전불이행,기타,맑음,교차로 - 교차로안,기타불명,기타불명,미분류,기타불명,승용,남,52세,부상신고
2019040900100570,2019년 4월 9일 20시,화요일,제주특별자치도 제주시 용담이동,경상사고,0,0,1,0,차대차 - 정면충돌,안전운전불이행,건조,맑음,교차로 - 교차로안,승용,남,45세,상해없음,승용,남,21세,경상
2019040900100687,2019년 4월 9일 22시,화요일,제주특별자치도 서귀포시 서귀동,중상사고,0,1,0,0,차대차 - 기타,신호위반,젖음/습기,비,교차로 - 교차로부근,승용,남,37세,상해없음,이륜,남,41세,중상
2019040900100748,2019년 4월 9일 23시,화요일,제주특별자치도 제주시 아라일동,사망사고,1,0,0,0,차대사람 - 횡단중,과속,젖음/습기,비,교차로 - 교차로부근,승용,남,64세,상해없음,보행자,남,52세,사망
2019041000100047,2019년 4월 10일 00시,수요일,제주특별자치도 제주시 화북이동,경상사고,0,0,1,0,차대차 - 측면충돌,직진우회전진행방해,젖음/습기,비,교차로 - 교차로안,승용,남,39세,상해없음,승용,남,55세,경상
2019041000100125,2019년 4월 10일 07시,수요일,제주특별자치도 제주시 노형동,부상신고사고,0,0,0,1,차대차 - 추돌,안전거리미확보,건조,기타,단일로 - 기타,승용,남,58세,상해없음,승용,남,37세,부상신고
2019041000100224,2019년 4월 10일 10시,수요일,제주특별자치도 제주시 노형동,경상사고,0,0,2,0,차대차 - 기타,안전운전불이행,건조,흐림,교차로 - 교차로안,화물,남,64세,상해없음,승용,여,38세,경상
2019041000100263,2019년 4월 10일 11시,수요일,제주특별자치도 제주시 연동,경상사고,0,0,5,0,차대차 - 추돌,안전거리미확보,건조,맑음,단일로 - 기타,승용,여,42세,경상,승용,남,31세,상해없음
2019041000100321,2019년 4월 10일 13시,수요일,제주특별자치도 제주시 아라이동,경상사고,0,0,1,0,차대차 - 측면충돌,직진우회전진행방해,건조,맑음,교차로 - 교차로안,승용,남,64세,상해없음,승용,여,30세,상해없음
2019041000100343,2019년 4월 10일 14시,수요일,제주특별자치도 제주시 애월읍,경상사고,0,0,1,0,차대사람 - 횡단중,보행자보호의무위반,건조,맑음,기타 - 기타,승용,남,51세,상해없음,보행자,남,9세,경상
2019041000100374,2019년 4월 10일 15시,수요일,제주특별자치도 서귀포시 색달동,부상신고사고,0,0,0,1,차대차 - 정면충돌,중앙선침범,건조,맑음,단일로 - 기타,자전거,남,23세,부상신고,승용,여,53세,상해없음
2019041000100375,2019년 4월 10일 15시,수요일,제주특별자치도 제주시 한경면,중상사고,0,1,0,0,차대사람 - 기타,교차로운행방법위반,건조,맑음,교차로 - 교차로안,화물,남,46세,상해없음,보행자,여,87세,중상
2019041000100492,2019년 4월 10일 18시,수요일,제주특별자치도 제주시 삼양이동,경상사고,0,0,1,0,차대사람 - 횡단중,기타,건조,맑음,단일로 - 기타,승용,남,70세,기타불명,보행자,여,6세,경상
2019041000100562,2019년 4월 10일 20시,수요일,제주특별자치도 제주시 삼도이동,부상신고사고,0,0,0,1,차대사람 - 횡단중,보행자보호의무위반,건조,맑음,교차로 - 교차로안,승용,남,50세,상해없음,보행자,남,59세,부상신고
2019041100100029,2019년 4월 11일 00시,목요일,제주특별자치도 제주시 이도이동,경상사고,0,0,1,0,차대차 - 정면충돌,신호위반,건조,맑음,교차로 - 교차로안,승용,여,49세,상해없음,승용,남,32세,경상
2019041100100030,2019년 4월 11일 00시,목요일,제주특별자치도 제주시 연동,사망사고,1,0,0,0,차량단독 - 공작물충돌,안전운전불이행,건조,맑음,교차로 - 교차로안,승용,남,43세,사망,,,,
2019041100100090,2019년 4월 11일 06시,목요일,제주특별자치도 제주시 봉개동,중상사고,0,1,1,0,차대차 - 추돌,안전운전불이행,건조,맑음,교차로 - 교차로부근,승용,남,75세,상해없음,승용,여,68세,경상
2019041100100123,2019년 4월 11일 07시,목요일,제주특별자치도 제주시 이도이동,경상사고,0,0,1,0,차대차 - 측면충돌,안전운전불이행,건조,맑음,단일로 - 기타,승용,남,43세,상해없음,자전거,남,35세,경상
2019041100100156,2019년 4월 11일 08시,목요일,제주특별자치도 제주시 연동,경상사고,0,0,1,0,차대차 - 측면충돌,교차로운행방법위반,건조,맑음,교차로 - 교차로안,승용,여,56세,상해없음,승용,여,45세,경상
2019041100100215,2019년 4월 11일 10시,목요일,제주특별자치도 제주시 연동,경상사고,0,0,1,0,차대차 - 기타,안전운전불이행,건조,맑음,교차로 - 교차로부근,승용,여,42세,기타불명,승용,여,43세,경상
2019041100100300,2019년 4월 11일 13시,목요일,제주특별자치도 제주시 화북일동,경상사고,0,0,1,0,차대사람 - 기타,안전운전불이행,건조,맑음,기타 - 기타,승용,남,25세,상해없음,보행자,여,53세,경상
2019041100100301,2019년 4월 11일 13시,목요일,제주특별자치도 서귀포시 성산읍,중상사고,0,2,1,0,차대차 - 기타,기타,건조,맑음,교차로 - 교차로안,승용,남,62세,중상,승용,여,44세,경상
2019041100100302,2019년 4월 11일 13시,목요일,제주특별자치도 제주시 용담이동,경상사고,0,0,1,0,차대사람 - 기타,안전운전불이행,건조,맑음,단일로 - 기타,승용,남,39세,상해없음,보행자,남,24세,경상
2019041100100330,2019년 4월 11일 14시,목요일,제주특별자치도 서귀포시 안덕면,중상사고,0,2,0,0,차대차 - 측면충돌,신호위반,기타,맑음,교차로 - 교차로안,승합,남,61세,상해없음,화물,남,37세,중상
2019041100100414,2019년 4월 11일 17시,목요일,제주특별자치도 제주시 이호일동,중상사고,0,1,1,1,차대차 - 기타,안전운전불이행,건조,맑음,교차로 - 교차로부근,승용,남,56세,상해없음,승용,남,45세,경상
2019041100100450,2019년 4월 11일 18시,목요일,제주특별자치도 제주시 연동,경상사고,0,0,5,0,차대차 - 기타,안전거리미확보,건조,맑음,단일로 - 기타,이륜,남,55세,경상,승용,여,30세,경상
2019041100100490,2019년 4월 11일 19시,목요일,제주특별자치도 제주시 연동,중상사고,0,1,0,0,차대차 - 기타,직진우회전진행방해,건조,맑음,교차로 - 교차로안,승용,여,43세,상해없음,자전거,남,10세,중상
2019041100100519,2019년 4월 11일 20시,목요일,제주특별자치도 제주시 연동,경상사고,0,0,1,0,차대차 - 기타,안전거리미확보,건조,맑음,단일로 - 기타,승용,남,53세,기타불명,승용,남,35세,경상
2019041100100552,2019년 4월 11일 21시,목요일,제주특별자치도 제주시 연동,중상사고,0,1,0,0,차대사람 - 횡단중,보행자보호의무위반,건조,맑음,교차로 - 교차로횡단보도내,승합,여,66세,상해없음,보행자,남,44세,중상
2019041100100575,2019년 4월 11일 22시,목요일,제주특별자치도 제주시 용담일동,중상사고,0,1,0,0,차대차 - 측면충돌,안전운전불이행,건조,맑음,교차로 - 교차로안,승용,여,42세,상해없음,승용,여,38세,중상
2019041100100576,2019년 4월 11일 22시,목요일,제주특별자치도 서귀포시 대정읍,중상사고,0,1,0,0,차대사람 - 횡단중,안전운전불이행,기타,기타,교차로 - 교차로안,승용,남,47세,상해없음,보행자,여,56세,중상
2019041100100605,2019년 4월 11일 23시,목요일,제주특별자치도 제주시 이도이동,경상사고,0,0,1,0,차대차 - 추돌,안전운전불이행,건조,기타,단일로 - 기타,승용,남,32세,상해없음,승용,여,55세,경상
2019041200100083,2019년 4월 12일 06시,금요일,제주특별자치도 제주시 용담이동,경상사고,0,0,1,0,차대차 - 추돌,교차로운행방법위반,건조,맑음,교차로 - 교차로안,승용,여,48세,경상,승합,남,31세,상해없음
2019041200100105,2019년 4월 12일 07시,금요일,제주특별자치도 서귀포시 서홍동,중상사고,0,1,0,0,차대사람 - 기타,안전운전불이행,건조,맑음,단일로 - 기타,승용,남,65세,상해없음,보행자,남,59세,중상
2019041200100144,2019년 4월 12일 08시,금요일,제주특별자치도 제주시 영평동,경상사고,0,0,1,0,차대사람 - 기타,안전운전불이행,건조,맑음,단일로 - 기타,승용,여,39세,상해없음,보행자,여,87세,경상
2019041200100301,2019년 4월 12일 13시,금요일,제주특별자치도 제주시 도두일동,경상사고,0,0,3,0,차대차 - 기타,안전운전불이행,건조,맑음,기타 - 기타,승용,여,29세,경상,승용,여,72세,경상
2019041200100334,2019년 4월 12일 14시,금요일,제주특별자치도 제주시 구좌읍,중상사고,0,1,0,0,차대사람 - 횡단중,보행자보호의무위반,건조,맑음,교차로 - 교차로횡단보도내,화물,남,44세,상해없음,보행자,여,10세,중상
2019041200100335,2019년 4월 12일 14시,금요일,제주특별자치도 제주시 이도이동,경상사고,0,0,1,0,차대사람 - 기타,기타,건조,맑음,단일로 - 기타,승용,여,52세,상해없음,보행자,여,50세,경상