사고번호,사고일시,요일,시군구,사고내용,사망자수,중상자수,경상자수,부상신고자수,사고유형,법규위반,노면상태,기상상태,도로형태,가해운전자 차종,가해운전자 성별,가해운전자 연령,가해운전자 상해정도,피해운전자 차종,피해운전자 성별,피해운전자 연령,피해운전자 상해정도
2019041200100336,2019년 4월 12일 14시,금요일,제주특별자치도 제주시 노형동,부상신고사고,0,0,0,1,차대차 - 측면충돌,안전거리미확보,건조,맑음,단일로 - 기타,승용,남,70세,부상신고,승용,남,61세,상해없음
2019041200100504,2019년 4월 12일 18시,금요일,제주특별자치도 서귀포시 중문동,경상사고,0,0,3,0,차대차 - 추돌,안전운전불이행,건조,맑음,교차로 - 교차로부근,승용,여,30세,상해없음,승용,남,31세,경상
2019041200100505,2019년 4월 12일 18시,금요일,제주특별자치도 제주시 한림읍,경상사고,0,0,1,0,차대차 - 기타,안전운전불이행,건조,맑음,교차로 - 교차로안,원동기,남,63세,경상,승용,남,44세,상해없음
2019041200100506,2019년 4월 12일 18시,금요일,제주특별자치도 제주시 연동,경상사고,0,0,3,0,차대차 - 측면충돌,신호위반,건조,맑음,교차로 - 교차로안,승용,여,31세,경상,승용,남,76세,경상
2019041200100552,2019년 4월 12일 19시,금요일,제주특별자치도 제주시 연동,경상사고,0,0,5,0,차대차 - 측면충돌,안전운전불이행,건조,맑음,단일로 - 기타,승용,여,41세,상해없음,승용,남,60세,경상
2019041200100586,2019년 4월 12일 20시,금요일,제주특별자치도 제주시 연동,중상사고,0,1,0,0,차대사람 - 차도통행중,안전운전불이행,건조,맑음,단일로 - 기타,기타불명,기타불명,미분류,기타불명,보행자,남,21세,중상
2019041200100587,2019년 4월 12일 20시,금요일,제주특별자치도 제주시 용담이동,경상사고,0,0,1,0,차대차 - 기타,안전운전불이행,건조,맑음,교차로 - 교차로부근,승용,남,62세,상해없음,승용,남,50세,경상
2019041200100617,2019년 4월 12일 21시,금요일,제주특별자치도 서귀포시 호근동,경상사고,0,0,1,0,차대차 - 후진중충돌,안전운전불이행,건조,맑음,교차로 - 교차로부근,승용,남,59세,상해없음,승용,남,59세,상해없음
2019041300100049,2019년 4월 13일 01시,토요일,제주특별자치도 제주시 이도이동,중상사고,0,1,0,0,차대차 - 기타,신호위반,건조,맑음,교차로 - 교차로부근,승용,남,24세,상해없음,이륜,남,53세,중상
2019041300100158,2019년 4월 13일 08시,토요일,제주특별자치도 서귀포시 대정읍,경상사고,0,0,2,0,차대차 - 기타,직진우회전진행방해,건조,맑음,교차로 - 교차로안,승용,남,53세,경상,화물,남,50세,경상
2019041300100180,2019년 4월 13일 09시,토요일,제주특별자치도 제주시 화북일동,경상사고,0,0,1,0,차대차 - 측면충돌,교차로운행방법위반,건조,맑음,교차로 - 교차로안,승용,남,52세,상해없음,승용,여,41세,경상
2019041300100181,2019년 4월 13일 09시,토요일,제주특별자치도 제주시 이도일동,경상사고,0,0,2,0,차대차 - 측면충돌,안전운전불이행,건조,맑음,단일로 - 기타,승용,여,57세,상해없음,화물,남,48세,경상
2019041300100216,2019년 4월 13일 10시,토요일,제주특별자치도 제주시 일도이동,경상사고,0,0,1,0,차대사람 - 기타,신호위반,건조,맑음,교차로 - 교차로횡단보도내,승용,남,69세,상해없음,보행자,여,10세,경상
2019041300100217,2019년 4월 13일 10시,토요일,제주특별자치도 제주시 연동,중상사고,0,1,0,0,차대사람 - 기타,보행자보호의무위반,건조,맑음,기타 - 기타,승용,남,82세,상해없음,보행자,남,71세,중상
2019041300100257,2019년 4월 13일 11시,토요일,제주특별자치도 서귀포시 도순동,중상사고,0,1,0,0,차대사람 - 횡단중,안전운전불이행,건조,맑음,단일로 - 기타,승용,남,32세,상해없음,보행자,여,80세,중상
2019041300100460,2019년 4월 13일 16시,토요일,제주특별자치도 제주시 조천읍,경상사고,0,0,4,0,차대차 - 측면충돌,안전운전불이행,건조,맑음,단일로 - 기타,이륜,남,19세,경상,승용,여,36세,경상
2019041300100461,2019년 4월 13일 16시,토요일,제주특별자치도 제주시 용담일동,경상사고,0,0,1,1,차대차 - 측면충돌,직진우회전진행방해,건조,맑음,교차로 - 교차로안,승용,남,28세,부상신고,승용,남,27세,상해없음
2019041300100541,2019년 4월 13일 18시,토요일,제주특별자치도 제주시 노형동,경상사고,0,0,1,0,차대차 - 추돌,안전거리미확보,건조,맑음,단일로 - 기타,승용,여,67세,상해없음,승용,여,43세,경상
2019041300100578,2019년 4월 13일 19시,토요일,제주특별자치도 서귀포시 서호동,경상사고,0,0,1,0,차대차 - 추돌,안전거리미확보,건조,맑음,단일로 - 기타,승용,여,30세,상해없음,승용,남,54세,경상
2019041300100579,2019년 4월 13일 19시,토요일,제주특별자치도 제주시 애월읍,경상사고,0,0,5,0,차대차 - 측면충돌,교차로운행방법위반,건조,맑음,교차로 - 교차로안,승용,남,59세,경상,승용,남,24세,경상
2019041300100623,2019년 4월 13일 20시,토요일,제주특별자치도 제주시 일도이동,경상사고,0,0,1,0,차대차 - 기타,안전거리미확보,건조,맑음,교차로 - 교차로안,승용,남,51세,상해없음,원동기,남,52세,경상
2019041300100624,2019년 4월 13일 20시,토요일,제주특별자치도 제주시 내도동,경상사고,0,0,1,0,차대차 - 기타,안전운전불이행,건조,맑음,단일로 - 기타,화물,남,45세,상해없음,승합,남,36세,경상
2019041300100625,2019년 4월 13일 20시,토요일,제주특별자치도 제주시 용담이동,경상사고,0,0,2,1,차대차 - 기타,안전운전불이행,건조,맑음,단일로 - 기타,승용,남,63세,상해없음,승용,여,54세,상해없음
2019041300100657,2019년 4월 13일 21시,토요일,제주특별자치도 제주시 삼도이동,경상사고,0,0,2,0,차대차 - 측면충돌,안전운전불이행,건조,맑음,교차로 - 교차로안,승용,남,52세,상해없음,화물,남,61세,경상
2019041300100681,2019년 4월 13일 22시,토요일,제주특별자치도 제주시 한림읍,경상사고,0,0,1,0,차량단독 - 공작물충돌,안전운전불이행,건조,맑음,단일로 - 기타,승용,남,48세,경상,,,,
2019041400100085,2019년 4월 14일 05시,일요일,제주특별자치도 서귀포시 동홍동,중상사고,0,1,1,0,차대차 - 측면충돌,신호위반,건조,맑음,교차로 - 교차로안,승용,여,65세,상해없음,승용,여,62세,경상
2019041400100124,2019년 4월 14일 09시,일요일,제주특별자치도 제주시 도두이동,경상사고,0,0,2,0,차대차 - 추돌,안전운전불이행,건조,맑음,교차로 - 교차로부근,승용,남,45세,상해없음,승용,남,58세,경상
2019041400100164,2019년 4월 14일 11시,일요일,제주특별자치도 제주시 오라삼동,부상신고사고,0,0,0,1,차대차 - 기타,직진우회전진행방해,건조,맑음,교차로 - 교차로안,이륜,남,28세,부상신고,기타불명,기타불명,미분류,기타불명
2019041400100189,2019년 4월 14일 12시,일요일,제주특별자치도 제주시 노형동,경상사고,0,0,1,0,차대차 - 기타,안전운전불이행,건조,맑음,단일로 - 기타,이륜,남,19세,상해없음,승용,여,36세,경상
2019041400100248,2019년 4월 14일 14시,일요일,제주특별자치도 제주시 구좌읍,경상사고,0,0,4,1,차대차 - 기타,직진우회전진행방해,건조,맑음,교차로 - 교차로안,승용,여,33세,상해없음,승용,여,25세,경상
2019041400100320,2019년 4월 14일 17시,일요일,제주특별자치도 제주시 애월읍,경상사고,0,0,2,0,차대차 - 추돌,안전운전불이행,건조,맑음,단일로 - 기타,승용,남,58세,상해없음,승용,남,41세,경상
2019041500100059,2019년 4월 15일 05시,월요일,제주특별자치도 제주시 아라이동,경상사고,0,0,2,0,차대차 - 측면충돌,신호위반,건조,맑음,교차로 - 교차로안,승용,여,55세,상해없음,승용,남,49세,경상
2019041500100091,2019년 4월 15일 07시,월요일,제주특별자치도 제주시 영평동,중상사고,0,3,0,0,차대차 - 측면충돌,교차로운행방법위반,건조,맑음,교차로 - 교차로부근,승용,남,50세,중상,승용,여,49세,중상
2019041500100092,2019년 4월 15일 07시,월요일,제주특별자치도 서귀포시 대정읍,경상사고,0,0,2,0,차대차 - 측면충돌,신호위반,기타,맑음,교차로 - 교차로안,승용,여,27세,상해없음,승용,남,62세,경상
2019041500100150,2019년 4월 15일 08시,월요일,제주특별자치도 제주시 삼양이동,경상사고,0,0,1,0,차대차 - 기타,중앙선침범,건조,맑음,단일로 - 기타,화물,남,61세,상해없음,승용,여,47세,경상
2019041500100151,2019년 4월 15일 08시,월요일,제주특별자치도 제주시 용담이동,경상사고,0,0,1,0,차대차 - 측면충돌,안전운전불이행,건조,맑음,단일로 - 기타,승용,여,42세,상해없음,승용,여,56세,경상
2019041500100188,2019년 4월 15일 09시,월요일,제주특별자치도 제주시 구좌읍,중상사고,0,1,1,0,차대차 - 추돌,안전거리미확보,건조,맑음,교차로 - 교차로부근,승용,여,29세,경상,승합,남,54세,상해없음
2019041500100189,2019년 4월 15일 09시,월요일,제주특별자치도 제주시 구좌읍,경상사고,0,0,1,0,차대차 - 기타,교차로운행방법위반,건조,맑음,교차로 - 교차로안,승용,남,38세,경상,화물,남,45세,상해없음
2019041500100323,2019년 4월 15일 13시,월요일,제주특별자치도 제주시 조천읍,중상사고,0,1,0,0,차대사람 - 기타,기타,건조,맑음,교차로 - 교차로안,화물,남,48세,상해없음,보행자,남,24세,중상
2019041500100370,2019년 4월 15일 14시,월요일,제주특별자치도 제주시 내도동,경상사고,0,0,1,0,차대차 - 정면충돌,중앙선침범,건조,맑음,단일로 - 기타,승용,남,66세,상해없음,화물,남,58세,경상
2019041500100417,2019년 4월 15일 15시,월요일,제주특별자치도 서귀포시 안덕면,중상사고,0,1,0,0,차량단독 - 공작물충돌,안전운전불이행,건조,맑음,단일로 - 기타,승용,여,27세,상해없음,,,,
2019041500100473,2019년 4월 15일 16시,월요일,제주특별자치도 제주시 연동,부상신고사고,0,0,0,1,차대차 - 측면충돌,안전운전불이행,건조,맑음,교차로 - 교차로안,이륜,남,46세,부상신고,승용,남,67세,상해없음
2019041500100577,2019년 4월 15일 18시,월요일,제주특별자치도 서귀포시 표선면,경상사고,0,0,1,0,차대사람 - 기타,안전운전불이행,기타,맑음,교차로 - 교차로부근,승용,여,50세,상해없음,보행자,여,65세,경상
2019041500100578,2019년 4월 15일 18시,월요일,제주특별자치도 서귀포시 동홍동,경상사고,0,0,1,0,차대차 - 기타,안전거리미확보,건조,맑음,단일로 - 기타,승용,남,26세,상해없음,승합,남,36세,상해없음
2019041500100658,2019년 4월 15일 20시,월요일,제주특별자치도 제주시 용담일동,중상사고,0,1,0,0,차대차 - 측면충돌,신호위반,건조,흐림,교차로 - 교차로안,승용,여,55세,상해없음,승용,여,53세,중상
2019041500100659,2019년 4월 15일 20시,월요일,제주특별자치도 제주시 삼도이동,경상사고,0,0,1,0,차대차 - 측면충돌,신호위반,건조,맑음,교차로 - 교차로안,승용,여,54세,상해없음,승용,여,32세,경상
2019041500100660,2019년 4월 15일 20시,월요일,제주특별자치도 제주시 노형동,경상사고,0,0,1,1,차대차 - 측면충돌,교차로운행방법위반,건조,기타,교차로 - 교차로안,화물,남,58세,상해없음,승용,여,38세,경상
2019041500100699,2019년 4월 15일 22시,월요일,제주특별자치도 서귀포시 남원읍,경상사고,0,0,1,0,차대차 - 추돌,안전운전불이행,건조,맑음,교차로 - 교차로부근,승용,남,54세,상해없음,승용,남,70세,경상
2019041600100055,2019년 4월 16일 04시,화요일,제주특별자치도 제주시 조천읍,경상사고,0,0,3,0,차대차 - 측면충돌,교차로운행방법위반,건조,맑음,교차로 - 교차로안,화물,남,67세,경상,승용,여,25세,경상
2019041600100068,2019년 4월 16일 05시,화요일,제주특별자치도 제주시 노형동,경상사고,0,0,2,0,차대차 - 기타,신호위반,건조,맑음,교차로 - 교차로안,승용,남,64세,상해없음,승용,남,36세,경상
2019041600100082,2019년 4월 16일 06시,화요일,제주특별자치도 제주시 연동,경상사고,0,0,1,0,차대차 - 기타,직진우회전진행방해,건조,맑음,교차로 - 교차로안,승합,남,48세,상해없음,이륜,남,59세,경상
2019041600100108,2019년 4월 16일 07시,화요일,제주특별자치도 제주시 노형동,경상사고,0,0,2,0,차대차 - 측면충돌,교차로운행방법위반,건조,맑음,교차로 - 교차로안,승용,여,40세,경상,승용,여,65세,경상
2019041600100159,2019년 4월 16일 08시,화요일,제주특별자치도 제주시 도련일동,중상사고,0,1,0,0,차대차 - 측면충돌,안전운전불이행,건조,맑음,교차로 - 교차로안,승용,여,68세,상해없음,승용,여,36세,중상
2019041600100368,2019년 4월 16일 14시,화요일,제주특별자치도 제주시 오라일동,경상사고,0,0,1,0,차대차 - 측면충돌,중앙선침범,건조,맑음,기타 - 기타,승용,여,61세,상해없음,화물,여,62세,경상
2019041600100369,2019년 4월 16일 14시,화요일,제주특별자치도 서귀포시 동홍동,중상사고,0,2,2,0,차대차 - 측면충돌,차로위반,건조,맑음,단일로 - 기타,이륜,남,47세,중상,승용,여,54세,경상
2019041600100370,2019년 4월 16일 14시,화요일,제주특별자치도 제주시 한림읍,부상신고사고,0,0,0,1,차대차 - 기타,안전운전불이행,건조,맑음,단일로 - 기타,이륜,남,49세,부상신고,승용,여,28세,상해없음
2019041600100371,2019년 4월 16일 14시,화요일,제주특별자치도 제주시 용담이동,경상사고,0,0,1,0,차량단독 - 기타,안전운전불이행,건조,맑음,단일로 - 기타,승용,남,72세,상해없음,,,,
2019041600100413,2019년 4월 16일 15시,화요일,제주특별자치도 제주시 노형동,경상사고,0,0,1,0,차대차 - 기타,교차로운행방법위반,건조,맑음,교차로 - 교차로안,승용,남,27세,상해없음,승용,남,44세,경상
2019041600100507,2019년 4월 16일 17시,화요일,제주특별자치도 제주시 한림읍,중상사고,0,1,0,0,차대차 - 추돌,신호위반,건조,맑음,교차로 - 교차로부근,이륜,남,22세,중상,승용,여,35세,상해없음
2019041600100508,2019년 4월 16일 17시,화요일,제주특별자치도 제주시 연동,경상사고,0,0,3,2,차대차 - 정면충돌,직진우회전진행방해,건조,맑음,교차로 - 교차로안,승용,여,24세,경상,승용,남,47세,부상신고
2019041600100553,2019년 4월 16일 18시,화요일,제주특별자치도 서귀포시 도순동,중상사고,0,1,3,0,차대차 - 측면충돌,교차로운행방법위반,기타,맑음,교차로 - 교차로안,승용,여,28세,상해없음,승용,남,30세,경상
2019041600100676,2019년 4월 16일 22시,화요일,제주특별자치도 서귀포시 서귀동,중상사고,0,1,0,0,차대사람 - 횡단중,보행자보호의무위반,건조,맑음,교차로 - 교차로횡단보도내,승용,여,58세,상해없음,보행자,남,54세,중상
2019041700100026,2019년 4월 17일 00시,수요일,제주특별자치도 서귀포시 서귀동,경상사고,0,0,1,0,차대사람 - 기타,보행자보호의무위반,건조,맑음,교차로 - 교차로횡단보도내,승용,남,62세,상해없음,보행자,남,52세,경상
2019041700100251,2019년 4월 17일 11시,수요일,제주특별자치도 제주시 노형동,경상사고,0,0,1,0,차대사람 - 기타,안전운전불이행,건조,맑음,단일로 - 기타,승용,남,50세,상해없음,보행자,여,52세,경상
2019041700100280,2019년 4월 17일 12시,수요일,제주특별자치도 서귀포시 중문동,중상사고,0,1,0,0,차대차 - 기타,안전운전불이행,건조,맑음,단일로 - 기타,건설기계,남,49세,상해없음,이륜,남,66세,중상
2019041700100314,2019년 4월 17일 13시,수요일,제주특별자치도 서귀포시 안덕면,경상사고,0,0,2,0,차대차 - 정면충돌,교차로운행방법위반,건조,맑음,교차로 - 교차로안,승용,남,53세,상해없음,승용,여,26세,경상
2019041700100343,2019년 4월 17일 14시,수요일,제주특별자치도 제주시 연동,경상사고,0,0,1,0,차대차 - 후진중충돌,안전운전불이행,건조,맑음,기타 - 기타,승용,여,51세,상해없음,승용,여,54세,경상
2019041700100388,2019년 4월 17일 15시,수요일,제주특별자치도 제주시 연동,중상사고,0,1,0,0,차대사람 - 기타,안전운전불이행,건조,맑음,기타 - 기타,승용,여,58세,상해없음,보행자,남,63세,중상
2019041700100421,2019년 4월 17일 16시,수요일,제주특별자치도 제주시 노형동,중상사고,0,1,0,0,차대차 - 기타,직진우회전진행방해,건조,맑음,교차로 - 교차로안,승용,여,29세,상해없음,이륜,남,26세,중상
2019041700100460,2019년 4월 17일 17시,수요일,제주특별자치도 제주시 오라일동,경상사고,0,0,2,0,차대차 - 기타,안전거리미확보,건조,맑음,단일로 - 기타,승용,남,47세,상해없음,승용,남,24세,상해없음
2019041700100549,2019년 4월 17일 19시,수요일,제주특별자치도 제주시 일도이동,경상사고,0,0,1,0,차대사람 - 기타,보행자보호의무위반,건조,맑음,교차로 - 교차로안,승용,남,61세,상해없음,보행자,남,71세,경상
2019041700100550,2019년 4월 17일 19시,수요일,제주특별자치도 제주시 화북일동,경상사고,0,0,1,0,차대사람 - 횡단중,보행자보호의무위반,건조,맑음,단일로 - 기타,승용,여,33세,상해없음,보행자,남,32세,경상
2019041800100078,2019년 4월 18일 06시,목요일,제주특별자치도 서귀포시 동홍동,중상사고,0,1,1,0,차대차 - 측면충돌,안전운전불이행,건조,맑음,교차로 - 교차로부근,승용,남,81세,경상,승합,남,48세,상해없음
2019041800100099,2019년 4월 18일 07시,목요일,제주특별자치도 제주시 구좌읍,사망사고,1,1,0,0,차대차 - 측면충돌,신호위반,건조,맑음,교차로 - 교차로안,화물,남,47세,기타불명,화물,남,47세,중상
2019041800100100,2019년 4월 18일 07시,목요일,제주특별자치도 제주시 해안동,경상사고,0,0,4,0,차대차 - 기타,신호위반,건조,맑음,교차로 - 교차로안,승용,여,30세,상해없음,승용,여,54세,경상
2019041800100178,2019년 4월 18일 09시,목요일,제주특별자치도 제주시 삼도일동,경상사고,0,0,1,0,차량단독 - 기타,안전운전불이행,건조,맑음,단일로 - 기타,승합,남,63세,상해없음,,,,
2019041800100216,2019년 4월 18일 10시,목요일,제주특별자치도 제주시 도련이동,경상사고,0,0,1,0,차대차 - 기타,교차로운행방법위반,건조,맑음,교차로 - 교차로안,승용,여,53세,상해없음,승용,여,38세,경상
2019041800100217,2019년 4월 18일 10시,목요일,제주특별자치도 서귀포시 상효동,경상사고,0,0,1,0,차대차 - 측면충돌,신호위반,건조,맑음,교차로 - 교차로안,화물,남,64세,상해없음,승용,여,36세,경상
2019041800100417,2019년 4월 18일 16시,목요일,제주특별자치도 제주시 이도이동,경상사고,0,0,1,0,차대차 - 기타,신호위반,건조,맑음,교차로 - 교차로안,이륜,남,77세,경상,승용,남,60세,상해없음
2019041800100418,2019년 4월 18일 16시,목요일,제주특별자치도 제주시 연동,경상사고,0,0,1,0,차대차 - 기타,교차로운행방법위반,건조,맑음,교차로 - 교차로안,승용,남,56세,상해없음,승용,여,33세,경상
2019041800100459,2019년 4월 18일 17시,목요일,제주특별자치도 제주시 건입동,경상사고,0,0,1,0,차대사람 - 기타,안전운전불이행,건조,맑음,교차로 - 교차로안,화물,남,67세,상해없음,보행자,남,46세,경상
2019041800100493,2019년 4월 18일 18시,목요일,제주특별자치도 제주시 건입동,경상사고,0,0,1,0,차대차 - 추돌,안전거리미확보,건조,맑음,단일로 - 기타,승용,여,54세,상해없음,승용,여,43세,경상
2019041800100494,2019년 4월 18일 18시,목요일,제주특별자치도 제주시 도남동,경상사고,0,0,2,0,차대차 - 측면충돌,직진우회전진행방해,건조,맑음,교차로 - 교차로안,승용,여,28세,경상,승용,여,47세,경상
2019041800100495,2019년 4월 18일 18시,목요일,제주특별자치도 제주시 이도이동,경상사고,0,0,1,0,차대차 - 추돌,교차로운행방법위반,건조,맑음,교차로 - 교차로안,승용,여,38세,상해없음,승용,여,39세,경상
2019041800100529,2019년 4월 18일 19시,목요일,제주특별자치도 제주시 오라일동,경상사고,0,0,1,0,차대차 - 측면충돌,교차로운행방법위반,건조,맑음,교차로 - 교차로안,이륜,남,48세,경상,승용,남,33세,상해없음
2019041900100106,2019년 4월 19일 07시,금요일,제주특별자치도 제주시 도두일동,경상사고,0,0,1,0,차대차 - 측면충돌,교차로운행방법위반,건조,맑음,교차로 - 교차로부근,승용,남,46세,상해없음,승용,여,28세,경상
2019041900100188,2019년 4월 19일 09시,금요일,제주특별자치도 제주시 일도이동,중상사고,0,2,3,2,차대차 - 추돌,안전운전불이행,건조,맑음,단일로 - 기타,승용,남,66세,부상신고,승용,여,61세,부상신고
2019041900100189,2019년 4월 19일 09시,금요일,제주특별자치도 제주시 도남동,경상사고,0,0,1,0,차대차 - 측면충돌,안전거리미확보,건조,맑음,단일로 - 기타,승용,남,68세,상해없음,이륜,남,20세,경상
2019041900100190,2019년 4월 19일 09시,금요일,제주특별자치도 제주시 용담삼동,경상사고,0,0,1,0,차대차 - 측면충돌,안전운전불이행,건조,맑음,교차로 - 교차로횡단보도내,승용,남,33세,상해없음,자전거,남,28세,경상
2019041900100191,2019년 4월 19일 09시,금요일,제주특별자치도 제주시 해안동,경상사고,0,0,3,0,차대차 - 추돌,안전거리미확보,건조,맑음,단일로 - 기타,승용,여,38세,상해없음,승용,여,28세,경상
2019041900100227,2019년 4월 19일 10시,금요일,제주특별자치도 제주시 연동,부상신고사고,0,0,0,1,차대사람 - 기타,안전운전불이행,건조,맑음,단일로 - 기타,승합,남,34세,상해없음,보행자,여,30세,부상신고
2019041900100257,2019년 4월 19일 11시,금요일,제주특별자치도 제주시 외도이동,부상신고사고,0,0,0,2,차대차 - 측면충돌,직진우회전진행방해,건조,맑음,교차로 - 교차로안,승용,여,30세,부상신고,승용,여,27세,부상신고
2019041900100327,2019년 4월 19일 13시,금요일,제주특별자치도 서귀포시 안덕면,중상사고,0,1,0,0,차대차 - 기타,직진우회전진행방해,건조,맑음,교차로 - 교차로안,승합,남,27세,상해없음,이륜,남,45세,중상
2019041900100489,2019년 4월 19일 17시,금요일,제주특별자치도 제주시 조천읍,경상사고,0,0,1,0,차대차 - 측면충돌,중앙선침범,건조,맑음,단일로 - 기타,승용,남,27세,상해없음,승용,여,53세,경상
2019041900100490,2019년 4월 19일 17시,금요일,제주특별자치도 서귀포시 안덕면,경상사고,0,0,2,0,차대차 - 측면충돌,안전운전불이행,건조,맑음,교차로 - 교차로부근,승용,남,66세,상해없음,화물,남,27세,경상
2019041900100491,2019년 4월 19일 17시,금요일,제주특별자치도 서귀포시 안덕면,부상신고사고,0,0,0,1,차대차 - 기타,안전거리미확보,건조,맑음,교차로 - 교차로부근,이륜,남,56세,부상신고,승용,여,52세,상해없음
2019041900100492,2019년 4월 19일 17시,금요일,제주특별자치도 제주시 연동,경상사고,0,0,1,0,차대사람 - 횡단중,보행자보호의무위반,건조,맑음,교차로 - 교차로횡단보도내,승용,남,55세,상해없음,보행자,여,45세,경상
2019041900100541,2019년 4월 19일 18시,금요일,제주특별자치도 서귀포시 대정읍,경상사고,0,0,1,0,차대차 - 기타,직진우회전진행방해,건조,맑음,교차로 - 교차로안,승용,여,57세,상해없음,승용,남,58세,상해없음
2019041900100687,2019년 4월 19일 22시,금요일,제주특별자치도 서귀포시 성산읍,경상사고,0,0,1,0,차대차 - 기타,안전운전불이행,건조,맑음,단일로 - 기타,승용,여,41세,경상,농기계,남,38세,상해없음
2019042000100039,2019년 4월 20일 00시,토요일,제주특별자치도 제주시 이도일동,중상사고,0,1,0,0,차대사람 - 길가장자리구역통행중,안전운전불이행,건조,맑음,교차로 - 교차로안,승용,남,66세,상해없음,보행자,남,37세,중상
2019042000100136,2019년 4월 20일 07시,토요일,제주특별자치도 제주시 삼도이동,경상사고,0,0,4,0,차대차 - 기타,안전거리미확보,건조,맑음,교차로 - 교차로부근,승용,남,27세,경상,이륜,남,18세,경상
2019042000100179,2019년 4월 20일 09시,토요일,제주특별자치도 제주시 일도이동,경상사고,0,0,2,0,차대차 - 기타,신호위반,건조,맑음,교차로 - 교차로안,승용,여,28세,경상,승용,남,45세,경상
2019042000100346,2019년 4월 20일 13시,토요일,제주특별자치도 제주시 우도면,중상사고,0,1,0,0,차대차 - 기타,안전운전불이행,건조,맑음,단일로 - 기타,자전거,여,29세,중상,승용,남,40세,상해없음
2019042000100382,2019년 4월 20일 14시,토요일,제주특별자치도 제주시 일도이동,경상사고,0,0,3,0,차대차 - 추돌,안전운전불이행,건조,맑음,교차로 - 교차로부근,승용,남,40세,상해없음,승용,여,61세,경상
2019042000100496,2019년 4월 20일 17시,토요일,제주특별자치도 제주시 구좌읍,중상사고,0,1,2,0,차대차 - 정면충돌,신호위반,건조,맑음,교차로 - 교차로안,승용,남,30세,경상,승용,남,26세,중상
2019042000100630,2019년 4월 20일 21시,토요일,제주특별자치도 서귀포시 표선면,사망사고,1,0,0,0,차량단독 - 공작물충돌,안전운전불이행,건조,맑음,단일로 - 기타,승용,남,50세,사망,,,,
2019042100100143,2019년 4월 21일 09시,일요일,제주특별자치도 제주시 노형동,중상사고,0,1,0,0,차대사람 - 보도통행중,기타,건조,맑음,교차로 - 교차로횡단보도내,승용,남,19세,상해없음,보행자,여,79세,중상
2019042100100144,2019년 4월 21일 09시,일요일,제주특별자치도 제주시 외도일동,경상사고,0,0,1,1,차대차 - 측면충돌,교차로운행방법위반,건조,맑음,교차로 - 교차로안,승용,여,38세,경상,승용,남,48세,부상신고
2019042100100186,2019년 4월 21일 11시,일요일,제주특별자치도 서귀포시 표선면,경상사고,0,0,1,0,차대사람 - 기타,안전운전불이행,건조,맑음,단일로 - 기타,승용,남,71세,상해없음,보행자,남,5세,경상
2019042100100255,2019년 4월 21일 14시,일요일,제주특별자치도 제주시 삼도이동,경상사고,0,0,1,0,차대차 - 기타,교차로운행방법위반,건조,맑음,교차로 - 교차로안,승용,남,62세,상해없음,승용,남,32세,경상
2019042100100283,2019년 4월 21일 15시,일요일,제주특별자치도 서귀포시 동홍동,중상사고,0,2,1,1,차대차 - 측면충돌,직진우회전진행방해,건조,맑음,교차로 - 교차로안,승용,남,30세,부상신고,승용,남,43세,중상
2019042100100362,2019년 4월 21일 18시,일요일,제주특별자치도 제주시 용담일동,경상사고,0,0,1,0,차대차 - 측면충돌,직진우회전진행방해,건조,맑음,교차로 - 교차로안,승용,남,47세,기타불명,승용,남,57세,상해없음
2019042100100409,2019년 4월 21일 20시,일요일,제주특별자치도 제주시 연동,경상사고,0,0,1,0,차대차 - 기타,안전운전불이행,건조,맑음,단일로 - 기타,승용,여,21세,상해없음,승용,남,48세,경상
2019042100100444,2019년 4월 21일 21시,일요일,제주특별자치도 제주시 이도이동,경상사고,0,0,1,0,차대차 - 기타,안전운전불이행,건조,맑음,교차로 - 교차로부근,승용,남,58세,상해없음,이륜,남,61세,기타불명
2019042100100445,2019년 4월 21일 21시,일요일,제주특별자치도 제주시 아라이동,경상사고,0,0,1,0,차대차 - 기타,신호위반,건조,맑음,교차로 - 교차로부근,승용,남,42세,상해없음,승합,남,42세,상해없음
2019042100100446,2019년 4월 21일 21시,일요일,제주특별자치도 제주시 한림읍,경상사고,0,0,2,1,차대차 - 측면충돌,신호위반,건조,맑음,교차로 - 교차로안,승용,여,44세,경상,승용,남,56세,경상
2019042200100146,2019년 4월 22일 08시,월요일,제주특별자치도 제주시 조천읍,사망사고,1,0,0,0,차대차 - 측면충돌,직진우회전진행방해,건조,맑음,교차로 - 교차로안,이륜,여,70세,사망,승용,남,31세,상해없음
2019042200100147,2019년 4월 22일 08시,월요일,제주특별자치도 제주시 화북이동,중상사고,0,1,1,0,차대차 - 추돌,안전거리미확보,건조,맑음,단일로 - 기타,승용,여,50세,상해없음,승용,여,63세,중상
2019042200100148,2019년 4월 22일 08시,월요일,제주특별자치도 제주시 오라이동,경상사고,0,0,2,0,차대차 - 측면충돌,교차로운행방법위반,건조,맑음,교차로 - 교차로부근,승용,남,72세,경상,승용,남,51세,경상