사고번호,사고일시,요일,시군구,사고내용,사망자수,중상자수,경상자수,부상신고자수,사고유형,법규위반,노면상태,기상상태,도로형태,가해운전자 차종,가해운전자 성별,가해운전자 연령,가해운전자 상해정도,피해운전자 차종,피해운전자 성별,피해운전자 연령,피해운전자 상해정도
2019042200100149,2019년 4월 22일 08시,월요일,제주특별자치도 제주시 애월읍,경상사고,0,0,3,0,차대차 - 기타,신호위반,건조,맑음,교차로 - 교차로안,승용,여,34세,경상,승합,남,49세,경상
2019042200100270,2019년 4월 22일 11시,월요일,제주특별자치도 서귀포시 성산읍,경상사고,0,0,1,0,차대차 - 측면충돌,교차로운행방법위반,건조,맑음,교차로 - 교차로안,승용,남,27세,상해없음,이륜,남,62세,경상
2019042200100271,2019년 4월 22일 11시,월요일,제주특별자치도 제주시 도평동,경상사고,0,0,1,0,차대차 - 측면충돌,직진우회전진행방해,건조,맑음,교차로 - 교차로안,화물,남,31세,상해없음,승용,여,34세,경상
2019042200100304,2019년 4월 22일 12시,월요일,제주특별자치도 제주시 연동,경상사고,0,0,1,0,차대차 - 기타,안전운전불이행,건조,맑음,교차로 - 교차로부근,승용,남,73세,상해없음,승용,남,41세,경상
2019042200100388,2019년 4월 22일 14시,월요일,제주특별자치도 제주시 노형동,경상사고,0,0,2,2,차대차 - 기타,안전거리미확보,건조,맑음,단일로 - 기타,이륜,남,17세,부상신고,승용,여,24세,경상
2019042200100523,2019년 4월 22일 17시,월요일,제주특별자치도 제주시 애월읍,경상사고,0,0,1,0,차대차 - 추돌,안전운전불이행,건조,맑음,단일로 - 기타,화물,여,53세,상해없음,화물,남,55세,상해없음
2019042200100570,2019년 4월 22일 18시,월요일,제주특별자치도 제주시 일도이동,경상사고,0,0,1,0,차대차 - 기타,안전운전불이행,건조,맑음,단일로 - 기타,승용,여,51세,상해없음,승용,여,46세,경상
2019042200100662,2019년 4월 22일 21시,월요일,제주특별자치도 서귀포시 서귀동,경상사고,0,0,1,0,차대차 - 후진중충돌,안전운전불이행,건조,맑음,단일로 - 기타,승용,남,29세,상해없음,이륜,남,43세,경상
2019042300100121,2019년 4월 23일 08시,화요일,제주특별자치도 제주시 연동,경상사고,0,0,2,0,차대차 - 기타,교차로운행방법위반,건조,맑음,교차로 - 교차로안,승용,여,33세,경상,승용,남,27세,경상
2019042300100165,2019년 4월 23일 09시,화요일,제주특별자치도 제주시 화북일동,경상사고,0,0,1,0,차대차 - 기타,안전거리미확보,젖음/습기,비,단일로 - 기타,화물,여,55세,상해없음,승용,여,31세,경상
2019042300100166,2019년 4월 23일 09시,화요일,제주특별자치도 서귀포시 표선면,경상사고,0,0,6,0,차대차 - 측면충돌,직진우회전진행방해,젖음/습기,비,교차로 - 교차로안,승용,남,23세,경상,승용,여,58세,경상
2019042300100222,2019년 4월 23일 11시,화요일,제주특별자치도 제주시 노형동,경상사고,0,0,1,1,차대차 - 기타,직진우회전진행방해,젖음/습기,비,교차로 - 교차로안,승용,여,26세,상해없음,승용,여,22세,부상신고
2019042300100313,2019년 4월 23일 14시,화요일,제주특별자치도 제주시 오라이동,경상사고,0,0,2,0,차대차 - 기타,중앙선침범,건조,맑음,교차로 - 교차로부근,승용,여,49세,상해없음,화물,남,51세,상해없음
2019042300100386,2019년 4월 23일 16시,화요일,제주특별자치도 제주시 노형동,경상사고,0,0,1,0,차대차 - 추돌,안전운전불이행,건조,맑음,단일로 - 기타,이륜,남,23세,상해없음,승용,여,40세,경상
2019042300100432,2019년 4월 23일 17시,화요일,제주특별자치도 제주시 오라삼동,중상사고,0,1,0,0,차대차 - 정면충돌,중앙선침범,건조,맑음,단일로 - 기타,원동기,남,22세,상해없음,자전거,남,55세,중상
2019042300100433,2019년 4월 23일 17시,화요일,제주특별자치도 제주시 노형동,경상사고,0,0,1,0,차대차 - 기타,안전거리미확보,건조,맑음,단일로 - 기타,이륜,남,31세,경상,승용,남,44세,상해없음
2019042300100434,2019년 4월 23일 17시,화요일,제주특별자치도 제주시 오라삼동,중상사고,0,1,0,0,차대차 - 정면충돌,중앙선침범,건조,맑음,단일로 - 기타,이륜,남,22세,상해없음,자전거,남,55세,중상
2019042400100073,2019년 4월 24일 02시,수요일,제주특별자치도 서귀포시 안덕면,중상사고,0,1,0,0,차량단독 - 전도전복 - 전복,안전운전불이행,젖음/습기,안개,단일로 - 기타,승용,남,50세,상해없음,,,,
2019042400100089,2019년 4월 24일 03시,수요일,제주특별자치도 제주시 아라이동,경상사고,0,0,1,0,차대차 - 측면충돌,신호위반,건조,맑음,교차로 - 교차로부근,승합,남,58세,상해없음,승용,남,64세,경상
2019042400100148,2019년 4월 24일 07시,수요일,제주특별자치도 서귀포시 남원읍,경상사고,0,0,1,0,차대차 - 기타,중앙선침범,건조,맑음,기타 - 기타,승용,남,29세,상해없음,승용,남,44세,경상
2019042400100193,2019년 4월 24일 08시,수요일,제주특별자치도 제주시 용담이동,경상사고,0,0,1,0,차대차 - 기타,교차로운행방법위반,건조,맑음,교차로 - 교차로안,승용,남,41세,상해없음,화물,남,34세,경상
2019042400100258,2019년 4월 24일 10시,수요일,제주특별자치도 제주시 오라이동,경상사고,0,0,1,0,차대차 - 기타,기타,건조,맑음,단일로 - 기타,화물,남,52세,상해없음,승용,남,32세,경상
2019042400100308,2019년 4월 24일 12시,수요일,제주특별자치도 서귀포시 안덕면,경상사고,0,0,1,0,차대차 - 추돌,안전운전불이행,건조,맑음,교차로 - 교차로부근,화물,남,39세,상해없음,승용,여,69세,경상
2019042400100336,2019년 4월 24일 13시,수요일,제주특별자치도 제주시 한림읍,부상신고사고,0,0,0,2,차대차 - 기타,직진우회전진행방해,건조,맑음,교차로 - 교차로안,승용,여,47세,상해없음,이륜,남,26세,부상신고
2019042400100372,2019년 4월 24일 14시,수요일,제주특별자치도 서귀포시 하효동,중상사고,0,1,0,0,차대차 - 측면충돌,직진우회전진행방해,건조,맑음,교차로 - 교차로안,승용,여,28세,상해없음,이륜,여,71세,중상
2019042400100373,2019년 4월 24일 14시,수요일,제주특별자치도 제주시 해안동,경상사고,0,0,3,0,차대차 - 측면충돌,안전운전불이행,건조,맑음,단일로 - 기타,승용,여,59세,상해없음,승용,여,30세,경상
2019042400100407,2019년 4월 24일 15시,수요일,제주특별자치도 서귀포시 법환동,중상사고,0,1,0,0,차대차 - 측면충돌,안전거리미확보,건조,맑음,단일로 - 기타,승용,남,29세,상해없음,이륜,남,31세,중상
2019042400100408,2019년 4월 24일 15시,수요일,제주특별자치도 제주시 내도동,경상사고,0,0,1,0,차대차 - 정면충돌,교차로운행방법위반,건조,맑음,교차로 - 교차로안,화물,남,47세,상해없음,승용,여,50세,경상
2019042400100445,2019년 4월 24일 16시,수요일,제주특별자치도 제주시 아라일동,경상사고,0,0,2,0,차대차 - 기타,안전운전불이행,건조,맑음,교차로 - 교차로안,승용,여,18세,경상,승용,남,24세,상해없음
2019042400100446,2019년 4월 24일 16시,수요일,제주특별자치도 서귀포시 동홍동,중상사고,0,1,0,0,차대차 - 추돌,안전거리미확보,건조,맑음,단일로 - 기타,승용,남,24세,상해없음,승용,여,44세,중상
2019042400100536,2019년 4월 24일 18시,수요일,제주특별자치도 서귀포시 하원동,경상사고,0,0,1,1,차대차 - 기타,안전운전불이행,건조,맑음,단일로 - 기타,승합,남,59세,상해없음,이륜,여,21세,경상
2019042400100581,2019년 4월 24일 19시,수요일,제주특별자치도 서귀포시 강정동,중상사고,0,1,0,0,차대사람 - 기타,안전운전불이행,건조,맑음,단일로 - 기타,화물,남,67세,상해없음,보행자,남,32세,중상
2019042400100611,2019년 4월 24일 20시,수요일,제주특별자치도 서귀포시 서홍동,경상사고,0,0,1,0,차량단독 - 기타,안전운전불이행,건조,맑음,단일로 - 기타,승용,여,59세,경상,,,,
2019042400100612,2019년 4월 24일 20시,수요일,제주특별자치도 제주시 한경면,중상사고,0,1,0,0,차대사람 - 기타,안전운전불이행,건조,맑음,단일로 - 기타,화물,남,23세,기타불명,보행자,남,82세,중상
2019042500100139,2019년 4월 25일 08시,목요일,제주특별자치도 제주시 한림읍,중상사고,0,1,0,0,차대차 - 측면충돌,안전운전불이행,건조,맑음,교차로 - 교차로안,화물,남,64세,상해없음,이륜,남,65세,중상
2019042500100365,2019년 4월 25일 15시,목요일,제주특별자치도 제주시 이도이동,경상사고,0,0,1,0,차대사람 - 횡단중,보행자보호의무위반,건조,맑음,교차로 - 교차로횡단보도내,승용,여,40세,상해없음,보행자,여,6세,경상
2019042500100696,2019년 4월 25일 23시,목요일,제주특별자치도 제주시 노형동,경상사고,0,0,1,0,차대사람 - 기타,안전운전불이행,건조,맑음,주차장 - 주차장,승용,여,50세,상해없음,보행자,남,45세,경상
2019042500100697,2019년 4월 25일 23시,목요일,제주특별자치도 제주시 연동,경상사고,0,0,1,0,차대사람 - 기타,안전운전불이행,건조,맑음,단일로 - 기타,승용,남,28세,상해없음,보행자,남,32세,경상
2019042600100045,2019년 4월 26일 00시,금요일,제주특별자치도 제주시 연동,중상사고,0,1,0,0,차대차 - 측면충돌,안전운전불이행,젖음/습기,비,교차로 - 교차로안,승용,남,25세,상해없음,이륜,남,18세,중상
2019042600100132,2019년 4월 26일 07시,금요일,제주특별자치도 제주시 월평동,경상사고,0,0,1,0,차대차 - 추돌,안전거리미확보,건조,맑음,단일로 - 기타,승용,남,47세,상해없음,승용,남,49세,경상
2019042600100169,2019년 4월 26일 08시,금요일,제주특별자치도 제주시 오라이동,경상사고,0,0,1,0,차대차 - 측면충돌,교차로운행방법위반,건조,맑음,교차로 - 교차로안,이륜,남,52세,경상,승용,남,61세,상해없음
2019042600100170,2019년 4월 26일 08시,금요일,제주특별자치도 제주시 이도이동,경상사고,0,0,1,0,차대사람 - 기타,안전운전불이행,건조,맑음,단일로 - 기타,화물,남,33세,상해없음,보행자,남,18세,경상
2019042600100171,2019년 4월 26일 08시,금요일,제주특별자치도 서귀포시 안덕면,사망사고,1,0,0,0,차대사람 - 기타,안전운전불이행,건조,맑음,단일로 - 기타,화물,남,66세,상해없음,보행자,여,60세,사망
2019042600100299,2019년 4월 26일 12시,금요일,제주특별자치도 제주시 연동,경상사고,0,0,1,0,차대차 - 기타,안전거리미확보,건조,맑음,단일로 - 기타,승용,남,55세,상해없음,승용,여,46세,경상
2019042600100360,2019년 4월 26일 14시,금요일,제주특별자치도 서귀포시 표선면,중상사고,0,1,0,0,차대차 - 기타,직진우회전진행방해,건조,맑음,교차로 - 교차로안,승용,여,53세,중상,승용,남,47세,상해없음
2019042600100532,2019년 4월 26일 18시,금요일,제주특별자치도 제주시 구좌읍,중상사고,0,1,4,0,차대차 - 측면충돌,차로위반,건조,흐림,단일로 - 기타,승용,남,26세,상해없음,승용,여,34세,중상
2019042700100097,2019년 4월 27일 04시,토요일,제주특별자치도 제주시 건입동,중상사고,0,1,0,0,차량단독 - 기타,안전운전불이행,건조,맑음,단일로 - 기타,이륜,남,53세,중상,,,,
2019042700100187,2019년 4월 27일 09시,토요일,제주특별자치도 제주시 봉개동,경상사고,0,0,1,0,차대차 - 측면충돌,교차로운행방법위반,건조,맑음,교차로 - 교차로안,승용,여,57세,상해없음,승용,여,43세,경상
2019042700100230,2019년 4월 27일 10시,토요일,제주특별자치도 제주시 아라일동,경상사고,0,0,2,0,차대차 - 추돌,안전거리미확보,건조,맑음,단일로 - 기타,화물,남,28세,상해없음,승용,여,48세,경상
2019042700100280,2019년 4월 27일 11시,토요일,제주특별자치도 제주시 한림읍,중상사고,0,2,4,0,차대차 - 측면충돌,신호위반,건조,맑음,교차로 - 교차로안,승용,여,46세,경상,승용,남,36세,경상
2019042700100477,2019년 4월 27일 16시,토요일,제주특별자치도 서귀포시 남원읍,중상사고,0,1,11,0,차대차 - 측면충돌,안전운전불이행,건조,맑음,단일로 - 기타,승합,여,28세,경상,승용,남,39세,경상
2019042700100524,2019년 4월 27일 17시,토요일,제주특별자치도 서귀포시 동홍동,경상사고,0,0,1,1,차대차 - 기타,안전운전불이행,건조,맑음,교차로 - 교차로안,승용,남,40세,부상신고,승용,여,51세,경상
2019042700100592,2019년 4월 27일 19시,토요일,제주특별자치도 제주시 연동,경상사고,0,0,3,0,차대차 - 추돌,안전운전불이행,건조,맑음,단일로 - 기타,승용,남,64세,상해없음,승용,남,59세,경상
2019042700100625,2019년 4월 27일 20시,토요일,제주특별자치도 제주시 화북일동,경상사고,0,0,1,0,차대차 - 추돌,안전거리미확보,건조,맑음,교차로 - 교차로부근,승합,남,54세,상해없음,승용,남,68세,경상
2019042700100626,2019년 4월 27일 20시,토요일,제주특별자치도 서귀포시 서귀동,중상사고,0,1,0,0,차대사람 - 기타,안전운전불이행,건조,맑음,단일로 - 기타,승용,여,23세,상해없음,보행자,여,62세,중상
2019042800100094,2019년 4월 28일 06시,일요일,제주특별자치도 제주시 이도이동,중상사고,0,1,0,0,차대차 - 추돌,안전운전불이행,건조,맑음,교차로 - 교차로부근,승용,남,33세,상해없음,승용,여,66세,중상
2019042800100155,2019년 4월 28일 10시,일요일,제주특별자치도 제주시 오라일동,경상사고,0,0,1,0,차대사람 - 기타,안전운전불이행,건조,맑음,기타 - 기타,승용,남,53세,상해없음,보행자,여,68세,경상
2019042800100156,2019년 4월 28일 10시,일요일,제주특별자치도 제주시 연동,경상사고,0,0,1,1,차대차 - 기타,직진우회전진행방해,건조,맑음,교차로 - 교차로안,이륜,남,30세,경상,승용,남,46세,부상신고
2019042800100168,2019년 4월 28일 11시,일요일,제주특별자치도 서귀포시 강정동,경상사고,0,0,1,1,차대차 - 기타,차로위반,건조,맑음,단일로 - 기타,승용,남,39세,부상신고,이륜,남,50세,경상
2019042800100192,2019년 4월 28일 12시,일요일,제주특별자치도 제주시 노형동,경상사고,0,0,1,0,차대차 - 측면충돌,교차로운행방법위반,건조,맑음,교차로 - 교차로안,승용,남,25세,경상,승용,남,30세,상해없음
2019042800100254,2019년 4월 28일 14시,일요일,제주특별자치도 제주시 용담일동,경상사고,0,0,4,0,차대차 - 기타,교차로운행방법위반,건조,맑음,교차로 - 교차로안,승용,여,29세,상해없음,승용,여,35세,경상
2019042800100289,2019년 4월 28일 15시,일요일,제주특별자치도 서귀포시 서귀동,중상사고,0,1,0,0,차량단독 - 기타,안전운전불이행,건조,맑음,단일로 - 기타,기타불명,기타불명,미분류,기타불명,,,,
2019042800100290,2019년 4월 28일 15시,일요일,제주특별자치도 제주시 노형동,경상사고,0,0,1,0,차대차 - 측면충돌,중앙선침범,건조,맑음,단일로 - 기타,이륜,남,24세,경상,승용,여,27세,상해없음
2019042800100291,2019년 4월 28일 15시,일요일,제주특별자치도 제주시 애월읍,경상사고,0,0,1,1,차대차 - 측면충돌,교차로운행방법위반,건조,맑음,교차로 - 교차로안,승용,남,77세,부상신고,승용,남,82세,경상
2019042800100382,2019년 4월 28일 18시,일요일,제주특별자치도 제주시 노형동,경상사고,0,0,2,0,차대차 - 측면충돌,교차로운행방법위반,건조,맑음,교차로 - 교차로안,승용,남,67세,경상,승용,여,47세,경상
2019042800100428,2019년 4월 28일 20시,일요일,제주특별자치도 서귀포시 남원읍,중상사고,0,2,0,1,차대차 - 추돌,안전운전불이행,건조,맑음,교차로 - 교차로부근,화물,남,75세,상해없음,승용,여,34세,중상
2019042800100498,2019년 4월 28일 23시,일요일,제주특별자치도 제주시 연동,중상사고,0,1,0,0,차대차 - 기타,기타,건조,맑음,교차로 - 교차로부근,승용,남,47세,상해없음,이륜,남,47세,중상
2019042900100040,2019년 4월 29일 01시,월요일,제주특별자치도 제주시 삼도이동,경상사고,0,0,1,0,차량단독 - 도로외이탈 - 기타,기타,젖음/습기,비,단일로 - 기타,승용,남,58세,상해없음,,,,
2019042900100148,2019년 4월 29일 08시,월요일,제주특별자치도 제주시 아라일동,중상사고,0,2,0,1,차대차 - 측면충돌,안전운전불이행,젖음/습기,비,단일로 - 기타,승합,남,38세,중상,승용,여,53세,중상
2019042900100181,2019년 4월 29일 09시,월요일,제주특별자치도 제주시 봉개동,경상사고,0,0,1,0,차대차 - 측면충돌,직진우회전진행방해,건조,맑음,교차로 - 교차로안,승합,남,53세,상해없음,승용,여,34세,경상
2019042900100182,2019년 4월 29일 09시,월요일,제주특별자치도 제주시 이도이동,경상사고,0,0,3,0,차대차 - 측면충돌,직진우회전진행방해,건조,맑음,교차로 - 교차로안,승용,여,38세,경상,승용,여,34세,경상
2019042900100183,2019년 4월 29일 09시,월요일,제주특별자치도 제주시 한경면,중상사고,0,1,0,0,차대사람 - 기타,안전운전불이행,건조,맑음,기타 - 기타,승합,남,49세,상해없음,보행자,여,87세,중상
2019042900100216,2019년 4월 29일 10시,월요일,제주특별자치도 제주시 조천읍,경상사고,0,0,1,0,차대사람 - 기타,안전운전불이행,젖음/습기,비,단일로 - 기타,승용,여,27세,상해없음,보행자,여,57세,경상
2019042900100217,2019년 4월 29일 10시,월요일,제주특별자치도 제주시 용담이동,부상신고사고,0,0,0,1,차대차 - 기타,직진우회전진행방해,건조,맑음,교차로 - 교차로안,승용,남,56세,상해없음,승용,남,80세,부상신고
2019042900100292,2019년 4월 29일 12시,월요일,제주특별자치도 서귀포시 하원동,중상사고,0,1,0,1,차대차 - 기타,과속,건조,맑음,교차로 - 교차로안,화물,남,53세,부상신고,화물,남,71세,중상
2019042900100357,2019년 4월 29일 14시,월요일,제주특별자치도 제주시 이도일동,경상사고,0,0,1,0,차대사람 - 기타,기타,건조,맑음,기타 - 기타,화물,남,40세,상해없음,보행자,남,42세,경상
2019042900100392,2019년 4월 29일 15시,월요일,제주특별자치도 제주시 화북이동,중상사고,0,1,0,0,차대사람 - 횡단중,신호위반,건조,맑음,교차로 - 교차로횡단보도내,승용,여,31세,상해없음,보행자,여,6세,중상
2019042900100393,2019년 4월 29일 15시,월요일,제주특별자치도 제주시 한림읍,중상사고,0,1,0,0,차대사람 - 횡단중,보행자보호의무위반,젖음/습기,비,단일로 - 기타,승용,여,59세,상해없음,보행자,여,9세,중상
2019042900100475,2019년 4월 29일 17시,월요일,제주특별자치도 제주시 아라일동,경상사고,0,0,1,0,차대차 - 측면충돌,직진우회전진행방해,건조,맑음,교차로 - 교차로부근,승용,여,69세,상해없음,승용,여,22세,경상
2019043000100141,2019년 4월 30일 08시,화요일,제주특별자치도 서귀포시 대정읍,경상사고,0,0,1,0,차대차 - 추돌,안전거리미확보,건조,맑음,교차로 - 교차로부근,승용,여,40세,상해없음,승용,남,37세,경상
2019043000100178,2019년 4월 30일 09시,화요일,제주특별자치도 제주시 화북일동,경상사고,0,0,2,0,차대차 - 추돌,안전거리미확보,젖음/습기,비,단일로 - 기타,화물,남,53세,상해없음,승용,여,45세,경상
2019043000100238,2019년 4월 30일 11시,화요일,제주특별자치도 제주시 우도면,경상사고,0,0,1,0,차대차 - 측면충돌,직진우회전진행방해,건조,맑음,교차로 - 교차로안,이륜,남,45세,경상,승용,여,45세,상해없음
2019043000100330,2019년 4월 30일 14시,화요일,제주특별자치도 제주시 봉개동,사망사고,1,0,0,0,차대사람 - 횡단중,안전운전불이행,건조,흐림,단일로 - 기타,승용,남,36세,상해없음,보행자,남,63세,사망
2019043000100368,2019년 4월 30일 15시,화요일,제주특별자치도 제주시 용담일동,경상사고,0,0,2,0,차대차 - 기타,교차로운행방법위반,건조,맑음,교차로 - 교차로안,승용,여,35세,상해없음,승용,여,43세,경상
2019043000100400,2019년 4월 30일 16시,화요일,제주특별자치도 제주시 일도이동,경상사고,0,0,4,0,차대차 - 기타,안전거리미확보,건조,맑음,교차로 - 교차로안,승용,남,25세,상해없음,화물,남,24세,경상
2019043000100451,2019년 4월 30일 17시,화요일,제주특별자치도 제주시 용담이동,경상사고,0,0,1,0,차대차 - 측면충돌,신호위반,건조,맑음,교차로 - 교차로안,승용,남,60세,상해없음,승용,여,34세,경상
2019043000100492,2019년 4월 30일 18시,화요일,제주특별자치도 제주시 애월읍,경상사고,0,0,2,0,차대차 - 측면충돌,교차로운행방법위반,건조,맑음,교차로 - 교차로안,승용,남,76세,경상,승용,여,54세,경상
2019043000100523,2019년 4월 30일 19시,화요일,제주특별자치도 제주시 용담이동,경상사고,0,0,3,0,차대차 - 정면충돌,신호위반,건조,맑음,교차로 - 교차로안,승용,남,26세,상해없음,승용,남,48세,경상
2019050100100041,2019년 5월 1일 00시,수요일,제주특별자치도 제주시 애월읍,중상사고,0,1,1,0,차대차 - 추돌,과속,젖음/습기,안개,단일로 - 기타,승용,남,27세,상해없음,승용,남,39세,중상
2019050100100070,2019년 5월 1일 02시,수요일,제주특별자치도 제주시 삼도일동,경상사고,0,0,1,0,차대차 - 측면충돌,신호위반,건조,맑음,교차로 - 교차로안,승용,남,27세,상해없음,승합,여,48세,경상
2019050100100082,2019년 5월 1일 03시,수요일,제주특별자치도 제주시 용담삼동,경상사고,0,0,1,0,차량단독 - 전도전복 - 전도,안전운전불이행,건조,맑음,단일로 - 기타,이륜,남,16세,경상,,,,
2019050100100140,2019년 5월 1일 08시,수요일,제주특별자치도 서귀포시 안덕면,경상사고,0,0,2,0,차대차 - 추돌,안전운전불이행,건조,맑음,단일로 - 기타,승용,여,31세,상해없음,승용,남,37세,경상
2019050100100162,2019년 5월 1일 09시,수요일,제주특별자치도 서귀포시 안덕면,경상사고,0,0,2,0,차대차 - 측면충돌,신호위반,기타,맑음,교차로 - 교차로안,승용,여,46세,상해없음,승용,여,54세,경상
2019050100100321,2019년 5월 1일 14시,수요일,제주특별자치도 제주시 애월읍,경상사고,0,0,3,0,차대차 - 측면충돌,신호위반,건조,맑음,교차로 - 교차로안,승용,남,54세,상해없음,승용,남,41세,경상
2019050100100396,2019년 5월 1일 16시,수요일,제주특별자치도 제주시 노형동,부상신고사고,0,0,0,1,차대차 - 기타,안전운전불이행,건조,맑음,교차로 - 교차로안,승용,여,25세,부상신고,승용,남,56세,상해없음
2019050100100433,2019년 5월 1일 17시,수요일,제주특별자치도 제주시 노형동,경상사고,0,0,1,0,차대차 - 측면충돌,안전운전불이행,건조,맑음,교차로 - 교차로부근,승용,남,20세,상해없음,승용,남,20세,상해없음
2019050100100468,2019년 5월 1일 18시,수요일,제주특별자치도 제주시 화북일동,경상사고,0,0,1,0,차대차 - 측면충돌,직진우회전진행방해,건조,맑음,교차로 - 교차로안,승용,남,39세,기타불명,승용,남,27세,경상
2019050100100469,2019년 5월 1일 18시,수요일,제주특별자치도 제주시 애월읍,부상신고사고,0,0,0,4,차대차 - 측면충돌,직진우회전진행방해,건조,맑음,교차로 - 교차로안,승용,여,23세,상해없음,승용,남,38세,부상신고
2019050200100029,2019년 5월 2일 00시,목요일,제주특별자치도 제주시 애월읍,중상사고,0,1,0,0,차량단독 - 공작물충돌,안전운전불이행,건조,맑음,단일로 - 기타,승용,남,32세,상해없음,,,,
2019050200100150,2019년 5월 2일 08시,목요일,제주특별자치도 제주시 화북이동,중상사고,0,1,0,0,차대차 - 측면충돌,안전운전불이행,건조,맑음,단일로 - 기타,화물,남,50세,상해없음,자전거,남,36세,중상
2019050200100151,2019년 5월 2일 08시,목요일,제주특별자치도 제주시 애월읍,중상사고,0,1,0,0,차대차 - 기타,안전운전불이행,건조,맑음,단일로 - 기타,승용,남,28세,상해없음,건설기계,남,45세,중상
2019050200100225,2019년 5월 2일 10시,목요일,제주특별자치도 서귀포시 성산읍,경상사고,0,0,1,0,차대차 - 기타,직진우회전진행방해,건조,맑음,교차로 - 교차로부근,승합,여,59세,상해없음,자전거,남,70세,경상
2019050200100297,2019년 5월 2일 12시,목요일,제주특별자치도 제주시 이도일동,경상사고,0,0,1,0,차대사람 - 기타,안전운전불이행,건조,맑음,단일로 - 기타,승용,여,34세,상해없음,보행자,여,47세,경상
2019050200100298,2019년 5월 2일 12시,목요일,제주특별자치도 제주시 애월읍,경상사고,0,0,1,0,차대차 - 기타,직진우회전진행방해,건조,맑음,교차로 - 교차로안,화물,남,48세,상해없음,승용,여,60세,경상
2019050200100327,2019년 5월 2일 13시,목요일,제주특별자치도 제주시 노형동,경상사고,0,0,1,0,차대사람 - 기타,기타,건조,맑음,기타 - 기타,승용,여,41세,상해없음,보행자,여,28세,경상
2019050200100498,2019년 5월 2일 17시,목요일,제주특별자치도 제주시 한경면,경상사고,0,0,1,0,차대차 - 후진중충돌,안전운전불이행,건조,맑음,단일로 - 기타,농기계,남,82세,상해없음,이륜,여,51세,경상
2019050200100554,2019년 5월 2일 18시,목요일,제주특별자치도 서귀포시 강정동,중상사고,0,1,0,0,차대사람 - 기타,보행자보호의무위반,건조,맑음,교차로 - 교차로부근,승용,남,49세,상해없음,보행자,남,45세,중상
2019050200100623,2019년 5월 2일 20시,목요일,제주특별자치도 제주시 오라일동,경상사고,0,0,1,0,차대사람 - 기타,기타,건조,맑음,단일로 - 기타,승용,남,66세,상해없음,보행자,남,39세,경상
2019050300100169,2019년 5월 3일 08시,금요일,제주특별자치도 제주시 이호이동,경상사고,0,0,1,0,차대차 - 기타,과속,건조,맑음,교차로 - 교차로안,승용,남,37세,상해없음,승용,남,38세,경상
2019050300100208,2019년 5월 3일 09시,금요일,제주특별자치도 제주시 영평동,중상사고,0,2,0,0,차대차 - 정면충돌,안전운전불이행,건조,맑음,단일로 - 기타,화물,남,51세,중상,승용,남,51세,중상
2019050300100244,2019년 5월 3일 10시,금요일,제주특별자치도 서귀포시 표선면,경상사고,0,0,1,0,차대차 - 측면충돌,직진우회전진행방해,건조,맑음,교차로 - 교차로안,농기계,남,73세,경상,승합,남,65세,상해없음
2019050300100280,2019년 5월 3일 11시,금요일,제주특별자치도 제주시 구좌읍,경상사고,0,0,1,0,차대차 - 추돌,안전운전불이행,건조,맑음,교차로 - 교차로부근,승용,남,57세,상해없음,승합,남,43세,경상
2019050300100312,2019년 5월 3일 12시,금요일,제주특별자치도 서귀포시 색달동,중상사고,0,1,1,0,차대차 - 기타,안전운전불이행,건조,맑음,단일로 - 기타,승합,여,70세,중상,승용,남,68세,경상
2019050300100313,2019년 5월 3일 12시,금요일,제주특별자치도 제주시 한림읍,부상신고사고,0,0,0,2,차량단독 - 전도전복 - 전도,안전운전불이행,건조,맑음,교차로 - 교차로부근,원동기,남,19세,부상신고,,,,
2019050300100435,2019년 5월 3일 15시,금요일,제주특별자치도 서귀포시 성산읍,중상사고,0,1,0,0,차대사람 - 횡단중,안전운전불이행,건조,맑음,교차로 - 교차로부근,이륜,남,75세,상해없음,보행자,여,58세,중상
2019050300100436,2019년 5월 3일 15시,금요일,제주특별자치도 제주시 연동,부상신고사고,0,0,0,1,차대사람 - 횡단중,안전운전불이행,건조,맑음,교차로 - 교차로횡단보도내,승용,여,55세,상해없음,보행자,여,69세,부상신고
2019050300100480,2019년 5월 3일 16시,금요일,제주특별자치도 제주시 화북이동,경상사고,0,0,1,0,차대차 - 측면충돌,교차로운행방법위반,건조,맑음,교차로 - 교차로안,화물,남,35세,상해없음,이륜,남,53세,경상
2019050300100481,2019년 5월 3일 16시,금요일,제주특별자치도 제주시 한경면,경상사고,0,0,1,0,차량단독 - 전도전복 - 전도,안전운전불이행,건조,맑음,단일로 - 기타,화물,남,32세,경상,,,,
2019050300100708,2019년 5월 3일 21시,금요일,제주특별자치도 제주시 삼도이동,경상사고,0,0,1,0,차대사람 - 횡단중,안전운전불이행,건조,맑음,교차로 - 교차로안,승용,남,38세,상해없음,보행자,남,60세,경상
2019050300100734,2019년 5월 3일 22시,금요일,제주특별자치도 제주시 연동,경상사고,0,0,1,0,차대차 - 측면충돌,교차로운행방법위반,건조,맑음,교차로 - 교차로안,이륜,남,54세,경상,승용,남,35세,상해없음