사고번호,사고일시,요일,시군구,사고내용,사망자수,중상자수,경상자수,부상신고자수,사고유형,법규위반,노면상태,기상상태,도로형태,가해운전자 차종,가해운전자 성별,가해운전자 연령,가해운전자 상해정도,피해운전자 차종,피해운전자 성별,피해운전자 연령,피해운전자 상해정도
2019050300100760,2019년 5월 3일 23시,금요일,제주특별자치도 서귀포시 강정동,중상사고,0,3,2,0,차대차 - 측면충돌,불법유턴,건조,맑음,단일로 - 기타,승합,남,65세,상해없음,승용,여,46세,중상
2019050400100131,2019년 5월 4일 07시,토요일,제주특별자치도 서귀포시 서호동,중상사고,0,1,1,0,차대차 - 측면충돌,안전운전불이행,건조,맑음,단일로 - 기타,승용,남,50세,경상,화물,남,43세,상해없음
2019050400100211,2019년 5월 4일 10시,토요일,제주특별자치도 서귀포시 서귀동,경상사고,0,0,1,0,차대사람 - 기타,안전운전불이행,건조,맑음,교차로 - 교차로부근,승용,남,59세,상해없음,보행자,여,2세,경상
2019050400100212,2019년 5월 4일 10시,토요일,제주특별자치도 서귀포시 대정읍,중상사고,0,1,3,0,차대차 - 기타,안전운전불이행,건조,맑음,교차로 - 교차로안,화물,남,62세,상해없음,승용,남,66세,경상
2019050400100213,2019년 5월 4일 10시,토요일,제주특별자치도 제주시 노형동,경상사고,0,0,2,0,차대차 - 측면충돌,교차로운행방법위반,건조,맑음,교차로 - 교차로안,승용,남,59세,상해없음,승용,남,33세,경상
2019050400100258,2019년 5월 4일 11시,토요일,제주특별자치도 서귀포시 동홍동,경상사고,0,0,1,0,차대차 - 측면충돌,신호위반,건조,맑음,교차로 - 교차로안,이륜,남,59세,경상,승용,남,44세,상해없음
2019050400100297,2019년 5월 4일 12시,토요일,제주특별자치도 제주시 오등동,경상사고,0,0,1,0,차대차 - 기타,교차로운행방법위반,건조,맑음,교차로 - 교차로안,승용,여,48세,상해없음,승용,남,23세,경상
2019050400100341,2019년 5월 4일 13시,토요일,제주특별자치도 제주시 도남동,중상사고,0,1,0,0,차대차 - 측면충돌,안전운전불이행,건조,맑음,단일로 - 기타,자전거,여,48세,중상,화물,남,75세,상해없음
2019050400100385,2019년 5월 4일 14시,토요일,제주특별자치도 서귀포시 남원읍,중상사고,0,1,0,0,차량단독 - 기타,안전운전불이행,건조,맑음,단일로 - 기타,승용,남,27세,중상,,,,
2019050400100431,2019년 5월 4일 15시,토요일,제주특별자치도 제주시 애월읍,중상사고,0,1,0,0,차대차 - 기타,안전운전불이행,건조,맑음,단일로 - 기타,이륜,남,49세,중상,승용,남,57세,상해없음
2019050400100512,2019년 5월 4일 17시,토요일,제주특별자치도 서귀포시 상효동,중상사고,0,1,0,0,차대사람 - 횡단중,안전운전불이행,건조,맑음,교차로 - 교차로부근,화물,남,56세,상해없음,보행자,남,69세,중상
2019050400100544,2019년 5월 4일 18시,토요일,제주특별자치도 제주시 조천읍,경상사고,0,0,2,0,차대차 - 기타,안전거리미확보,건조,맑음,단일로 - 기타,승용,여,48세,경상,승용,여,24세,경상
2019050400100545,2019년 5월 4일 18시,토요일,제주특별자치도 제주시 조천읍,경상사고,0,0,1,0,차대사람 - 횡단중,보행자보호의무위반,건조,맑음,단일로 - 기타,승용,남,58세,상해없음,보행자,여,7세,경상
2019050400100584,2019년 5월 4일 19시,토요일,제주특별자치도 제주시 연동,경상사고,0,0,1,0,차대차 - 측면충돌,교차로운행방법위반,건조,기타,교차로 - 교차로안,승용,남,42세,상해없음,승용,남,33세,상해없음
2019050400100610,2019년 5월 4일 20시,토요일,제주특별자치도 서귀포시 하원동,중상사고,0,1,1,0,차대차 - 기타,중앙선침범,건조,맑음,단일로 - 기타,승용,여,22세,상해없음,승용,여,29세,중상
2019050400100675,2019년 5월 4일 22시,토요일,제주특별자치도 제주시 오등동,경상사고,0,0,1,0,차대차 - 추돌,안전거리미확보,건조,맑음,교차로 - 교차로부근,화물,남,44세,상해없음,승용,남,24세,경상
2019050500100069,2019년 5월 5일 03시,일요일,제주특별자치도 서귀포시 대정읍,경상사고,0,0,1,0,차량단독 - 공작물충돌,안전운전불이행,건조,맑음,교차로 - 교차로안,승용,남,30세,경상,,,,
2019050500100115,2019년 5월 5일 08시,일요일,제주특별자치도 서귀포시 안덕면,중상사고,0,2,1,2,차대차 - 측면충돌,직진우회전진행방해,건조,맑음,교차로 - 교차로안,승용,남,37세,경상,승용,여,32세,중상
2019050500100138,2019년 5월 5일 09시,일요일,제주특별자치도 제주시 용담일동,중상사고,0,2,1,0,차대차 - 측면충돌,신호위반,건조,맑음,교차로 - 교차로안,이륜,남,36세,경상,승용,남,28세,중상
2019050500100159,2019년 5월 5일 10시,일요일,제주특별자치도 서귀포시 대정읍,중상사고,0,1,0,0,차대차 - 기타,직진우회전진행방해,건조,맑음,교차로 - 교차로안,화물,남,51세,상해없음,자전거,남,29세,중상
2019050500100160,2019년 5월 5일 10시,일요일,제주특별자치도 제주시 노형동,경상사고,0,0,1,0,차대차 - 기타,직진우회전진행방해,건조,맑음,교차로 - 교차로안,승용,남,56세,상해없음,승용,여,46세,경상
2019050500100188,2019년 5월 5일 11시,일요일,제주특별자치도 제주시 애월읍,경상사고,0,0,3,0,차대차 - 기타,직진우회전진행방해,건조,맑음,교차로 - 교차로안,승용,여,44세,상해없음,승용,남,35세,경상
2019050500100189,2019년 5월 5일 11시,일요일,제주특별자치도 제주시 애월읍,경상사고,0,0,2,0,차대차 - 측면충돌,차로위반,건조,맑음,단일로 - 기타,승용,여,53세,상해없음,승용,남,52세,경상
2019050500100219,2019년 5월 5일 12시,일요일,제주특별자치도 서귀포시 호근동,경상사고,0,0,1,0,차대차 - 측면충돌,교차로운행방법위반,건조,맑음,교차로 - 교차로안,화물,남,62세,경상,승용,남,21세,상해없음
2019050500100273,2019년 5월 5일 13시,일요일,제주특별자치도 제주시 조천읍,경상사고,0,0,3,0,차대차 - 추돌,안전운전불이행,건조,맑음,단일로 - 기타,승용,여,26세,상해없음,승용,남,49세,경상
2019050500100274,2019년 5월 5일 13시,일요일,제주특별자치도 서귀포시 동홍동,경상사고,0,0,1,0,차대차 - 기타,교차로운행방법위반,건조,맑음,교차로 - 교차로부근,승용,여,36세,상해없음,승용,여,58세,경상
2019050500100357,2019년 5월 5일 15시,일요일,제주특별자치도 서귀포시 서귀동,경상사고,0,0,1,0,차대차 - 측면충돌,기타,건조,맑음,교차로 - 교차로안,이륜,여,26세,경상,승용,남,53세,상해없음
2019050500100432,2019년 5월 5일 17시,일요일,제주특별자치도 제주시 애월읍,중상사고,0,1,0,0,차대사람 - 기타,안전운전불이행,건조,맑음,단일로 - 기타,승용,남,52세,상해없음,보행자,여,44세,중상
2019050500100591,2019년 5월 5일 22시,일요일,제주특별자치도 서귀포시 표선면,중상사고,0,1,0,0,차대차 - 후진중충돌,안전운전불이행,건조,맑음,주차장 - 주차장,화물,남,55세,상해없음,승용,여,59세,중상
2019050500100592,2019년 5월 5일 22시,일요일,제주특별자치도 서귀포시 서홍동,경상사고,0,0,2,0,차대사람 - 횡단중,보행자보호의무위반,건조,맑음,교차로 - 교차로횡단보도내,승용,여,30세,상해없음,보행자,남,63세,경상
2019050600100072,2019년 5월 6일 03시,월요일,제주특별자치도 제주시 연동,경상사고,0,0,1,0,차대사람 - 기타,안전운전불이행,건조,맑음,단일로 - 기타,승용,남,24세,상해없음,보행자,남,38세,경상
2019050600100105,2019년 5월 6일 07시,월요일,제주특별자치도 제주시 일도이동,경상사고,0,0,1,0,차대차 - 추돌,안전운전불이행,건조,맑음,단일로 - 기타,승용,여,27세,상해없음,승용,여,47세,경상
2019050600100223,2019년 5월 6일 12시,월요일,제주특별자치도 제주시 구좌읍,경상사고,0,0,2,0,차대차 - 추돌,안전운전불이행,건조,맑음,교차로 - 교차로부근,승용,남,74세,상해없음,승용,여,20세,경상
2019050600100224,2019년 5월 6일 12시,월요일,제주특별자치도 서귀포시 남원읍,경상사고,0,0,2,0,차대차 - 기타,중앙선침범,건조,맑음,단일로 - 기타,승용,여,34세,경상,승용,여,46세,경상
2019050600100310,2019년 5월 6일 14시,월요일,제주특별자치도 서귀포시 중문동,경상사고,0,0,1,0,차대차 - 추돌,안전운전불이행,건조,맑음,단일로 - 기타,이륜,남,83세,경상,화물,남,80세,상해없음
2019050600100343,2019년 5월 6일 15시,월요일,제주특별자치도 제주시 노형동,경상사고,0,0,1,0,차대사람 - 보도통행중,기타,건조,맑음,단일로 - 기타,승용,여,50세,상해없음,보행자,여,62세,경상
2019050600100388,2019년 5월 6일 16시,월요일,제주특별자치도 제주시 용담이동,경상사고,0,0,1,0,차대차 - 측면충돌,교차로운행방법위반,건조,맑음,교차로 - 교차로안,승용,여,46세,기타불명,승용,남,49세,경상
2019050600100539,2019년 5월 6일 20시,월요일,제주특별자치도 제주시 도련이동,중상사고,0,1,0,0,차대차 - 측면충돌,신호위반,건조,맑음,교차로 - 교차로횡단보도내,승용,남,39세,상해없음,자전거,남,61세,중상
2019050600100567,2019년 5월 6일 21시,월요일,제주특별자치도 서귀포시 대정읍,경상사고,0,0,1,0,차대사람 - 기타,안전운전불이행,건조,맑음,교차로 - 교차로안,승용,여,65세,상해없음,보행자,남,52세,경상
2019050600100590,2019년 5월 6일 22시,월요일,제주특별자치도 제주시 외도이동,중상사고,0,1,0,0,차대차 - 기타,신호위반,건조,맑음,교차로 - 교차로안,이륜,남,49세,중상,승용,남,35세,상해없음
2019050600100591,2019년 5월 6일 22시,월요일,제주특별자치도 제주시 용담이동,경상사고,0,0,4,0,차대차 - 추돌,안전거리미확보,건조,흐림,교차로 - 교차로안,이륜,남,34세,경상,승용,여,27세,경상
2019050700100156,2019년 5월 7일 08시,화요일,제주특별자치도 서귀포시 호근동,중상사고,0,1,0,0,차대차 - 측면충돌,안전운전불이행,건조,맑음,교차로 - 교차로안,승용,여,56세,상해없음,이륜,남,69세,중상
2019050700100245,2019년 5월 7일 10시,화요일,제주특별자치도 제주시 일도이동,경상사고,0,0,1,0,차대차 - 측면충돌,안전운전불이행,건조,맑음,단일로 - 기타,자전거,남,66세,경상,승용,여,51세,상해없음
2019050700100246,2019년 5월 7일 10시,화요일,제주특별자치도 서귀포시 남원읍,경상사고,0,0,1,0,차대차 - 정면충돌,안전운전불이행,건조,맑음,단일로 - 기타,화물,여,64세,상해없음,화물,남,51세,경상
2019050700100247,2019년 5월 7일 10시,화요일,제주특별자치도 제주시 노형동,경상사고,0,0,1,0,차대차 - 기타,안전운전불이행,건조,맑음,단일로 - 기타,이륜,남,52세,경상,승용,남,70세,상해없음
2019050700100273,2019년 5월 7일 11시,화요일,제주특별자치도 제주시 도두일동,경상사고,0,0,3,0,차대차 - 추돌,안전운전불이행,건조,맑음,단일로 - 기타,승용,여,34세,상해없음,승용,남,38세,경상
2019050700100316,2019년 5월 7일 12시,화요일,제주특별자치도 서귀포시 신효동,경상사고,0,0,2,0,차대차 - 추돌,기타,건조,맑음,단일로 - 기타,승용,남,29세,상해없음,승합,여,30세,경상
2019050700100363,2019년 5월 7일 13시,화요일,제주특별자치도 서귀포시 대정읍,경상사고,0,0,1,0,차대차 - 정면충돌,안전운전불이행,건조,맑음,기타 - 기타,승용,여,57세,상해없음,이륜,남,65세,경상
2019050700100443,2019년 5월 7일 15시,화요일,제주특별자치도 제주시 아라이동,경상사고,0,0,1,0,차대사람 - 보도통행중,기타,건조,맑음,단일로 - 기타,승용,여,24세,상해없음,보행자,여,37세,경상
2019050700100444,2019년 5월 7일 15시,화요일,제주특별자치도 서귀포시 하효동,중상사고,0,1,0,0,차량단독 - 공작물충돌,안전운전불이행,건조,맑음,단일로 - 기타,화물,남,76세,상해없음,,,,
2019050700100586,2019년 5월 7일 18시,화요일,제주특별자치도 제주시 화북일동,경상사고,0,0,1,0,차대사람 - 기타,기타,건조,맑음,기타 - 기타,이륜,남,48세,상해없음,보행자,남,6세,경상
2019050700100587,2019년 5월 7일 18시,화요일,제주특별자치도 서귀포시 대정읍,경상사고,0,0,1,0,차대차 - 기타,안전운전불이행,건조,맑음,단일로 - 기타,승용,여,48세,상해없음,이륜,여,70세,경상
2019050700100694,2019년 5월 7일 21시,화요일,제주특별자치도 제주시 이도일동,중상사고,0,1,0,0,차대사람 - 기타,안전운전불이행,건조,맑음,교차로 - 교차로횡단보도내,승합,남,32세,상해없음,보행자,남,51세,중상
2019050700100732,2019년 5월 7일 23시,화요일,제주특별자치도 제주시 삼양삼동,중상사고,0,1,0,0,차대사람 - 기타,안전운전불이행,건조,맑음,단일로 - 기타,승합,남,27세,상해없음,보행자,남,60세,중상
2019050800100186,2019년 5월 8일 09시,수요일,제주특별자치도 제주시 일도이동,중상사고,0,1,0,0,차대사람 - 횡단중,보행자보호의무위반,건조,맑음,교차로 - 교차로부근,승용,남,59세,상해없음,보행자,남,74세,중상
2019050800100187,2019년 5월 8일 09시,수요일,제주특별자치도 제주시 아라일동,부상신고사고,0,0,0,1,차대차 - 측면충돌,직진우회전진행방해,건조,맑음,교차로 - 교차로안,화물,남,60세,상해없음,승용,여,61세,부상신고
2019050800100188,2019년 5월 8일 09시,수요일,제주특별자치도 제주시 애월읍,경상사고,0,0,2,1,차대차 - 측면충돌,안전운전불이행,건조,맑음,교차로 - 교차로부근,화물,남,72세,부상신고,화물,남,32세,경상
2019050800100271,2019년 5월 8일 11시,수요일,제주특별자치도 서귀포시 표선면,중상사고,0,1,0,0,차대차 - 기타,안전운전불이행,건조,맑음,단일로 - 기타,승용,남,75세,상해없음,승용,여,61세,중상
2019050800100272,2019년 5월 8일 11시,수요일,제주특별자치도 제주시 애월읍,중상사고,0,1,4,5,차대차 - 추돌,안전운전불이행,건조,맑음,단일로 - 기타,승용,남,43세,부상신고,승용,남,60세,부상신고
2019050800100299,2019년 5월 8일 12시,수요일,제주특별자치도 제주시 화북일동,경상사고,0,0,2,0,차대차 - 기타,교차로운행방법위반,건조,맑음,교차로 - 교차로안,화물,남,48세,경상,승용,여,27세,경상
2019050800100409,2019년 5월 8일 15시,수요일,제주특별자치도 서귀포시 남원읍,중상사고,0,3,0,0,차대차 - 추돌,안전거리미확보,건조,맑음,교차로 - 교차로부근,승용,남,32세,상해없음,승용,여,61세,중상
2019050800100410,2019년 5월 8일 15시,수요일,제주특별자치도 제주시 연동,경상사고,0,0,1,0,차대사람 - 횡단중,보행자보호의무위반,건조,맑음,교차로 - 교차로횡단보도내,승용,여,34세,상해없음,보행자,남,21세,경상
2019050800100502,2019년 5월 8일 17시,수요일,제주특별자치도 서귀포시 상효동,경상사고,0,0,2,0,차대차 - 추돌,안전운전불이행,건조,맑음,단일로 - 기타,화물,남,48세,상해없음,승용,여,29세,경상
2019050800100503,2019년 5월 8일 17시,수요일,제주특별자치도 제주시 이호일동,경상사고,0,0,1,0,차대차 - 기타,중앙선침범,건조,맑음,단일로 - 기타,승용,여,58세,상해없음,승용,여,36세,경상
2019050800100550,2019년 5월 8일 18시,수요일,제주특별자치도 제주시 삼도일동,경상사고,0,0,1,0,차대사람 - 기타,안전운전불이행,건조,맑음,단일로 - 기타,화물,남,56세,상해없음,보행자,남,48세,경상
2019050800100669,2019년 5월 8일 21시,수요일,제주특별자치도 제주시 아라이동,경상사고,0,0,1,0,차대차 - 측면충돌,중앙선침범,건조,맑음,단일로 - 기타,승용,남,50세,상해없음,승용,여,38세,경상
2019050900100055,2019년 5월 9일 04시,목요일,제주특별자치도 제주시 연동,중상사고,0,1,0,0,차대사람 - 횡단중,안전운전불이행,건조,맑음,단일로 - 기타,승용,남,69세,상해없음,보행자,남,52세,중상
2019050900100062,2019년 5월 9일 05시,목요일,제주특별자치도 제주시 조천읍,경상사고,0,0,1,0,차대차 - 기타,안전운전불이행,건조,맑음,단일로 - 기타,승용,남,35세,상해없음,화물,남,67세,경상
2019050900100143,2019년 5월 9일 08시,목요일,제주특별자치도 제주시 구좌읍,중상사고,0,1,0,0,차대차 - 측면충돌,불법유턴,건조,맑음,단일로 - 기타,이륜,여,79세,중상,화물,남,23세,상해없음
2019050900100144,2019년 5월 9일 08시,목요일,제주특별자치도 제주시 연동,경상사고,0,0,2,0,차대차 - 측면충돌,안전운전불이행,건조,맑음,교차로 - 교차로부근,승용,남,60세,상해없음,승용,남,31세,경상
2019050900100145,2019년 5월 9일 08시,목요일,제주특별자치도 제주시 노형동,중상사고,0,1,0,0,차대차 - 추돌,안전운전불이행,건조,맑음,교차로 - 교차로부근,승용,여,32세,상해없음,승용,남,31세,중상
2019050900100224,2019년 5월 9일 10시,목요일,제주특별자치도 제주시 용담일동,중상사고,0,2,1,0,차대차 - 측면충돌,과속,건조,맑음,교차로 - 교차로안,승용,남,28세,중상,승용,남,67세,중상
2019050900100225,2019년 5월 9일 10시,목요일,제주특별자치도 제주시 삼도이동,경상사고,0,0,1,0,차대차 - 측면충돌,차로위반,건조,맑음,단일로 - 기타,승용,여,37세,경상,승용,남,52세,상해없음
2019050900100286,2019년 5월 9일 12시,목요일,제주특별자치도 제주시 오라일동,경상사고,0,0,1,0,차대차 - 측면충돌,교차로운행방법위반,건조,맑음,교차로 - 교차로안,승용,남,77세,상해없음,승용,남,64세,경상
2019050900100395,2019년 5월 9일 15시,목요일,제주특별자치도 제주시 화북이동,경상사고,0,0,1,0,차대차 - 측면충돌,안전운전불이행,건조,맑음,교차로 - 교차로안,승용,남,63세,상해없음,승용,남,49세,경상
2019050900100437,2019년 5월 9일 16시,목요일,제주특별자치도 제주시 삼양일동,중상사고,0,1,0,0,차대사람 - 기타,안전운전불이행,건조,맑음,단일로 - 기타,승용,남,61세,상해없음,보행자,여,70세,중상
2019050900100438,2019년 5월 9일 16시,목요일,제주특별자치도 서귀포시 서홍동,경상사고,0,0,2,0,차대사람 - 기타,보행자보호의무위반,건조,맑음,단일로 - 기타,승용,남,58세,상해없음,보행자,남,15세,경상
2019050900100482,2019년 5월 9일 17시,목요일,제주특별자치도 제주시 도련이동,경상사고,0,0,1,0,차대차 - 측면충돌,안전운전불이행,건조,맑음,교차로 - 교차로안,화물,남,34세,상해없음,이륜,남,40세,경상
2019050900100535,2019년 5월 9일 18시,목요일,제주특별자치도 서귀포시 동홍동,중상사고,0,1,0,0,차대사람 - 횡단중,안전운전불이행,건조,맑음,교차로 - 교차로부근,승용,남,32세,상해없음,보행자,여,56세,중상
2019050900100596,2019년 5월 9일 20시,목요일,제주특별자치도 제주시 노형동,경상사고,0,0,1,2,차대차 - 기타,안전운전불이행,건조,맑음,단일로 - 기타,승용,여,28세,상해없음,승용,남,38세,경상
2019051000100060,2019년 5월 10일 02시,금요일,제주특별자치도 제주시 연동,경상사고,0,0,1,0,차대차 - 추돌,안전운전불이행,건조,맑음,단일로 - 기타,승용,남,26세,상해없음,승용,남,42세,경상
2019051000100104,2019년 5월 10일 06시,금요일,제주특별자치도 제주시 일도이동,경상사고,0,0,1,0,차대사람 - 길가장자리구역통행중,안전운전불이행,건조,맑음,교차로 - 교차로부근,승용,남,48세,상해없음,보행자,남,38세,경상
2019051000100120,2019년 5월 10일 07시,금요일,제주특별자치도 서귀포시 서호동,경상사고,0,0,1,1,차대차 - 기타,직진우회전진행방해,건조,맑음,교차로 - 교차로안,승합,남,49세,부상신고,승용,남,30세,경상
2019051000100205,2019년 5월 10일 09시,금요일,제주특별자치도 서귀포시 표선면,경상사고,0,0,1,0,차대차 - 기타,안전거리미확보,건조,맑음,교차로 - 교차로부근,이륜,여,75세,경상,승용,여,32세,상해없음
2019051000100206,2019년 5월 10일 09시,금요일,제주특별자치도 제주시 한림읍,경상사고,0,0,1,1,차대차 - 기타,안전운전불이행,건조,맑음,단일로 - 기타,승용,남,57세,부상신고,승용,여,39세,경상
2019051000100269,2019년 5월 10일 11시,금요일,제주특별자치도 제주시 애월읍,경상사고,0,0,1,0,차대차 - 기타,안전운전불이행,건조,맑음,단일로 - 기타,화물,남,39세,상해없음,승용,남,63세,경상
2019051000100299,2019년 5월 10일 12시,금요일,제주특별자치도 제주시 이도일동,경상사고,0,0,1,0,차대사람 - 횡단중,안전운전불이행,건조,맑음,단일로 - 기타,승용,남,60세,상해없음,보행자,여,68세,경상
2019051000100300,2019년 5월 10일 12시,금요일,제주특별자치도 제주시 우도면,중상사고,0,1,0,0,차량단독 - 공작물충돌,안전운전불이행,건조,맑음,기타 - 기타,농기계,남,81세,중상,,,,
2019051000100474,2019년 5월 10일 16시,금요일,제주특별자치도 제주시 이도이동,경상사고,0,0,1,0,차대사람 - 기타,안전운전불이행,건조,맑음,단일로 - 기타,승합,남,61세,상해없음,보행자,남,6세,경상
2019051000100526,2019년 5월 10일 17시,금요일,제주특별자치도 서귀포시 서귀동,경상사고,0,0,1,0,차대사람 - 기타,안전운전불이행,건조,맑음,단일로 - 기타,승용,여,49세,상해없음,보행자,남,56세,경상
2019051000100679,2019년 5월 10일 21시,금요일,제주특별자치도 제주시 노형동,중상사고,0,1,0,0,차대사람 - 기타,안전운전불이행,건조,맑음,교차로 - 교차로안,승용,남,34세,상해없음,보행자,여,75세,중상
2019051000100711,2019년 5월 10일 22시,금요일,제주특별자치도 제주시 외도일동,경상사고,0,0,1,1,차대차 - 추돌,안전거리미확보,건조,맑음,단일로 - 기타,승용,여,23세,부상신고,승용,남,45세,경상
2019051000100739,2019년 5월 10일 23시,금요일,제주특별자치도 제주시 한림읍,경상사고,0,0,4,0,차대차 - 추돌,안전운전불이행,건조,맑음,교차로 - 교차로부근,승용,남,43세,경상,승용,여,46세,경상
2019051100100037,2019년 5월 11일 00시,토요일,제주특별자치도 제주시 연동,경상사고,0,0,1,0,차대사람 - 차도통행중,안전운전불이행,건조,맑음,단일로 - 기타,승용,남,26세,상해없음,보행자,남,24세,경상
2019051100100059,2019년 5월 11일 01시,토요일,제주특별자치도 제주시 노형동,경상사고,0,0,1,0,차대사람 - 보도통행중,기타,건조,맑음,단일로 - 기타,승합,남,32세,상해없음,보행자,남,39세,경상
2019051100100232,2019년 5월 11일 10시,토요일,제주특별자치도 서귀포시 남원읍,중상사고,0,1,0,0,차대차 - 기타,신호위반,건조,맑음,교차로 - 교차로안,이륜,남,58세,상해없음,승용,남,76세,중상
2019051100100324,2019년 5월 11일 12시,토요일,제주특별자치도 제주시 건입동,경상사고,0,0,1,0,차대차 - 기타,안전운전불이행,건조,맑음,교차로 - 교차로안,이륜,남,66세,경상,화물,남,34세,기타불명
2019051100100325,2019년 5월 11일 12시,토요일,제주특별자치도 서귀포시 남원읍,중상사고,0,1,0,0,차대사람 - 기타,안전운전불이행,건조,맑음,기타 - 기타,승용,여,62세,상해없음,보행자,여,56세,중상
2019051100100326,2019년 5월 11일 12시,토요일,제주특별자치도 제주시 연동,부상신고사고,0,0,0,1,차대차 - 측면충돌,직진우회전진행방해,건조,맑음,교차로 - 교차로안,승용,남,60세,상해없음,이륜,남,36세,부상신고
2019051100100327,2019년 5월 11일 12시,토요일,제주특별자치도 제주시 용담삼동,경상사고,0,0,1,0,차대차 - 기타,직진우회전진행방해,건조,맑음,교차로 - 교차로안,승용,남,60세,상해없음,승용,남,51세,경상
2019051100100328,2019년 5월 11일 12시,토요일,제주특별자치도 제주시 용담삼동,경상사고,0,0,1,0,차대차 - 기타,교차로운행방법위반,건조,맑음,교차로 - 교차로안,승용,남,71세,상해없음,승용,남,29세,경상
2019051100100376,2019년 5월 11일 13시,토요일,제주특별자치도 서귀포시 강정동,경상사고,0,0,1,0,차대차 - 측면충돌,신호위반,건조,맑음,교차로 - 교차로안,승용,남,73세,상해없음,승용,남,44세,경상
2019051100100424,2019년 5월 11일 14시,토요일,제주특별자치도 서귀포시 강정동,경상사고,0,0,1,0,차대차 - 측면충돌,직진우회전진행방해,건조,맑음,교차로 - 교차로안,이륜,남,81세,경상,승용,여,33세,상해없음
2019051100100463,2019년 5월 11일 15시,토요일,제주특별자치도 서귀포시 서귀동,부상신고사고,0,0,0,1,차대차 - 기타,직진우회전진행방해,건조,맑음,교차로 - 교차로안,이륜,남,75세,부상신고,승용,여,28세,상해없음
2019051100100464,2019년 5월 11일 15시,토요일,제주특별자치도 제주시 한림읍,경상사고,0,0,1,0,차대차 - 측면충돌,신호위반,건조,맑음,교차로 - 교차로안,화물,남,70세,상해없음,승용,여,48세,경상
2019051100100503,2019년 5월 11일 16시,토요일,제주특별자치도 제주시 아라일동,경상사고,0,0,1,0,차대차 - 추돌,안전거리미확보,건조,맑음,교차로 - 교차로부근,승용,남,31세,상해없음,승용,여,23세,경상
2019051100100551,2019년 5월 11일 17시,토요일,제주특별자치도 제주시 화북일동,중상사고,0,1,0,0,차대차 - 측면충돌,차로위반,건조,맑음,단일로 - 기타,승용,남,45세,상해없음,이륜,남,23세,중상
2019051100100590,2019년 5월 11일 18시,토요일,제주특별자치도 서귀포시 표선면,중상사고,0,1,0,0,차대차 - 측면충돌,안전운전불이행,건조,맑음,단일로 - 기타,승용,여,65세,상해없음,농기계,남,62세,중상
2019051100100628,2019년 5월 11일 19시,토요일,제주특별자치도 제주시 화북이동,경상사고,0,0,1,0,차대차 - 측면충돌,안전운전불이행,건조,맑음,교차로 - 교차로안,승용,남,19세,상해없음,승용,남,25세,경상
2019051100100629,2019년 5월 11일 19시,토요일,제주특별자치도 서귀포시 안덕면,경상사고,0,0,1,0,차대차 - 추돌,안전운전불이행,건조,맑음,단일로 - 기타,승용,여,40세,상해없음,농기계,남,52세,경상
2019051100100630,2019년 5월 11일 19시,토요일,제주특별자치도 제주시 한림읍,경상사고,0,0,1,0,차대차 - 측면충돌,안전운전불이행,건조,맑음,교차로 - 교차로안,원동기,남,47세,경상,승용,남,43세,상해없음
2019051100100661,2019년 5월 11일 20시,토요일,제주특별자치도 제주시 외도이동,중상사고,0,2,2,0,차대차 - 기타,신호위반,건조,맑음,교차로 - 교차로부근,승용,남,56세,상해없음,승용,남,34세,중상
2019051100100717,2019년 5월 11일 22시,토요일,제주특별자치도 서귀포시 표선면,경상사고,0,0,2,0,차대차 - 정면충돌,안전운전불이행,건조,맑음,단일로 - 기타,승용,여,62세,상해없음,승용,여,58세,경상
2019051200100035,2019년 5월 12일 00시,일요일,제주특별자치도 제주시 외도일동,경상사고,0,0,1,0,차대차 - 기타,직진우회전진행방해,건조,맑음,교차로 - 교차로안,승용,여,61세,상해없음,승용,남,57세,경상
2019051200100102,2019년 5월 12일 06시,일요일,제주특별자치도 서귀포시 성산읍,경상사고,0,0,2,0,차대차 - 기타,직진우회전진행방해,건조,맑음,교차로 - 교차로안,승용,남,34세,경상,화물,남,46세,경상
2019051200100117,2019년 5월 12일 07시,일요일,제주특별자치도 제주시 애월읍,부상신고사고,0,0,0,1,차대차 - 측면충돌,안전운전불이행,건조,맑음,단일로 - 기타,기타불명,기타불명,미분류,기타불명,자전거,여,54세,부상신고
2019051200100150,2019년 5월 12일 09시,일요일,제주특별자치도 제주시 애월읍,부상신고사고,0,0,0,1,차대차 - 기타,안전운전불이행,건조,맑음,단일로 - 기타,승용,남,64세,상해없음,화물,남,45세,상해없음
2019051200100179,2019년 5월 12일 10시,일요일,제주특별자치도 제주시 연동,중상사고,0,1,0,0,차대차 - 측면충돌,안전운전불이행,건조,맑음,기타 - 기타,승용,남,75세,상해없음,자전거,남,85세,중상
2019051200100208,2019년 5월 12일 11시,일요일,제주특별자치도 서귀포시 대정읍,경상사고,0,0,1,0,차대사람 - 기타,안전운전불이행,건조,맑음,단일로 - 기타,승용,남,51세,상해없음,보행자,남,62세,경상
2019051200100243,2019년 5월 12일 12시,일요일,제주특별자치도 제주시 구좌읍,경상사고,0,0,4,0,차대차 - 측면충돌,직진우회전진행방해,건조,맑음,교차로 - 교차로안,승용,여,38세,경상,승용,남,45세,경상