사고번호,사고일시,요일,시군구,사고내용,사망자수,중상자수,경상자수,부상신고자수,사고유형,법규위반,노면상태,기상상태,도로형태,가해운전자 차종,가해운전자 성별,가해운전자 연령,가해운전자 상해정도,피해운전자 차종,피해운전자 성별,피해운전자 연령,피해운전자 상해정도
2019051200100244,2019년 5월 12일 12시,일요일,제주특별자치도 서귀포시 대정읍,중상사고,0,1,0,0,차량단독 - 기타,안전운전불이행,건조,맑음,단일로 - 기타,이륜,남,55세,중상,,,,
2019051200100245,2019년 5월 12일 12시,일요일,제주특별자치도 제주시 한경면,중상사고,0,1,2,0,차대차 - 측면충돌,직진우회전진행방해,건조,맑음,교차로 - 교차로안,승용,여,38세,상해없음,승용,여,49세,경상
2019051200100275,2019년 5월 12일 13시,일요일,제주특별자치도 제주시 용강동,중상사고,0,2,0,0,차대사람 - 기타,보행자보호의무위반,건조,맑음,교차로 - 교차로횡단보도내,승용,여,36세,상해없음,보행자,남,11세,중상
2019051200100276,2019년 5월 12일 13시,일요일,제주특별자치도 제주시 도두이동,경상사고,0,0,1,0,차대차 - 후진중충돌,안전운전불이행,건조,맑음,단일로 - 기타,승합,남,44세,상해없음,승용,남,68세,경상
2019051200100376,2019년 5월 12일 16시,일요일,제주특별자치도 제주시 한경면,중상사고,0,1,0,0,차대차 - 기타,직진우회전진행방해,건조,맑음,교차로 - 교차로안,승용,여,28세,상해없음,이륜,남,46세,중상
2019051200100377,2019년 5월 12일 16시,일요일,제주특별자치도 제주시 도두일동,경상사고,0,0,2,0,차대차 - 기타,안전운전불이행,건조,맑음,단일로 - 기타,승용,여,51세,상해없음,승용,남,58세,경상
2019051200100411,2019년 5월 12일 17시,일요일,제주특별자치도 제주시 우도면,중상사고,0,1,1,0,차대사람 - 기타,안전운전불이행,건조,맑음,단일로 - 기타,원동기,여,31세,상해없음,보행자,여,50세,중상
2019051200100412,2019년 5월 12일 17시,일요일,제주특별자치도 제주시 봉개동,경상사고,0,0,1,0,차대차 - 기타,신호위반,건조,맑음,교차로 - 교차로안,화물,남,36세,상해없음,승용,남,47세,경상
2019051200100444,2019년 5월 12일 18시,일요일,제주특별자치도 서귀포시 안덕면,중상사고,0,1,0,0,차량단독 - 공작물충돌,안전운전불이행,건조,맑음,단일로 - 기타,승용,남,55세,중상,,,,
2019051200100470,2019년 5월 12일 19시,일요일,제주특별자치도 제주시 애월읍,경상사고,0,0,6,0,차대차 - 추돌,안전거리미확보,건조,맑음,단일로 - 기타,승용,남,53세,상해없음,승용,여,25세,경상
2019051200100471,2019년 5월 12일 19시,일요일,제주특별자치도 제주시 외도일동,경상사고,0,0,1,0,차대차 - 기타,직진우회전진행방해,건조,맑음,교차로 - 교차로안,승용,여,38세,상해없음,승용,남,54세,경상
2019051300100039,2019년 5월 13일 01시,월요일,제주특별자치도 제주시 연동,경상사고,0,0,3,0,차대차 - 추돌,안전거리미확보,건조,맑음,단일로 - 기타,승용,남,31세,상해없음,승용,남,32세,경상
2019051300100138,2019년 5월 13일 08시,월요일,제주특별자치도 제주시 노형동,경상사고,0,0,1,0,차대사람 - 횡단중,보행자보호의무위반,건조,맑음,교차로 - 교차로횡단보도내,승용,여,29세,상해없음,보행자,여,13세,경상
2019051300100139,2019년 5월 13일 08시,월요일,제주특별자치도 제주시 노형동,부상신고사고,0,0,0,1,차량단독 - 기타,기타,건조,맑음,단일로 - 기타,승합,남,50세,상해없음,,,,
2019051300100218,2019년 5월 13일 10시,월요일,제주특별자치도 제주시 노형동,경상사고,0,0,2,0,차대차 - 측면충돌,신호위반,건조,맑음,교차로 - 교차로부근,승용,여,63세,경상,화물,남,35세,경상
2019051300100282,2019년 5월 13일 12시,월요일,제주특별자치도 제주시 이도이동,중상사고,0,1,0,0,차대차 - 측면충돌,안전운전불이행,건조,맑음,단일로 - 기타,기타불명,기타불명,미분류,기타불명,이륜,남,50세,중상
2019051300100283,2019년 5월 13일 12시,월요일,제주특별자치도 제주시 노형동,경상사고,0,0,1,0,차대차 - 측면충돌,교차로운행방법위반,건조,맑음,교차로 - 교차로안,승합,남,77세,상해없음,승용,남,46세,경상
2019051300100388,2019년 5월 13일 15시,월요일,제주특별자치도 제주시 아라이동,중상사고,0,1,0,0,차대차 - 기타,신호위반,건조,맑음,교차로 - 교차로안,승용,남,76세,기타불명,승용,남,50세,중상
2019051300100504,2019년 5월 13일 18시,월요일,제주특별자치도 제주시 일도일동,중상사고,0,1,0,0,차대사람 - 기타,안전운전불이행,건조,맑음,단일로 - 기타,승용,남,29세,상해없음,보행자,남,53세,중상
2019051300100505,2019년 5월 13일 18시,월요일,제주특별자치도 제주시 회천동,경상사고,0,0,1,0,차량단독 - 공작물충돌,안전운전불이행,건조,맑음,단일로 - 기타,승용,여,46세,경상,,,,
2019051300100506,2019년 5월 13일 18시,월요일,제주특별자치도 제주시 오라일동,부상신고사고,0,0,0,1,차대차 - 기타,안전운전불이행,건조,맑음,교차로 - 교차로횡단보도내,이륜,남,67세,부상신고,승합,남,61세,상해없음
2019051300100538,2019년 5월 13일 19시,월요일,제주특별자치도 제주시 일도이동,경상사고,0,0,2,0,차대사람 - 기타,안전운전불이행,건조,맑음,교차로 - 교차로안,승용,여,31세,상해없음,보행자,여,39세,경상
2019051300100576,2019년 5월 13일 20시,월요일,제주특별자치도 제주시 이도이동,경상사고,0,0,1,0,차대차 - 기타,교차로운행방법위반,건조,맑음,교차로 - 교차로안,이륜,남,51세,경상,승용,여,59세,상해없음
2019051300100625,2019년 5월 13일 22시,월요일,제주특별자치도 제주시 노형동,부상신고사고,0,0,0,1,차량단독 - 공작물충돌,안전운전불이행,건조,맑음,교차로 - 교차로부근,승용,남,62세,부상신고,,,,
2019051400100049,2019년 5월 14일 01시,화요일,제주특별자치도 서귀포시 안덕면,경상사고,0,0,1,0,차대차 - 기타,중앙선침범,건조,맑음,교차로 - 교차로부근,승용,남,45세,상해없음,승용,남,28세,경상
2019051400100055,2019년 5월 14일 02시,화요일,제주특별자치도 서귀포시 토평동,경상사고,0,0,2,0,차대차 - 측면충돌,신호위반,젖음/습기,비,교차로 - 교차로안,승용,여,56세,상해없음,승용,남,59세,경상
2019051400100099,2019년 5월 14일 07시,화요일,제주특별자치도 제주시 연동,경상사고,0,0,2,0,차대차 - 추돌,안전운전불이행,건조,맑음,단일로 - 기타,승용,남,29세,상해없음,승용,여,42세,경상
2019051400100100,2019년 5월 14일 07시,화요일,제주특별자치도 제주시 노형동,경상사고,0,0,1,0,차대차 - 측면충돌,안전운전불이행,건조,맑음,교차로 - 교차로횡단보도내,승용,남,49세,상해없음,자전거,남,54세,경상
2019051400100135,2019년 5월 14일 08시,화요일,제주특별자치도 제주시 구좌읍,경상사고,0,0,2,0,차대차 - 기타,안전운전불이행,건조,맑음,교차로 - 교차로안,승용,여,33세,상해없음,승용,남,61세,경상
2019051400100136,2019년 5월 14일 08시,화요일,제주특별자치도 제주시 도남동,경상사고,0,0,1,0,차대차 - 추돌,안전운전불이행,건조,맑음,교차로 - 교차로부근,승합,남,38세,상해없음,화물,남,38세,경상
2019051400100137,2019년 5월 14일 08시,화요일,제주특별자치도 제주시 용담이동,경상사고,0,0,1,0,차대사람 - 횡단중,보행자보호의무위반,건조,맑음,교차로 - 교차로횡단보도내,승용,남,51세,상해없음,보행자,여,7세,경상
2019051400100213,2019년 5월 14일 10시,화요일,제주특별자치도 제주시 노형동,경상사고,0,0,1,0,차대차 - 기타,중앙선침범,건조,맑음,단일로 - 기타,승용,남,57세,상해없음,승용,남,46세,경상
2019051400100237,2019년 5월 14일 11시,화요일,제주특별자치도 제주시 내도동,경상사고,0,0,1,1,차대차 - 기타,신호위반,건조,맑음,교차로 - 교차로안,승용,남,75세,부상신고,승용,여,33세,경상
2019051400100309,2019년 5월 14일 13시,화요일,제주특별자치도 제주시 화북일동,경상사고,0,0,1,0,차대차 - 측면충돌,신호위반,건조,맑음,교차로 - 교차로부근,승용,남,55세,상해없음,이륜,남,42세,경상
2019051400100310,2019년 5월 14일 13시,화요일,제주특별자치도 제주시 용담이동,부상신고사고,0,0,0,1,차대차 - 기타,교차로운행방법위반,건조,맑음,교차로 - 교차로안,승용,남,85세,부상신고,승합,남,58세,상해없음
2019051400100346,2019년 5월 14일 14시,화요일,제주특별자치도 서귀포시 서귀동,중상사고,0,1,0,0,차대사람 - 횡단중,보행자보호의무위반,건조,맑음,교차로 - 교차로횡단보도내,승용,여,46세,상해없음,보행자,여,72세,중상
2019051400100391,2019년 5월 14일 15시,화요일,제주특별자치도 제주시 우도면,중상사고,0,1,1,0,차량단독 - 공작물충돌,안전운전불이행,건조,맑음,단일로 - 기타,이륜,남,19세,경상,,,,
2019051400100424,2019년 5월 14일 16시,화요일,제주특별자치도 제주시 삼도일동,경상사고,0,0,1,0,차대차 - 기타,신호위반,건조,맑음,교차로 - 교차로안,화물,남,57세,상해없음,승용,남,51세,경상
2019051400100425,2019년 5월 14일 16시,화요일,제주특별자치도 제주시 봉개동,경상사고,0,0,1,0,차대차 - 기타,신호위반,건조,맑음,교차로 - 교차로안,승용,여,39세,상해없음,승용,남,60세,경상
2019051400100482,2019년 5월 14일 17시,화요일,제주특별자치도 제주시 구좌읍,부상신고사고,0,0,0,1,차대차 - 기타,신호위반,건조,맑음,교차로 - 교차로안,이륜,남,79세,부상신고,승용,남,74세,상해없음
2019051400100483,2019년 5월 14일 17시,화요일,제주특별자치도 서귀포시 서귀동,경상사고,0,0,1,0,차대차 - 기타,불법유턴,건조,맑음,교차로 - 교차로안,이륜,여,28세,상해없음,승용,남,22세,경상
2019051400100484,2019년 5월 14일 17시,화요일,제주특별자치도 서귀포시 신효동,부상신고사고,0,0,0,1,차대차 - 기타,안전거리미확보,건조,맑음,단일로 - 기타,이륜,남,21세,부상신고,승용,남,58세,상해없음
2019051400100485,2019년 5월 14일 17시,화요일,제주특별자치도 제주시 연동,경상사고,0,0,1,0,차대사람 - 횡단중,신호위반,건조,맑음,교차로 - 교차로횡단보도내,승용,남,57세,상해없음,보행자,여,9세,경상
2019051400100486,2019년 5월 14일 17시,화요일,제주특별자치도 제주시 연동,경상사고,0,0,1,0,차대차 - 기타,안전운전불이행,건조,맑음,교차로 - 교차로횡단보도내,승용,여,64세,기타불명,자전거,남,12세,경상
2019051400100487,2019년 5월 14일 17시,화요일,제주특별자치도 제주시 노형동,경상사고,0,0,1,0,차대차 - 기타,직진우회전진행방해,건조,맑음,교차로 - 교차로안,승용,여,50세,경상,승용,여,49세,상해없음
2019051400100531,2019년 5월 14일 18시,화요일,제주특별자치도 제주시 삼도일동,중상사고,0,1,0,0,차대사람 - 기타,안전운전불이행,건조,맑음,단일로 - 기타,승용,남,53세,상해없음,보행자,남,6세,중상
2019051400100532,2019년 5월 14일 18시,화요일,제주특별자치도 제주시 노형동,경상사고,0,0,1,0,차대차 - 측면충돌,교차로운행방법위반,건조,맑음,교차로 - 교차로부근,원동기,남,30세,경상,화물,남,58세,상해없음
2019051400100643,2019년 5월 14일 21시,화요일,제주특별자치도 제주시 오라이동,경상사고,0,0,2,0,차대차 - 추돌,안전운전불이행,건조,맑음,교차로 - 교차로부근,승용,남,51세,상해없음,승용,남,32세,경상
2019051400100644,2019년 5월 14일 21시,화요일,제주특별자치도 제주시 연동,경상사고,0,0,3,0,차대차 - 추돌,안전운전불이행,건조,맑음,교차로 - 교차로부근,승용,남,51세,상해없음,승합,남,68세,상해없음
2019051500100068,2019년 5월 15일 03시,수요일,제주특별자치도 제주시 건입동,경상사고,0,0,1,0,차량단독 - 기타,안전운전불이행,건조,맑음,단일로 - 기타,승용,남,58세,상해없음,,,,
2019051500100116,2019년 5월 15일 07시,수요일,제주특별자치도 서귀포시 성산읍,사망사고,1,0,0,0,차대차 - 추돌,안전운전불이행,건조,맑음,단일로 - 기타,이륜,남,61세,사망,이륜,남,61세,상해없음
2019051500100306,2019년 5월 15일 12시,수요일,제주특별자치도 서귀포시 성산읍,중상사고,0,1,0,0,차대차 - 정면충돌,안전운전불이행,건조,맑음,단일로 - 기타,화물,남,27세,상해없음,농기계,여,77세,중상
2019051500100467,2019년 5월 15일 16시,수요일,제주특별자치도 서귀포시 동홍동,사망사고,1,0,0,0,차대사람 - 기타,안전운전불이행,건조,맑음,교차로 - 교차로안,승용,여,41세,상해없음,보행자,남,60세,사망
2019051500100510,2019년 5월 15일 17시,수요일,제주특별자치도 서귀포시 중문동,경상사고,0,0,1,0,차대차 - 측면충돌,안전거리미확보,건조,맑음,단일로 - 기타,이륜,남,21세,경상,승합,남,42세,상해없음
2019051500100641,2019년 5월 15일 20시,수요일,제주특별자치도 제주시 이도이동,경상사고,0,0,3,0,차대차 - 추돌,안전거리미확보,건조,맑음,단일로 - 기타,승용,여,35세,상해없음,승용,여,22세,경상
2019051500100642,2019년 5월 15일 20시,수요일,제주특별자치도 서귀포시 서호동,중상사고,0,1,0,0,차량단독 - 공작물충돌,안전운전불이행,건조,맑음,교차로 - 교차로부근,승용,여,34세,상해없음,,,,
2019051500100667,2019년 5월 15일 21시,수요일,제주특별자치도 서귀포시 성산읍,경상사고,0,0,1,0,차대차 - 기타,신호위반,건조,맑음,교차로 - 교차로안,승용,남,28세,상해없음,화물,여,51세,경상
2019051600100080,2019년 5월 16일 03시,목요일,제주특별자치도 제주시 애월읍,중상사고,0,1,0,0,차량단독 - 공작물충돌,안전운전불이행,건조,맑음,단일로 - 기타,승용,남,31세,중상,,,,
2019051600100132,2019년 5월 16일 07시,목요일,제주특별자치도 제주시 이도이동,경상사고,0,0,1,0,차대차 - 측면충돌,교차로운행방법위반,건조,맑음,교차로 - 교차로안,자전거,남,13세,경상,화물,남,59세,상해없음
2019051600100227,2019년 5월 16일 09시,목요일,제주특별자치도 서귀포시 안덕면,중상사고,0,1,0,0,차대사람 - 기타,안전운전불이행,건조,맑음,단일로 - 기타,화물,남,57세,상해없음,보행자,여,76세,중상
2019051600100313,2019년 5월 16일 11시,목요일,제주특별자치도 제주시 이도일동,경상사고,0,0,1,0,차대차 - 기타,안전운전불이행,건조,맑음,단일로 - 기타,승용,남,62세,상해없음,승용,여,46세,경상
2019051600100471,2019년 5월 16일 16시,목요일,제주특별자치도 서귀포시 성산읍,경상사고,0,0,1,0,차대차 - 기타,안전운전불이행,건조,맑음,단일로 - 기타,자전거,남,8세,경상,승용,남,47세,상해없음
2019051600100532,2019년 5월 16일 17시,목요일,제주특별자치도 제주시 삼양이동,경상사고,0,0,1,0,차대차 - 기타,안전운전불이행,건조,맑음,교차로 - 교차로부근,이륜,남,28세,경상,승용,남,44세,상해없음
2019051600100533,2019년 5월 16일 17시,목요일,제주특별자치도 제주시 건입동,경상사고,0,0,1,0,차대차 - 추돌,안전거리미확보,건조,맑음,단일로 - 기타,승용,여,58세,상해없음,승용,여,55세,경상
2019051600100577,2019년 5월 16일 18시,목요일,제주특별자치도 제주시 구좌읍,경상사고,0,0,2,0,차대차 - 정면충돌,교차로운행방법위반,건조,맑음,교차로 - 교차로안,승용,남,47세,상해없음,승용,여,35세,경상
2019051600100578,2019년 5월 16일 18시,목요일,제주특별자치도 서귀포시 안덕면,중상사고,0,1,0,0,차대사람 - 기타,안전운전불이행,건조,맑음,단일로 - 기타,승용,여,45세,상해없음,보행자,여,22세,중상
2019051600100579,2019년 5월 16일 18시,목요일,제주특별자치도 서귀포시 색달동,경상사고,0,0,3,0,차대차 - 추돌,직진우회전진행방해,건조,맑음,교차로 - 교차로안,화물,여,59세,상해없음,승용,여,23세,경상
2019051600100580,2019년 5월 16일 18시,목요일,제주특별자치도 제주시 용담이동,경상사고,0,0,1,0,차대차 - 기타,안전운전불이행,건조,맑음,단일로 - 기타,승용,남,45세,경상,승합,남,57세,상해없음
2019051700100189,2019년 5월 17일 09시,금요일,제주특별자치도 제주시 한림읍,경상사고,0,0,1,1,차대차 - 측면충돌,안전운전불이행,건조,맑음,단일로 - 기타,승용,남,42세,부상신고,승용,여,42세,경상
2019051700100319,2019년 5월 17일 13시,금요일,제주특별자치도 서귀포시 안덕면,중상사고,0,1,0,0,차대차 - 기타,안전운전불이행,건조,맑음,교차로 - 교차로안,승용,남,56세,상해없음,이륜,남,62세,중상
2019051700100353,2019년 5월 17일 14시,금요일,제주특별자치도 제주시 도련일동,경상사고,0,0,2,0,차대차 - 측면충돌,안전운전불이행,건조,맑음,교차로 - 교차로부근,승용,남,58세,상해없음,화물,남,54세,상해없음
2019051700100391,2019년 5월 17일 15시,금요일,제주특별자치도 서귀포시 성산읍,중상사고,0,1,1,0,차대차 - 측면충돌,직진우회전진행방해,젖음/습기,비,교차로 - 교차로안,승용,남,39세,상해없음,승용,남,36세,경상
2019051700100425,2019년 5월 17일 16시,금요일,제주특별자치도 제주시 오라일동,경상사고,0,0,1,0,차대사람 - 기타,안전운전불이행,젖음/습기,비,기타 - 기타,승용,남,75세,상해없음,보행자,남,63세,경상
2019051700100426,2019년 5월 17일 16시,금요일,제주특별자치도 서귀포시 표선면,중상사고,0,4,3,1,차량단독 - 공작물충돌,기타,젖음/습기,비,단일로 - 기타,승합,남,45세,상해없음,,,,
2019051700100427,2019년 5월 17일 16시,금요일,제주특별자치도 제주시 노형동,중상사고,0,1,4,0,차대차 - 기타,안전운전불이행,젖음/습기,맑음,단일로 - 기타,건설기계,남,41세,상해없음,승용,여,39세,중상
2019051700100529,2019년 5월 17일 18시,금요일,제주특별자치도 제주시 노형동,경상사고,0,0,1,0,차대차 - 측면충돌,신호위반,젖음/습기,비,교차로 - 교차로안,승합,남,74세,상해없음,승용,남,44세,경상
2019051700100530,2019년 5월 17일 18시,금요일,제주특별자치도 제주시 한경면,경상사고,0,0,4,1,차대차 - 정면충돌,중앙선침범,젖음/습기,비,단일로 - 기타,승용,여,59세,상해없음,승용,여,45세,부상신고
2019051700100531,2019년 5월 17일 18시,금요일,제주특별자치도 제주시 이호일동,경상사고,0,0,1,0,차대차 - 추돌,안전운전불이행,건조,맑음,단일로 - 기타,승용,여,20세,상해없음,승용,남,48세,경상
2019051700100580,2019년 5월 17일 19시,금요일,제주특별자치도 제주시 이도이동,경상사고,0,0,1,0,차대차 - 측면충돌,직진우회전진행방해,젖음/습기,비,교차로 - 교차로안,승용,남,69세,상해없음,승용,남,48세,경상
2019051700100662,2019년 5월 17일 21시,금요일,제주특별자치도 서귀포시 강정동,중상사고,0,1,0,0,차대사람 - 기타,기타,젖음/습기,비,단일로 - 기타,승용,남,27세,상해없음,보행자,여,36세,중상
2019051700100688,2019년 5월 17일 22시,금요일,제주특별자치도 제주시 화북이동,경상사고,0,0,1,0,차대차 - 측면충돌,안전거리미확보,젖음/습기,비,단일로 - 기타,승용,남,35세,상해없음,승용,남,52세,경상
2019051700100720,2019년 5월 17일 23시,금요일,제주특별자치도 제주시 노형동,경상사고,0,0,1,0,차대차 - 기타,직진우회전진행방해,젖음/습기,비,교차로 - 교차로안,승용,여,47세,상해없음,승용,남,27세,경상
2019051800100044,2019년 5월 18일 00시,토요일,제주특별자치도 제주시 노형동,중상사고,0,1,0,0,차대사람 - 횡단중,보행자보호의무위반,젖음/습기,비,교차로 - 교차로횡단보도내,승용,남,55세,상해없음,보행자,남,47세,중상
2019051800100075,2019년 5월 18일 01시,토요일,제주특별자치도 제주시 한림읍,중상사고,0,1,0,0,차대차 - 정면충돌,중앙선침범,젖음/습기,비,단일로 - 기타,승용,여,54세,상해없음,승용,남,50세,중상
2019051800100164,2019년 5월 18일 07시,토요일,제주특별자치도 서귀포시 중문동,중상사고,0,3,2,0,차대차 - 기타,신호위반,젖음/습기,비,교차로 - 교차로안,화물,여,70세,상해없음,승용,남,72세,경상
2019051800100165,2019년 5월 18일 07시,토요일,제주특별자치도 제주시 용담이동,부상신고사고,0,0,0,3,차대차 - 정면충돌,직진우회전진행방해,젖음/습기,비,교차로 - 교차로안,승용,여,56세,부상신고,승용,남,48세,부상신고
2019051800100179,2019년 5월 18일 08시,토요일,제주특별자치도 제주시 연동,경상사고,0,0,1,0,차대차 - 추돌,안전운전불이행,젖음/습기,비,단일로 - 기타,승용,남,25세,상해없음,승용,남,68세,경상
2019051800100180,2019년 5월 18일 08시,토요일,제주특별자치도 제주시 애월읍,중상사고,0,1,0,0,차대차 - 측면충돌,안전운전불이행,젖음/습기,맑음,교차로 - 교차로부근,화물,남,54세,상해없음,승용,여,54세,중상
2019051800100407,2019년 5월 18일 14시,토요일,제주특별자치도 제주시 한림읍,경상사고,0,0,1,0,차대차 - 추돌,안전운전불이행,건조,맑음,단일로 - 기타,승용,남,37세,상해없음,승용,남,33세,경상
2019051800100442,2019년 5월 18일 15시,토요일,제주특별자치도 제주시 애월읍,중상사고,0,1,0,0,차대차 - 기타,안전거리미확보,건조,맑음,단일로 - 기타,승용,남,57세,상해없음,승용,여,42세,중상
2019051800100478,2019년 5월 18일 16시,토요일,제주특별자치도 제주시 용담이동,경상사고,0,0,2,0,차대차 - 측면충돌,안전거리미확보,건조,맑음,단일로 - 기타,승용,남,48세,상해없음,승용,남,65세,상해없음
2019051800100513,2019년 5월 18일 17시,토요일,제주특별자치도 제주시 도남동,경상사고,0,0,3,0,차대차 - 추돌,안전거리미확보,건조,흐림,교차로 - 교차로부근,승용,남,39세,상해없음,승용,남,29세,경상
2019051800100514,2019년 5월 18일 17시,토요일,제주특별자치도 제주시 화북이동,경상사고,0,0,1,0,차대차 - 추돌,안전거리미확보,건조,맑음,교차로 - 교차로부근,화물,남,43세,상해없음,승용,여,49세,경상
2019051800100669,2019년 5월 18일 22시,토요일,제주특별자치도 제주시 용담이동,경상사고,0,0,1,0,차대사람 - 횡단중,보행자보호의무위반,건조,맑음,단일로 - 기타,승용,여,31세,상해없음,보행자,남,50세,경상
2019051800100689,2019년 5월 18일 23시,토요일,제주특별자치도 제주시 화북이동,경상사고,0,0,3,0,차대차 - 기타,신호위반,젖음/습기,비,교차로 - 교차로안,승용,여,51세,상해없음,승용,여,30세,경상
2019051900100225,2019년 5월 19일 12시,일요일,제주특별자치도 제주시 아라일동,중상사고,0,1,1,0,차대차 - 측면충돌,신호위반,건조,맑음,교차로 - 교차로안,승용,여,61세,경상,승용,남,25세,중상
2019051900100226,2019년 5월 19일 12시,일요일,제주특별자치도 제주시 한림읍,경상사고,0,0,3,0,차대차 - 기타,직진우회전진행방해,건조,맑음,교차로 - 교차로안,승용,여,24세,상해없음,승용,여,46세,경상
2019051900100286,2019년 5월 19일 14시,일요일,제주특별자치도 제주시 일도일동,경상사고,0,0,1,0,차대사람 - 횡단중,보행자보호의무위반,건조,맑음,단일로 - 기타,승용,남,55세,상해없음,보행자,남,60세,경상
2019051900100287,2019년 5월 19일 14시,일요일,제주특별자치도 제주시 화북이동,부상신고사고,0,0,0,1,차대차 - 측면충돌,안전운전불이행,건조,맑음,단일로 - 기타,승용,여,23세,상해없음,승용,남,28세,부상신고
2019051900100288,2019년 5월 19일 14시,일요일,제주특별자치도 제주시 애월읍,중상사고,0,1,0,0,차대차 - 기타,안전운전불이행,건조,맑음,단일로 - 기타,승용,남,71세,상해없음,이륜,남,43세,중상
2019051900100355,2019년 5월 19일 16시,일요일,제주특별자치도 서귀포시 토평동,중상사고,0,2,0,0,차대차 - 측면충돌,신호위반,젖음/습기,비,교차로 - 교차로안,화물,남,63세,상해없음,승용,남,42세,중상
2019051900100388,2019년 5월 19일 17시,일요일,제주특별자치도 제주시 한림읍,경상사고,0,0,1,0,차대사람 - 기타,안전운전불이행,젖음/습기,비,단일로 - 기타,화물,남,35세,상해없음,보행자,여,74세,경상
2019051900100504,2019년 5월 19일 20시,일요일,제주특별자치도 제주시 용담일동,중상사고,0,1,0,1,차대사람 - 차도통행중,안전운전불이행,건조,맑음,단일로 - 기타,승용,남,72세,상해없음,보행자,남,58세,중상
2019052000100142,2019년 5월 20일 08시,월요일,제주특별자치도 제주시 오라이동,중상사고,0,1,0,0,차대차 - 측면충돌,직진우회전진행방해,젖음/습기,흐림,교차로 - 교차로안,이륜,남,39세,중상,승용,남,58세,상해없음
2019052000100143,2019년 5월 20일 08시,월요일,제주특별자치도 제주시 봉개동,경상사고,0,0,3,0,차대차 - 추돌,안전운전불이행,젖음/습기,흐림,교차로 - 교차로부근,화물,남,69세,상해없음,승용,여,24세,경상
2019052000100144,2019년 5월 20일 08시,월요일,제주특별자치도 서귀포시 법환동,경상사고,0,0,1,1,차대차 - 기타,교차로운행방법위반,건조,맑음,교차로 - 교차로안,승용,여,38세,상해없음,승용,남,36세,경상
2019052000100179,2019년 5월 20일 09시,월요일,제주특별자치도 서귀포시 표선면,경상사고,0,0,2,0,차량단독 - 공작물충돌,안전운전불이행,건조,맑음,단일로 - 기타,승용,여,39세,경상,,,,
2019052000100217,2019년 5월 20일 10시,월요일,제주특별자치도 제주시 일도이동,부상신고사고,0,0,0,1,차대사람 - 기타,안전운전불이행,건조,맑음,단일로 - 기타,승용,여,50세,상해없음,보행자,남,51세,부상신고
2019052000100354,2019년 5월 20일 14시,월요일,제주특별자치도 제주시 연동,부상신고사고,0,0,0,1,차대차 - 기타,안전운전불이행,건조,맑음,단일로 - 기타,승용,남,54세,상해없음,승용,남,49세,부상신고
2019052000100394,2019년 5월 20일 15시,월요일,제주특별자치도 제주시 용담일동,중상사고,0,1,0,0,차대차 - 기타,직진우회전진행방해,건조,맑음,교차로 - 교차로안,승용,남,59세,상해없음,이륜,여,55세,중상
2019052000100560,2019년 5월 20일 18시,월요일,제주특별자치도 제주시 연동,경상사고,0,0,1,0,차대사람 - 차도통행중,안전운전불이행,건조,맑음,단일로 - 기타,승용,여,45세,상해없음,보행자,여,12세,경상
2019052000100627,2019년 5월 20일 20시,월요일,제주특별자치도 서귀포시 중문동,경상사고,0,0,1,0,차대차 - 측면충돌,교차로운행방법위반,건조,맑음,교차로 - 교차로안,승용,남,19세,기타불명,승용,여,38세,경상
2019052100100101,2019년 5월 21일 06시,화요일,제주특별자치도 제주시 도련일동,사망사고,1,0,0,0,차대차 - 추돌,안전운전불이행,건조,맑음,단일로 - 기타,이륜,남,64세,사망,화물,남,52세,상해없음
2019052100100166,2019년 5월 21일 08시,화요일,제주특별자치도 제주시 삼도일동,부상신고사고,0,0,0,1,차대차 - 측면충돌,안전운전불이행,건조,맑음,교차로 - 교차로안,승용,남,67세,상해없음,승용,남,23세,부상신고
2019052100100167,2019년 5월 21일 08시,화요일,제주특별자치도 제주시 아라이동,경상사고,0,0,1,0,차대사람 - 횡단중,안전운전불이행,건조,맑음,단일로 - 기타,승합,남,57세,상해없음,보행자,여,16세,경상
2019052100100168,2019년 5월 21일 08시,화요일,제주특별자치도 제주시 조천읍,경상사고,0,0,2,0,차대차 - 추돌,안전거리미확보,건조,맑음,교차로 - 교차로부근,승용,여,35세,경상,승용,여,28세,경상
2019052100100169,2019년 5월 21일 08시,화요일,제주특별자치도 제주시 연동,경상사고,0,0,1,0,차대차 - 기타,안전운전불이행,건조,맑음,단일로 - 기타,승용,남,59세,상해없음,승용,여,57세,경상
2019052100100262,2019년 5월 21일 10시,화요일,제주특별자치도 제주시 일도이동,경상사고,0,0,2,0,차대차 - 측면충돌,신호위반,건조,맑음,교차로 - 교차로안,승용,여,64세,상해없음,승용,여,46세,경상
2019052100100263,2019년 5월 21일 10시,화요일,제주특별자치도 서귀포시 서홍동,경상사고,0,0,2,0,차대차 - 기타,안전운전불이행,건조,맑음,단일로 - 기타,승용,남,44세,경상,승용,남,41세,경상