사고번호,사고일시,요일,시군구,사고내용,사망자수,중상자수,경상자수,부상신고자수,사고유형,법규위반,노면상태,기상상태,도로형태,가해운전자 차종,가해운전자 성별,가해운전자 연령,가해운전자 상해정도,피해운전자 차종,피해운전자 성별,피해운전자 연령,피해운전자 상해정도
2019052100100297,2019년 5월 21일 11시,화요일,제주특별자치도 제주시 애월읍,부상신고사고,0,0,0,1,차대차 - 추돌,안전운전불이행,건조,맑음,단일로 - 기타,승용,남,33세,부상신고,화물,남,45세,상해없음
2019052100100330,2019년 5월 21일 12시,화요일,제주특별자치도 서귀포시 성산읍,경상사고,0,0,2,0,차대차 - 추돌,안전운전불이행,건조,맑음,단일로 - 기타,화물,남,27세,경상,화물,남,34세,경상
2019052100100391,2019년 5월 21일 14시,화요일,제주특별자치도 서귀포시 성산읍,경상사고,0,0,1,0,차대차 - 기타,안전운전불이행,건조,맑음,교차로 - 교차로부근,화물,남,61세,상해없음,승용,여,28세,경상
2019052100100392,2019년 5월 21일 14시,화요일,제주특별자치도 제주시 용담이동,경상사고,0,0,3,0,차대차 - 기타,안전운전불이행,건조,맑음,단일로 - 기타,승용,여,50세,상해없음,승용,여,52세,경상
2019052100100424,2019년 5월 21일 15시,화요일,제주특별자치도 제주시 애월읍,중상사고,0,1,0,0,차대차 - 측면충돌,직진우회전진행방해,건조,맑음,교차로 - 교차로안,승용,여,46세,상해없음,화물,여,60세,중상
2019052100100458,2019년 5월 21일 16시,화요일,제주특별자치도 제주시 해안동,경상사고,0,0,1,0,차량단독 - 기타,안전운전불이행,건조,맑음,단일로 - 기타,이륜,남,30세,경상,,,,
2019052100100523,2019년 5월 21일 17시,화요일,제주특별자치도 제주시 삼도일동,중상사고,0,1,0,1,차대사람 - 횡단중,보행자보호의무위반,건조,맑음,교차로 - 교차로안,승용,여,73세,상해없음,보행자,남,59세,중상
2019052100100524,2019년 5월 21일 17시,화요일,제주특별자치도 제주시 연동,경상사고,0,0,1,0,차대사람 - 기타,기타,건조,맑음,단일로 - 기타,승합,남,65세,상해없음,보행자,여,36세,경상
2019052100100573,2019년 5월 21일 18시,화요일,제주특별자치도 제주시 화북일동,경상사고,0,0,1,0,차대차 - 기타,안전운전불이행,건조,맑음,교차로 - 교차로안,승용,남,77세,상해없음,승용,남,20세,경상
2019052100100574,2019년 5월 21일 18시,화요일,제주특별자치도 서귀포시 서귀동,중상사고,0,1,0,0,차대차 - 기타,기타,건조,맑음,교차로 - 교차로안,승용,남,31세,상해없음,이륜,남,31세,중상
2019052100100612,2019년 5월 21일 19시,화요일,제주특별자치도 제주시 노형동,부상신고사고,0,0,0,2,차대차 - 정면충돌,안전운전불이행,건조,맑음,교차로 - 교차로안,승용,남,73세,부상신고,승용,남,26세,상해없음
2019052100100718,2019년 5월 21일 22시,화요일,제주특별자치도 제주시 한경면,경상사고,0,0,1,0,차대차 - 측면충돌,교차로운행방법위반,건조,맑음,교차로 - 교차로안,화물,남,70세,상해없음,승용,남,30세,경상
2019052200100031,2019년 5월 22일 00시,수요일,제주특별자치도 제주시 노형동,경상사고,0,0,1,0,차대차 - 기타,안전운전불이행,건조,맑음,교차로 - 교차로안,승용,여,34세,상해없음,승용,남,22세,경상
2019052200100184,2019년 5월 22일 08시,수요일,제주특별자치도 제주시 노형동,경상사고,0,0,1,0,차대차 - 측면충돌,교차로운행방법위반,건조,맑음,교차로 - 교차로안,승용,여,44세,기타불명,승용,남,63세,경상
2019052200100249,2019년 5월 22일 10시,수요일,제주특별자치도 제주시 이도이동,경상사고,0,0,2,1,차대차 - 기타,안전운전불이행,건조,맑음,교차로 - 교차로안,승용,여,60세,부상신고,화물,남,45세,경상
2019052200100283,2019년 5월 22일 11시,수요일,제주특별자치도 제주시 삼도이동,경상사고,0,0,1,0,차량단독 - 전도전복 - 전도,안전운전불이행,건조,맑음,단일로 - 기타,이륜,남,43세,상해없음,,,,
2019052200100316,2019년 5월 22일 12시,수요일,제주특별자치도 제주시 노형동,경상사고,0,0,1,1,차대차 - 측면충돌,안전거리미확보,건조,맑음,단일로 - 기타,승용,여,66세,부상신고,승용,여,49세,경상
2019052200100359,2019년 5월 22일 13시,수요일,제주특별자치도 서귀포시 성산읍,경상사고,0,0,3,1,차대차 - 추돌,안전거리미확보,건조,맑음,단일로 - 기타,승용,남,37세,부상신고,승용,남,47세,경상
2019052200100360,2019년 5월 22일 13시,수요일,제주특별자치도 제주시 노형동,중상사고,0,1,1,0,차대차 - 기타,직진우회전진행방해,건조,맑음,교차로 - 교차로안,승용,남,25세,상해없음,승용,남,73세,상해없음
2019052200100476,2019년 5월 22일 16시,수요일,제주특별자치도 제주시 일도이동,경상사고,0,0,1,0,차대차 - 기타,중앙선침범,건조,맑음,단일로 - 기타,화물,남,70세,상해없음,승용,여,47세,상해없음
2019052200100523,2019년 5월 22일 17시,수요일,제주특별자치도 서귀포시 성산읍,중상사고,0,1,1,0,차대차 - 기타,중앙선침범,건조,맑음,단일로 - 기타,승용,남,36세,상해없음,승용,여,44세,중상
2019052200100563,2019년 5월 22일 18시,수요일,제주특별자치도 제주시 노형동,중상사고,0,1,0,0,차대사람 - 횡단중,보행자보호의무위반,건조,맑음,교차로 - 교차로횡단보도내,승용,여,41세,상해없음,보행자,남,9세,중상
2019052200100607,2019년 5월 22일 19시,수요일,제주특별자치도 제주시 이도일동,경상사고,0,0,1,0,차대차 - 기타,신호위반,건조,맑음,교차로 - 교차로안,승용,남,66세,상해없음,승합,남,23세,경상
2019052200100644,2019년 5월 22일 20시,수요일,제주특별자치도 제주시 연동,부상신고사고,0,0,0,1,차대차 - 측면충돌,안전운전불이행,건조,맑음,단일로 - 기타,승용,여,26세,상해없음,승용,여,23세,부상신고
2019052300100038,2019년 5월 23일 00시,목요일,제주특별자치도 제주시 이도이동,경상사고,0,0,1,0,차대차 - 측면충돌,직진우회전진행방해,건조,맑음,교차로 - 교차로안,승용,남,62세,상해없음,이륜,남,23세,경상
2019052300100241,2019년 5월 23일 10시,목요일,제주특별자치도 제주시 삼도일동,경상사고,0,0,1,1,차대차 - 기타,기타,건조,맑음,단일로 - 기타,승용,여,44세,부상신고,승합,남,55세,상해없음
2019052300100316,2019년 5월 23일 12시,목요일,제주특별자치도 서귀포시 서귀동,경상사고,0,0,1,0,차대사람 - 차도통행중,안전운전불이행,건조,맑음,단일로 - 기타,승용,남,52세,상해없음,보행자,남,10세,경상
2019052300100317,2019년 5월 23일 12시,목요일,제주특별자치도 서귀포시 안덕면,경상사고,0,0,1,1,차대차 - 기타,신호위반,건조,맑음,교차로 - 교차로안,승용,여,39세,부상신고,승용,여,23세,경상
2019052300100384,2019년 5월 23일 14시,목요일,제주특별자치도 제주시 노형동,경상사고,0,0,1,0,차대차 - 기타,교차로운행방법위반,건조,맑음,교차로 - 교차로부근,이륜,남,64세,경상,화물,남,47세,상해없음
2019052300100416,2019년 5월 23일 15시,목요일,제주특별자치도 서귀포시 서귀동,경상사고,0,0,1,0,차대사람 - 횡단중,안전운전불이행,건조,맑음,단일로 - 기타,화물,남,56세,상해없음,보행자,남,11세,경상
2019052300100456,2019년 5월 23일 16시,목요일,제주특별자치도 제주시 애월읍,중상사고,0,1,11,7,차대차 - 기타,안전운전불이행,건조,맑음,교차로 - 교차로부근,화물,남,47세,경상,승용,남,24세,중상
2019052300100553,2019년 5월 23일 18시,목요일,제주특별자치도 제주시 용담일동,경상사고,0,0,1,0,차대차 - 기타,교차로운행방법위반,건조,맑음,교차로 - 교차로안,자전거,남,76세,경상,승용,남,41세,상해없음
2019052300100639,2019년 5월 23일 20시,목요일,제주특별자치도 제주시 건입동,경상사고,0,0,1,0,차대사람 - 횡단중,안전운전불이행,건조,맑음,단일로 - 기타,승용,여,57세,상해없음,보행자,여,20세,경상
2019052400100165,2019년 5월 24일 08시,금요일,제주특별자치도 제주시 도련일동,경상사고,0,0,1,0,차대차 - 정면충돌,직진우회전진행방해,건조,맑음,교차로 - 교차로안,화물,남,54세,상해없음,화물,여,58세,경상
2019052400100201,2019년 5월 24일 09시,금요일,제주특별자치도 제주시 삼도이동,경상사고,0,0,1,0,차대차 - 측면충돌,교차로운행방법위반,건조,맑음,교차로 - 교차로안,화물,남,47세,상해없음,승용,여,28세,경상
2019052400100202,2019년 5월 24일 09시,금요일,제주특별자치도 제주시 한경면,경상사고,0,0,1,0,차대차 - 측면충돌,신호위반,건조,맑음,교차로 - 교차로안,승용,남,58세,상해없음,화물,남,41세,경상
2019052400100354,2019년 5월 24일 13시,금요일,제주특별자치도 제주시 용담이동,경상사고,0,0,1,0,차대차 - 기타,안전운전불이행,건조,맑음,기타 - 기타,화물,남,62세,상해없음,개인형이동수단(PM),남,33세,경상
2019052400100393,2019년 5월 24일 14시,금요일,제주특별자치도 제주시 연동,중상사고,0,1,0,0,차대차 - 측면충돌,중앙선침범,건조,맑음,교차로 - 교차로안,승용,여,35세,상해없음,승용,여,42세,중상
2019052400100440,2019년 5월 24일 15시,금요일,제주특별자치도 제주시 조천읍,경상사고,0,0,5,0,차대차 - 기타,신호위반,건조,맑음,교차로 - 교차로안,승용,여,52세,상해없음,승용,남,67세,경상
2019052400100499,2019년 5월 24일 16시,금요일,제주특별자치도 서귀포시 호근동,경상사고,0,0,1,0,차대차 - 기타,안전운전불이행,건조,맑음,교차로 - 교차로부근,화물,남,53세,상해없음,승용,여,33세,경상
2019052400100551,2019년 5월 24일 17시,금요일,제주특별자치도 서귀포시 서홍동,경상사고,0,0,1,0,차대사람 - 기타,보행자보호의무위반,건조,맑음,단일로 - 기타,승용,여,36세,상해없음,보행자,남,78세,경상
2019052400100681,2019년 5월 24일 20시,금요일,제주특별자치도 제주시 외도일동,경상사고,0,0,1,0,차대차 - 후진중충돌,안전운전불이행,건조,맑음,단일로 - 기타,승용,여,37세,상해없음,승용,여,27세,경상
2019052500100029,2019년 5월 25일 00시,토요일,제주특별자치도 제주시 도남동,중상사고,0,1,0,0,차대사람 - 횡단중,안전운전불이행,건조,맑음,교차로 - 교차로부근,승용,남,32세,상해없음,보행자,남,55세,중상
2019052500100268,2019년 5월 25일 11시,토요일,제주특별자치도 서귀포시 법환동,경상사고,0,0,1,0,차대차 - 기타,교차로운행방법위반,건조,맑음,교차로 - 교차로부근,승용,여,26세,경상,화물,남,48세,상해없음
2019052500100343,2019년 5월 25일 13시,토요일,제주특별자치도 제주시 오라이동,경상사고,0,0,1,0,차대차 - 기타,중앙선침범,건조,맑음,단일로 - 기타,승합,남,73세,상해없음,화물,남,61세,경상
2019052500100344,2019년 5월 25일 13시,토요일,제주특별자치도 제주시 아라일동,경상사고,0,0,1,0,차대차 - 측면충돌,교차로운행방법위반,건조,맑음,교차로 - 교차로안,화물,남,57세,상해없음,승용,여,68세,경상
2019052500100383,2019년 5월 25일 14시,토요일,제주특별자치도 제주시 연동,중상사고,0,3,2,0,차대차 - 기타,안전운전불이행,건조,맑음,단일로 - 기타,승용,남,59세,상해없음,승용,여,57세,경상
2019052500100425,2019년 5월 25일 15시,토요일,제주특별자치도 제주시 용강동,중상사고,0,4,1,0,차대차 - 정면충돌,안전운전불이행,건조,맑음,단일로 - 기타,승용,여,56세,경상,승용,남,33세,중상
2019052500100426,2019년 5월 25일 15시,토요일,제주특별자치도 서귀포시 서귀동,중상사고,0,1,0,0,차대사람 - 횡단중,신호위반,건조,맑음,단일로 - 기타,승용,여,63세,상해없음,보행자,여,41세,중상
2019052500100464,2019년 5월 25일 16시,토요일,제주특별자치도 제주시 구좌읍,중상사고,0,3,0,0,차대차 - 측면충돌,중앙선침범,건조,맑음,단일로 - 기타,승용,여,26세,중상,승합,남,44세,상해없음
2019052500100465,2019년 5월 25일 16시,토요일,제주특별자치도 제주시 노형동,경상사고,0,0,1,0,차대차 - 기타,교차로운행방법위반,건조,맑음,교차로 - 교차로안,승용,여,38세,기타불명,승용,여,37세,경상
2019052500100500,2019년 5월 25일 17시,토요일,제주특별자치도 제주시 용강동,중상사고,0,3,1,0,차대차 - 정면충돌,안전운전불이행,건조,맑음,단일로 - 기타,승용,여,30세,상해없음,승용,남,52세,중상
2019052500100534,2019년 5월 25일 18시,토요일,제주특별자치도 제주시 연동,경상사고,0,0,1,0,차대차 - 추돌,안전거리미확보,건조,맑음,단일로 - 기타,승용,여,43세,상해없음,승용,남,42세,경상
2019052500100571,2019년 5월 25일 19시,토요일,제주특별자치도 제주시 용담일동,중상사고,0,1,0,0,차대사람 - 기타,안전운전불이행,건조,맑음,단일로 - 기타,승용,남,66세,상해없음,보행자,남,46세,중상
2019052500100667,2019년 5월 25일 22시,토요일,제주특별자치도 서귀포시 남원읍,경상사고,0,0,1,0,차량단독 - 공작물충돌,안전운전불이행,건조,맑음,단일로 - 기타,승용,남,42세,경상,,,,
2019052500100668,2019년 5월 25일 22시,토요일,제주특별자치도 서귀포시 토평동,경상사고,0,0,3,0,차대차 - 기타,중앙선침범,건조,맑음,단일로 - 기타,승용,여,51세,상해없음,승용,여,51세,경상
2019052600100096,2019년 5월 26일 05시,일요일,제주특별자치도 서귀포시 서귀동,경상사고,0,0,1,0,차대차 - 정면충돌,교차로운행방법위반,건조,맑음,교차로 - 교차로안,승용,남,68세,상해없음,승용,남,64세,상해없음
2019052600100097,2019년 5월 26일 05시,일요일,제주특별자치도 제주시 애월읍,경상사고,0,0,1,0,차량단독 - 공작물충돌,안전운전불이행,건조,맑음,교차로 - 교차로부근,화물,남,69세,경상,,,,
2019052600100138,2019년 5월 26일 09시,일요일,제주특별자치도 서귀포시 남원읍,중상사고,0,1,0,0,차량단독 - 기타,안전운전불이행,건조,맑음,단일로 - 기타,원동기,여,63세,중상,,,,
2019052600100229,2019년 5월 26일 12시,일요일,제주특별자치도 제주시 연동,중상사고,0,1,1,0,차대차 - 측면충돌,직진우회전진행방해,건조,맑음,교차로 - 교차로안,이륜,남,51세,중상,승용,여,46세,경상
2019052600100296,2019년 5월 26일 14시,일요일,제주특별자치도 서귀포시 대정읍,중상사고,0,1,0,2,차대차 - 측면충돌,직진우회전진행방해,건조,맑음,교차로 - 교차로안,승용,여,33세,부상신고,승용,여,72세,중상
2019052600100376,2019년 5월 26일 16시,일요일,제주특별자치도 제주시 삼양이동,중상사고,0,1,0,0,차대차 - 측면충돌,직진우회전진행방해,건조,맑음,교차로 - 교차로부근,승용,남,56세,상해없음,이륜,남,47세,중상
2019052600100484,2019년 5월 26일 20시,일요일,제주특별자치도 제주시 도남동,경상사고,0,0,1,0,차대사람 - 기타,안전운전불이행,건조,맑음,단일로 - 기타,승용,남,47세,상해없음,보행자,남,45세,경상
2019052600100508,2019년 5월 26일 21시,일요일,제주특별자치도 제주시 영평동,중상사고,0,2,0,0,차대차 - 기타,직진우회전진행방해,건조,맑음,교차로 - 교차로안,승합,남,49세,상해없음,이륜,남,19세,중상
2019052600100509,2019년 5월 26일 21시,일요일,제주특별자치도 제주시 노형동,경상사고,0,0,1,0,차대차 - 기타,안전거리미확보,건조,맑음,교차로 - 교차로안,승용,남,47세,상해없음,승용,여,43세,경상
2019052700100063,2019년 5월 27일 04시,월요일,제주특별자치도 서귀포시 안덕면,중상사고,0,1,3,0,차대차 - 기타,안전거리미확보,젖음/습기,흐림,교차로 - 교차로부근,승용,여,47세,상해없음,승용,여,56세,경상
2019052700100088,2019년 5월 27일 06시,월요일,제주특별자치도 제주시 노형동,경상사고,0,0,1,0,차대차 - 측면충돌,신호위반,젖음/습기,비,교차로 - 교차로안,승용,남,53세,상해없음,화물,남,34세,경상
2019052700100163,2019년 5월 27일 08시,월요일,제주특별자치도 제주시 화북일동,경상사고,0,0,1,0,차대사람 - 횡단중,신호위반,젖음/습기,비,교차로 - 교차로횡단보도내,승용,여,41세,상해없음,보행자,여,30세,경상
2019052700100164,2019년 5월 27일 08시,월요일,제주특별자치도 서귀포시 안덕면,부상신고사고,0,0,0,2,차량단독 - 기타,안전운전불이행,젖음/습기,비,교차로 - 교차로부근,승용,남,52세,부상신고,,,,
2019052700100165,2019년 5월 27일 08시,월요일,제주특별자치도 제주시 용담이동,중상사고,0,1,1,0,차대차 - 기타,안전거리미확보,건조,맑음,단일로 - 기타,승용,여,59세,상해없음,승용,남,61세,상해없음
2019052700100195,2019년 5월 27일 09시,월요일,제주특별자치도 서귀포시 색달동,경상사고,0,0,1,1,차대차 - 측면충돌,안전운전불이행,적설,비,교차로 - 교차로안,승용,여,23세,상해없음,승용,남,55세,경상
2019052700100251,2019년 5월 27일 10시,월요일,제주특별자치도 제주시 화북이동,경상사고,0,0,2,0,차대차 - 추돌,안전운전불이행,젖음/습기,흐림,단일로 - 기타,화물,여,73세,상해없음,승용,여,42세,경상
2019052700100320,2019년 5월 27일 12시,월요일,제주특별자치도 서귀포시 성산읍,중상사고,0,1,2,0,차대차 - 정면충돌,안전운전불이행,젖음/습기,비,교차로 - 교차로안,화물,남,29세,중상,승합,남,52세,상해없음
2019052700100392,2019년 5월 27일 14시,월요일,제주특별자치도 서귀포시 하효동,경상사고,0,0,1,1,차대차 - 기타,안전운전불이행,젖음/습기,비,단일로 - 기타,승용,여,49세,부상신고,승합,여,58세,경상
2019052700100417,2019년 5월 27일 15시,월요일,제주특별자치도 제주시 조천읍,사망사고,1,0,0,1,차대차 - 기타,중앙선침범,건조,맑음,단일로 - 기타,화물,남,65세,사망,건설기계,남,44세,부상신고
2019052700100491,2019년 5월 27일 17시,월요일,제주특별자치도 서귀포시 대정읍,경상사고,0,0,1,0,차대차 - 추돌,안전운전불이행,젖음/습기,비,교차로 - 교차로부근,화물,남,49세,상해없음,승용,남,40세,경상
2019052700100529,2019년 5월 27일 18시,월요일,제주특별자치도 제주시 노형동,경상사고,0,0,1,0,차대차 - 추돌,안전운전불이행,건조,맑음,교차로 - 교차로부근,승용,여,47세,상해없음,승용,남,42세,경상
2019052800100152,2019년 5월 28일 08시,화요일,제주특별자치도 제주시 한경면,중상사고,0,1,0,0,차량단독 - 기타,안전운전불이행,건조,맑음,단일로 - 기타,승용,남,39세,중상,,,,
2019052800100198,2019년 5월 28일 09시,화요일,제주특별자치도 서귀포시 중문동,중상사고,0,2,0,0,차대차 - 추돌,안전거리미확보,건조,맑음,단일로 - 기타,승용,여,30세,상해없음,승용,남,32세,중상
2019052800100267,2019년 5월 28일 11시,화요일,제주특별자치도 제주시 용담이동,경상사고,0,0,2,0,차대차 - 측면충돌,안전운전불이행,건조,맑음,단일로 - 기타,이륜,남,58세,경상,이륜,남,41세,경상
2019052800100334,2019년 5월 28일 13시,화요일,제주특별자치도 서귀포시 강정동,중상사고,0,1,0,1,차대차 - 기타,직진우회전진행방해,건조,맑음,교차로 - 교차로안,화물,남,28세,부상신고,승용,남,36세,중상
2019052800100479,2019년 5월 28일 16시,화요일,제주특별자치도 서귀포시 중문동,경상사고,0,0,1,0,차대사람 - 기타,안전운전불이행,건조,맑음,교차로 - 교차로부근,승용,여,57세,상해없음,보행자,남,35세,경상
2019052800100480,2019년 5월 28일 16시,화요일,제주특별자치도 제주시 노형동,경상사고,0,0,1,0,차대사람 - 기타,안전운전불이행,건조,맑음,교차로 - 교차로안,승용,남,36세,상해없음,보행자,여,8세,경상
2019052800100540,2019년 5월 28일 17시,화요일,제주특별자치도 제주시 노형동,경상사고,0,0,1,0,차대차 - 기타,안전거리미확보,건조,맑음,단일로 - 기타,승용,남,64세,상해없음,승용,남,29세,경상
2019052800100596,2019년 5월 28일 18시,화요일,제주특별자치도 제주시 조천읍,경상사고,0,0,1,0,차대차 - 측면충돌,중앙선침범,건조,맑음,단일로 - 기타,화물,남,38세,상해없음,승용,남,36세,경상
2019052800100597,2019년 5월 28일 18시,화요일,제주특별자치도 서귀포시 호근동,경상사고,0,0,1,0,차대차 - 측면충돌,교차로운행방법위반,건조,맑음,교차로 - 교차로안,승용,여,33세,상해없음,승용,남,69세,경상
2019052800100598,2019년 5월 28일 18시,화요일,제주특별자치도 제주시 해안동,중상사고,0,1,0,0,차대차 - 측면충돌,신호위반,건조,맑음,교차로 - 교차로부근,승용,여,59세,상해없음,이륜,남,38세,중상
2019052800100644,2019년 5월 28일 19시,화요일,제주특별자치도 제주시 도남동,경상사고,0,0,1,0,차대차 - 기타,신호위반,건조,맑음,교차로 - 교차로안,기타불명,기타불명,미분류,기타불명,승용,남,37세,경상
2019052800100681,2019년 5월 28일 20시,화요일,제주특별자치도 서귀포시 법환동,중상사고,0,1,0,0,차대사람 - 횡단중,보행자보호의무위반,건조,맑음,교차로 - 교차로횡단보도내,승용,여,37세,상해없음,보행자,여,27세,중상
2019052800100682,2019년 5월 28일 20시,화요일,제주특별자치도 제주시 노형동,경상사고,0,0,4,0,차대차 - 추돌,안전운전불이행,건조,맑음,단일로 - 기타,승용,남,39세,상해없음,승용,남,40세,경상
2019052900100264,2019년 5월 29일 11시,수요일,제주특별자치도 제주시 애월읍,경상사고,0,0,3,0,차대차 - 측면충돌,안전거리미확보,건조,맑음,단일로 - 기타,승용,남,28세,상해없음,승용,여,43세,경상
2019052900100363,2019년 5월 29일 14시,수요일,제주특별자치도 제주시 오라이동,경상사고,0,0,2,0,차대차 - 정면충돌,중앙선침범,건조,맑음,단일로 - 기타,특수,남,26세,상해없음,승용,여,37세,경상
2019052900100407,2019년 5월 29일 15시,수요일,제주특별자치도 제주시 아라일동,경상사고,0,0,1,0,차대사람 - 횡단중,안전운전불이행,건조,맑음,단일로 - 기타,승용,여,41세,상해없음,보행자,남,7세,경상
2019052900100461,2019년 5월 29일 16시,수요일,제주특별자치도 제주시 노형동,중상사고,0,1,0,0,차대차 - 기타,신호위반,건조,맑음,교차로 - 교차로안,승용,여,42세,상해없음,이륜,남,28세,중상
2019052900100577,2019년 5월 29일 18시,수요일,제주특별자치도 제주시 화북이동,경상사고,0,0,1,0,차대사람 - 보도통행중,기타,건조,맑음,단일로 - 기타,승용,남,54세,상해없음,보행자,남,77세,경상
2019052900100578,2019년 5월 29일 18시,수요일,제주특별자치도 제주시 애월읍,중상사고,0,1,1,0,차대차 - 측면충돌,안전거리미확보,건조,맑음,단일로 - 기타,특수,남,38세,상해없음,승용,남,59세,경상
2019052900100650,2019년 5월 29일 20시,수요일,제주특별자치도 서귀포시 대정읍,경상사고,0,0,1,0,차대차 - 측면충돌,기타,건조,맑음,교차로 - 교차로안,승용,남,26세,상해없음,승용,남,33세,경상
2019052900100651,2019년 5월 29일 20시,수요일,제주특별자치도 제주시 연동,경상사고,0,0,1,0,차대차 - 기타,안전거리미확보,건조,기타,단일로 - 기타,승합,남,44세,상해없음,승용,남,53세,경상
2019053000100032,2019년 5월 30일 00시,목요일,제주특별자치도 서귀포시 서홍동,중상사고,0,1,0,1,차대차 - 측면충돌,중앙선침범,건조,맑음,교차로 - 교차로부근,이륜,남,45세,부상신고,승용,여,55세,중상
2019053000100044,2019년 5월 30일 01시,목요일,제주특별자치도 제주시 이도이동,경상사고,0,0,2,0,차대차 - 측면충돌,신호위반,건조,맑음,교차로 - 교차로안,승용,여,50세,상해없음,승용,남,63세,상해없음
2019053000100099,2019년 5월 30일 06시,목요일,제주특별자치도 제주시 도두일동,경상사고,0,0,1,0,차대차 - 기타,안전운전불이행,건조,맑음,단일로 - 기타,승용,남,65세,상해없음,개인형이동수단(PM),여,18세,경상
2019053000100117,2019년 5월 30일 07시,목요일,제주특별자치도 제주시 삼도일동,중상사고,0,2,0,1,차대차 - 측면충돌,안전운전불이행,건조,맑음,교차로 - 교차로부근,승용,남,77세,부상신고,승용,남,27세,상해없음
2019053000100166,2019년 5월 30일 08시,목요일,제주특별자치도 서귀포시 남원읍,중상사고,0,1,0,0,차대차 - 추돌,기타,건조,맑음,단일로 - 기타,화물,여,41세,상해없음,화물,남,48세,중상
2019053000100210,2019년 5월 30일 09시,목요일,제주특별자치도 제주시 건입동,경상사고,0,0,1,0,차대차 - 측면충돌,안전운전불이행,건조,맑음,단일로 - 기타,승용,남,32세,상해없음,승용,여,49세,경상
2019053000100307,2019년 5월 30일 12시,목요일,제주특별자치도 서귀포시 대정읍,중상사고,0,1,0,0,차대차 - 측면충돌,안전운전불이행,건조,맑음,단일로 - 기타,이륜,여,76세,중상,승용,여,34세,상해없음
2019053000100411,2019년 5월 30일 16시,목요일,제주특별자치도 제주시 일도이동,경상사고,0,0,1,0,차대차 - 측면충돌,직진우회전진행방해,건조,맑음,교차로 - 교차로안,이륜,남,47세,경상,승용,남,27세,상해없음
2019053000100533,2019년 5월 30일 19시,목요일,제주특별자치도 제주시 아라일동,경상사고,0,0,1,0,차대차 - 추돌,안전거리미확보,건조,맑음,단일로 - 기타,화물,남,54세,상해없음,승용,여,31세,경상
2019053000100621,2019년 5월 30일 22시,목요일,제주특별자치도 서귀포시 상예동,중상사고,0,1,0,0,차대사람 - 횡단중,기타,건조,맑음,단일로 - 기타,승용,여,42세,상해없음,보행자,남,50세,중상
2019053000100622,2019년 5월 30일 22시,목요일,제주특별자치도 서귀포시 중문동,부상신고사고,0,0,0,1,차대차 - 측면충돌,직진우회전진행방해,건조,맑음,교차로 - 교차로안,승용,남,47세,상해없음,이륜,남,22세,부상신고
2019053100100045,2019년 5월 31일 00시,금요일,제주특별자치도 서귀포시 대정읍,경상사고,0,0,1,0,차량단독 - 공작물충돌,안전운전불이행,건조,맑음,단일로 - 기타,승용,남,64세,경상,,,,
2019053100100067,2019년 5월 31일 02시,금요일,제주특별자치도 서귀포시 서귀동,경상사고,0,0,1,0,차대차 - 측면충돌,안전운전불이행,건조,맑음,단일로 - 기타,승용,남,59세,경상,승용,여,27세,기타불명
2019053100100109,2019년 5월 31일 06시,금요일,제주특별자치도 서귀포시 중문동,중상사고,0,1,0,0,차대차 - 측면충돌,신호위반,건조,흐림,교차로 - 교차로안,승용,남,30세,상해없음,승용,여,36세,중상
2019053100100165,2019년 5월 31일 08시,금요일,제주특별자치도 제주시 조천읍,경상사고,0,0,1,0,차대차 - 기타,안전운전불이행,젖음/습기,흐림,단일로 - 기타,화물,남,27세,상해없음,승용,남,40세,경상
2019053100100200,2019년 5월 31일 09시,금요일,제주특별자치도 서귀포시 중문동,경상사고,0,0,2,0,차대차 - 추돌,안전거리미확보,건조,맑음,교차로 - 교차로안,승용,남,26세,상해없음,승용,여,49세,경상
2019053100100262,2019년 5월 31일 11시,금요일,제주특별자치도 서귀포시 남원읍,중상사고,0,2,0,1,차대차 - 기타,안전운전불이행,젖음/습기,비,단일로 - 기타,승용,여,48세,부상신고,승용,남,28세,중상
2019053100100263,2019년 5월 31일 11시,금요일,제주특별자치도 서귀포시 대정읍,경상사고,0,0,1,0,차대차 - 기타,기타,건조,맑음,교차로 - 교차로안,화물,남,43세,상해없음,승용,남,31세,경상
2019053100100264,2019년 5월 31일 11시,금요일,제주특별자치도 제주시 한림읍,중상사고,0,1,0,0,차대사람 - 기타,안전운전불이행,건조,맑음,교차로 - 교차로부근,화물,남,52세,상해없음,보행자,여,59세,중상
2019053100100306,2019년 5월 31일 12시,금요일,제주특별자치도 서귀포시 안덕면,부상신고사고,0,0,0,1,차대차 - 기타,안전운전불이행,건조,맑음,교차로 - 교차로안,원동기,여,57세,부상신고,승용,여,58세,상해없음
2019053100100386,2019년 5월 31일 14시,금요일,제주특별자치도 제주시 외도일동,경상사고,0,0,1,0,차대차 - 측면충돌,교차로운행방법위반,건조,맑음,교차로 - 교차로안,승용,여,37세,상해없음,승용,남,28세,경상
2019053100100433,2019년 5월 31일 15시,금요일,제주특별자치도 제주시 일도이동,경상사고,0,0,1,0,차대사람 - 보도통행중,보행자보호의무위반,건조,맑음,교차로 - 교차로횡단보도내,승용,여,41세,상해없음,보행자,남,10세,경상