사고번호,사고일시,요일,시군구,사고내용,사망자수,중상자수,경상자수,부상신고자수,사고유형,법규위반,노면상태,기상상태,도로형태,가해운전자 차종,가해운전자 성별,가해운전자 연령,가해운전자 상해정도,피해운전자 차종,피해운전자 성별,피해운전자 연령,피해운전자 상해정도
2019053100100536,2019년 5월 31일 17시,금요일,제주특별자치도 서귀포시 서귀동,경상사고,0,0,1,0,차대차 - 후진중충돌,안전운전불이행,건조,맑음,교차로 - 교차로안,승용,남,48세,상해없음,승용,여,34세,경상
2019053100100678,2019년 5월 31일 20시,금요일,제주특별자치도 제주시 연동,중상사고,0,1,0,0,차대차 - 추돌,안전운전불이행,건조,맑음,교차로 - 교차로부근,승용,여,43세,상해없음,승용,여,52세,중상
2019053100100722,2019년 5월 31일 21시,금요일,제주특별자치도 서귀포시 월평동,부상신고사고,0,0,0,1,차량단독 - 기타,안전운전불이행,건조,기타,단일로 - 기타,이륜,남,66세,부상신고,,,,
2019053100100795,2019년 5월 31일 23시,금요일,제주특별자치도 제주시 연동,중상사고,0,1,1,0,차대차 - 측면충돌,신호위반,건조,맑음,교차로 - 교차로안,승용,여,19세,상해없음,승용,남,52세,상해없음
2019060100100034,2019년 6월 1일 00시,토요일,제주특별자치도 제주시 외도일동,경상사고,0,0,1,0,차대차 - 측면충돌,직진우회전진행방해,건조,맑음,교차로 - 교차로안,승용,남,71세,상해없음,승용,남,53세,경상
2019060100100074,2019년 6월 1일 03시,토요일,제주특별자치도 제주시 이도이동,중상사고,0,1,0,0,차대사람 - 횡단중,신호위반,건조,맑음,교차로 - 교차로횡단보도내,승용,남,59세,상해없음,보행자,여,51세,중상
2019060100100075,2019년 6월 1일 03시,토요일,제주특별자치도 서귀포시 표선면,중상사고,0,1,1,0,차량단독 - 기타,안전운전불이행,건조,기타,단일로 - 기타,승용,남,33세,경상,,,,
2019060100100141,2019년 6월 1일 08시,토요일,제주특별자치도 서귀포시 성산읍,경상사고,0,0,1,0,차대차 - 기타,직진우회전진행방해,건조,맑음,단일로 - 기타,이륜,남,68세,경상,화물,남,60세,상해없음
2019060100100174,2019년 6월 1일 09시,토요일,제주특별자치도 제주시 화북이동,경상사고,0,0,4,0,차대차 - 추돌,안전운전불이행,건조,맑음,교차로 - 교차로부근,승용,남,27세,상해없음,승용,여,29세,경상
2019060100100197,2019년 6월 1일 10시,토요일,제주특별자치도 서귀포시 하원동,중상사고,0,1,0,0,차대사람 - 기타,안전운전불이행,건조,맑음,단일로 - 기타,화물,남,49세,상해없음,보행자,남,69세,중상
2019060100100198,2019년 6월 1일 10시,토요일,제주특별자치도 서귀포시 성산읍,중상사고,0,1,0,0,차대차 - 측면충돌,안전거리미확보,건조,맑음,단일로 - 기타,이륜,남,28세,중상,화물,남,57세,상해없음
2019060100100316,2019년 6월 1일 13시,토요일,제주특별자치도 제주시 봉개동,부상신고사고,0,0,0,1,차량단독 - 전도전복 - 전도,안전운전불이행,건조,맑음,기타 - 기타,이륜,여,78세,부상신고,,,,
2019060100100317,2019년 6월 1일 13시,토요일,제주특별자치도 서귀포시 표선면,경상사고,0,0,1,0,차대차 - 기타,안전거리미확보,건조,맑음,교차로 - 교차로안,화물,여,58세,상해없음,승용,여,32세,경상
2019060100100352,2019년 6월 1일 14시,토요일,제주특별자치도 제주시 이도이동,경상사고,0,0,1,0,차대차 - 기타,안전운전불이행,건조,맑음,교차로 - 교차로안,기타불명,기타불명,미분류,기타불명,승용,남,69세,상해없음
2019060100100494,2019년 6월 1일 18시,토요일,제주특별자치도 제주시 삼양이동,중상사고,0,1,2,0,차대차 - 추돌,안전거리미확보,건조,맑음,단일로 - 기타,화물,남,49세,상해없음,승용,여,49세,중상
2019060200100059,2019년 6월 2일 03시,일요일,제주특별자치도 제주시 이도일동,중상사고,0,1,0,0,차대차 - 추돌,안전운전불이행,건조,맑음,단일로 - 기타,이륜,남,23세,기타불명,승용,남,64세,상해없음
2019060200100111,2019년 6월 2일 08시,일요일,제주특별자치도 제주시 이도이동,중상사고,0,3,0,0,차대차 - 정면충돌,신호위반,건조,맑음,교차로 - 교차로안,승합,남,70세,상해없음,승용,남,71세,중상
2019060200100246,2019년 6월 2일 14시,일요일,제주특별자치도 제주시 이도이동,중상사고,0,1,0,0,차대차 - 측면충돌,직진우회전진행방해,건조,맑음,교차로 - 교차로안,승용,남,26세,상해없음,승용,남,42세,중상
2019060200100281,2019년 6월 2일 15시,일요일,제주특별자치도 제주시 노형동,부상신고사고,0,0,0,1,차대차 - 추돌,안전운전불이행,건조,맑음,교차로 - 교차로안,승합,남,67세,상해없음,승용,여,47세,부상신고
2019060200100351,2019년 6월 2일 17시,일요일,제주특별자치도 제주시 오라일동,경상사고,0,0,3,0,차대차 - 측면충돌,신호위반,건조,맑음,교차로 - 교차로부근,승용,남,27세,상해없음,승용,남,38세,경상
2019060200100352,2019년 6월 2일 17시,일요일,제주특별자치도 제주시 노형동,중상사고,0,1,0,0,차대차 - 측면충돌,안전거리미확보,건조,맑음,단일로 - 기타,승용,남,30세,상해없음,승용,여,47세,중상
2019060200100378,2019년 6월 2일 18시,일요일,제주특별자치도 서귀포시 신효동,경상사고,0,0,1,0,차대차 - 기타,신호위반,건조,맑음,교차로 - 교차로안,승용,여,51세,상해없음,승용,여,62세,경상
2019060200100466,2019년 6월 2일 21시,일요일,제주특별자치도 서귀포시 상예동,경상사고,0,0,1,0,차량단독 - 전도전복 - 전도,안전운전불이행,건조,맑음,단일로 - 기타,자전거,남,45세,경상,,,,
2019060300100155,2019년 6월 3일 08시,월요일,제주특별자치도 제주시 도련일동,경상사고,0,0,1,0,차대차 - 기타,신호위반,건조,맑음,교차로 - 교차로부근,승용,남,67세,상해없음,이륜,남,44세,경상
2019060300100233,2019년 6월 3일 10시,월요일,제주특별자치도 서귀포시 안덕면,경상사고,0,0,1,0,차대차 - 기타,신호위반,건조,맑음,교차로 - 교차로안,이륜,남,70세,기타불명,승용,여,33세,경상
2019060300100323,2019년 6월 3일 13시,월요일,제주특별자치도 서귀포시 하효동,경상사고,0,0,2,0,차대차 - 측면충돌,중앙선침범,건조,맑음,단일로 - 기타,승용,남,77세,상해없음,승용,여,50세,경상
2019060300100362,2019년 6월 3일 14시,월요일,제주특별자치도 서귀포시 표선면,중상사고,0,1,0,0,차대사람 - 횡단중,안전운전불이행,건조,맑음,단일로 - 기타,승용,남,59세,상해없음,보행자,여,82세,중상
2019060300100402,2019년 6월 3일 15시,월요일,제주특별자치도 제주시 이도이동,경상사고,0,0,1,0,차대사람 - 횡단중,안전운전불이행,건조,맑음,교차로 - 교차로부근,화물,남,34세,상해없음,보행자,남,85세,경상
2019060300100509,2019년 6월 3일 18시,월요일,제주특별자치도 제주시 아라이동,경상사고,0,0,1,0,차대차 - 측면충돌,직진우회전진행방해,건조,맑음,교차로 - 교차로안,승용,남,33세,상해없음,승용,여,22세,경상
2019060300100560,2019년 6월 3일 20시,월요일,제주특별자치도 제주시 이도이동,경상사고,0,0,1,0,차대차 - 기타,교차로운행방법위반,건조,맑음,교차로 - 교차로안,승용,여,45세,상해없음,화물,남,60세,경상
2019060300100584,2019년 6월 3일 21시,월요일,제주특별자치도 제주시 도련이동,경상사고,0,0,1,0,차대차 - 추돌,안전거리미확보,건조,맑음,교차로 - 교차로안,승용,남,36세,상해없음,승용,남,30세,경상
2019060300100607,2019년 6월 3일 22시,월요일,제주특별자치도 서귀포시 성산읍,경상사고,0,0,4,0,차대차 - 기타,신호위반,건조,맑음,교차로 - 교차로안,승용,남,29세,경상,승용,여,33세,경상
2019060400100100,2019년 6월 4일 07시,화요일,제주특별자치도 제주시 화북이동,경상사고,0,0,1,0,차대차 - 기타,안전운전불이행,건조,맑음,단일로 - 기타,화물,남,39세,상해없음,승용,남,62세,경상
2019060400100144,2019년 6월 4일 08시,화요일,제주특별자치도 제주시 오라이동,경상사고,0,0,1,0,차대차 - 추돌,안전거리미확보,건조,맑음,단일로 - 기타,승용,여,26세,상해없음,승용,여,49세,경상
2019060400100226,2019년 6월 4일 10시,화요일,제주특별자치도 서귀포시 서귀동,중상사고,0,1,0,0,차대사람 - 횡단중,보행자보호의무위반,건조,맑음,교차로 - 교차로안,승용,남,61세,상해없음,보행자,여,81세,중상
2019060400100358,2019년 6월 4일 14시,화요일,제주특별자치도 제주시 이호일동,경상사고,0,0,1,0,차대차 - 기타,안전운전불이행,건조,맑음,단일로 - 기타,승용,남,58세,상해없음,승용,남,39세,경상
2019060400100359,2019년 6월 4일 14시,화요일,제주특별자치도 제주시 연동,경상사고,0,0,1,0,차대차 - 측면충돌,안전운전불이행,건조,맑음,교차로 - 교차로부근,승용,남,80세,상해없음,승용,여,25세,경상
2019060400100432,2019년 6월 4일 16시,화요일,제주특별자치도 제주시 우도면,중상사고,0,1,1,0,차대차 - 기타,안전운전불이행,건조,맑음,단일로 - 기타,이륜,남,25세,경상,승합,남,47세,상해없음
2019060400100490,2019년 6월 4일 17시,화요일,제주특별자치도 제주시 노형동,경상사고,0,0,1,0,차대차 - 측면충돌,직진우회전진행방해,건조,맑음,교차로 - 교차로안,승용,남,30세,상해없음,승용,여,48세,경상
2019060400100614,2019년 6월 4일 20시,화요일,제주특별자치도 제주시 구좌읍,경상사고,0,0,1,0,차대차 - 기타,중앙선침범,건조,맑음,단일로 - 기타,승용,여,47세,상해없음,이륜,남,43세,경상
2019060400100615,2019년 6월 4일 20시,화요일,제주특별자치도 서귀포시 서귀동,경상사고,0,0,1,0,차대사람 - 횡단중,보행자보호의무위반,건조,맑음,교차로 - 교차로횡단보도내,승용,남,58세,상해없음,보행자,남,60세,경상
2019060500100103,2019년 6월 5일 07시,수요일,제주특별자치도 서귀포시 동홍동,중상사고,0,1,0,0,차대차 - 기타,직진우회전진행방해,건조,맑음,교차로 - 교차로안,승용,여,40세,상해없음,승용,여,41세,중상
2019060500100151,2019년 6월 5일 08시,수요일,제주특별자치도 제주시 애월읍,경상사고,0,0,2,0,차대차 - 추돌,안전운전불이행,건조,맑음,단일로 - 기타,승용,남,41세,경상,승용,남,57세,경상
2019060500100200,2019년 6월 5일 09시,수요일,제주특별자치도 서귀포시 성산읍,중상사고,0,1,0,0,차대차 - 기타,차로위반,건조,맑음,단일로 - 기타,승용,여,24세,상해없음,승합,남,45세,상해없음
2019060500100252,2019년 6월 5일 11시,수요일,제주특별자치도 제주시 구좌읍,경상사고,0,0,4,0,차대차 - 측면충돌,과속,건조,맑음,교차로 - 교차로안,화물,남,39세,경상,승용,여,28세,경상
2019060500100253,2019년 6월 5일 11시,수요일,제주특별자치도 서귀포시 성산읍,부상신고사고,0,0,0,1,차대차 - 기타,신호위반,건조,맑음,교차로 - 교차로안,승용,남,55세,상해없음,승용,남,36세,부상신고
2019060500100369,2019년 6월 5일 14시,수요일,제주특별자치도 제주시 우도면,중상사고,0,1,0,0,차대차 - 측면충돌,신호위반,건조,맑음,단일로 - 기타,이륜,남,27세,상해없음,이륜,여,57세,중상
2019060500100413,2019년 6월 5일 15시,수요일,제주특별자치도 제주시 애월읍,경상사고,0,0,1,0,차대차 - 기타,직진우회전진행방해,건조,맑음,교차로 - 교차로안,승용,남,65세,상해없음,자전거,남,13세,경상
2019060500100460,2019년 6월 5일 16시,수요일,제주특별자치도 제주시 애월읍,경상사고,0,0,1,1,차대차 - 측면충돌,안전거리미확보,건조,맑음,단일로 - 기타,특수,남,36세,부상신고,승합,남,47세,경상
2019060500100522,2019년 6월 5일 17시,수요일,제주특별자치도 서귀포시 대정읍,중상사고,0,1,0,0,차대차 - 기타,안전거리미확보,건조,맑음,교차로 - 교차로부근,승용,남,73세,상해없음,승용,남,51세,중상
2019060500100574,2019년 6월 5일 18시,수요일,제주특별자치도 제주시 조천읍,중상사고,0,1,0,0,차대차 - 정면충돌,교차로운행방법위반,건조,맑음,교차로 - 교차로안,기타불명,여,27세,상해없음,승용,여,60세,중상
2019060500100575,2019년 6월 5일 18시,수요일,제주특별자치도 서귀포시 하효동,중상사고,0,1,0,0,차대차 - 후진중충돌,안전운전불이행,건조,맑음,기타 - 기타,화물,남,43세,상해없음,원동기,여,71세,중상
2019060500100576,2019년 6월 5일 18시,수요일,제주특별자치도 제주시 노형동,경상사고,0,0,1,0,차대사람 - 기타,안전운전불이행,건조,맑음,단일로 - 기타,승용,여,37세,상해없음,보행자,남,9세,경상
2019060500100656,2019년 6월 5일 20시,수요일,제주특별자치도 제주시 외도이동,경상사고,0,0,1,0,차대차 - 기타,안전운전불이행,건조,맑음,단일로 - 기타,화물,남,59세,상해없음,승합,남,56세,상해없음
2019060500100770,2019년 6월 5일 23시,수요일,제주특별자치도 제주시 이도이동,경상사고,0,0,1,0,차대차 - 정면충돌,신호위반,건조,맑음,단일로 - 기타,승용,남,34세,기타불명,이륜,여,25세,경상
2019060500100771,2019년 6월 5일 23시,수요일,제주특별자치도 제주시 노형동,경상사고,0,0,1,0,차대차 - 기타,안전운전불이행,건조,맑음,단일로 - 기타,승용,남,40세,상해없음,이륜,남,44세,경상
2019060600100125,2019년 6월 6일 07시,목요일,제주특별자치도 제주시 외도일동,중상사고,0,1,0,0,차대사람 - 기타,안전운전불이행,건조,맑음,단일로 - 기타,화물,남,52세,상해없음,보행자,여,83세,중상
2019060600100176,2019년 6월 6일 10시,목요일,제주특별자치도 서귀포시 서귀동,경상사고,0,0,1,0,차대차 - 기타,신호위반,건조,맑음,교차로 - 교차로안,승용,남,33세,상해없음,승용,남,57세,경상
2019060600100177,2019년 6월 6일 10시,목요일,제주특별자치도 서귀포시 서귀동,경상사고,0,0,1,0,차대사람 - 기타,안전운전불이행,건조,맑음,단일로 - 기타,화물,여,62세,상해없음,보행자,여,66세,경상
2019060600100202,2019년 6월 6일 11시,목요일,제주특별자치도 제주시 해안동,경상사고,0,0,1,0,차대차 - 기타,안전거리미확보,건조,맑음,단일로 - 기타,승용,남,56세,상해없음,승용,남,77세,경상
2019060600100232,2019년 6월 6일 12시,목요일,제주특별자치도 제주시 건입동,경상사고,0,0,1,0,차대사람 - 기타,안전운전불이행,건조,맑음,단일로 - 기타,승용,남,64세,상해없음,보행자,남,51세,경상
2019060600100273,2019년 6월 6일 13시,목요일,제주특별자치도 제주시 한림읍,경상사고,0,0,2,1,차대차 - 측면충돌,교차로운행방법위반,건조,맑음,교차로 - 교차로안,승용,남,31세,상해없음,승용,남,34세,경상
2019060600100306,2019년 6월 6일 14시,목요일,제주특별자치도 제주시 일도일동,중상사고,0,1,0,0,차대차 - 추돌,안전운전불이행,젖음/습기,흐림,단일로 - 기타,승용,여,33세,상해없음,이륜,남,20세,중상
2019060600100406,2019년 6월 6일 17시,목요일,제주특별자치도 제주시 이호이동,경상사고,0,0,2,0,차대차 - 기타,직진우회전진행방해,건조,맑음,교차로 - 교차로부근,화물,남,60세,상해없음,승용,남,64세,경상
2019060700100041,2019년 6월 7일 00시,금요일,제주특별자치도 서귀포시 서귀동,중상사고,0,1,0,0,차대사람 - 기타,안전운전불이행,젖음/습기,맑음,단일로 - 기타,승용,남,33세,상해없음,보행자,남,36세,중상
2019060700100065,2019년 6월 7일 02시,금요일,제주특별자치도 제주시 도두이동,중상사고,0,2,0,1,차대차 - 기타,중앙선침범,건조,맑음,단일로 - 기타,승용,남,21세,중상,화물,남,31세,기타불명
2019060700100161,2019년 6월 7일 08시,금요일,제주특별자치도 제주시 조천읍,중상사고,0,1,0,0,차대사람 - 기타,안전운전불이행,건조,맑음,단일로 - 기타,승용,여,26세,상해없음,보행자,여,79세,중상
2019060700100162,2019년 6월 7일 08시,금요일,제주특별자치도 서귀포시 성산읍,경상사고,0,0,1,0,차대차 - 기타,직진우회전진행방해,건조,맑음,교차로 - 교차로안,승용,남,71세,상해없음,이륜,남,74세,경상
2019060700100256,2019년 6월 7일 11시,금요일,제주특별자치도 제주시 연동,경상사고,0,0,1,0,차대차 - 측면충돌,안전거리미확보,건조,맑음,단일로 - 기타,승합,남,44세,상해없음,승용,남,38세,경상
2019060700100288,2019년 6월 7일 12시,금요일,제주특별자치도 제주시 애월읍,경상사고,0,0,1,0,차대사람 - 기타,안전운전불이행,건조,맑음,단일로 - 기타,승용,남,23세,상해없음,보행자,여,14세,경상
2019060700100324,2019년 6월 7일 13시,금요일,제주특별자치도 제주시 이도이동,경상사고,0,0,1,0,차대차 - 추돌,안전거리미확보,건조,맑음,단일로 - 기타,승용,남,23세,상해없음,승용,여,47세,경상
2019060700100325,2019년 6월 7일 13시,금요일,제주특별자치도 제주시 화북이동,경상사고,0,0,2,0,차대차 - 기타,교차로운행방법위반,건조,맑음,교차로 - 교차로안,승합,남,36세,경상,화물,여,54세,경상
2019060700100357,2019년 6월 7일 14시,금요일,제주특별자치도 제주시 연동,경상사고,0,0,1,0,차대차 - 기타,안전운전불이행,건조,맑음,단일로 - 기타,승합,남,50세,상해없음,승용,여,53세,경상
2019060700100433,2019년 6월 7일 16시,금요일,제주특별자치도 제주시 이도이동,경상사고,0,0,1,1,차대차 - 측면충돌,차로위반,건조,맑음,단일로 - 기타,화물,남,41세,부상신고,화물,남,56세,경상
2019060700100434,2019년 6월 7일 16시,금요일,제주특별자치도 서귀포시 안덕면,중상사고,0,1,4,0,차대차 - 기타,직진우회전진행방해,건조,맑음,교차로 - 교차로안,승용,여,23세,경상,화물,남,43세,중상
2019060700100435,2019년 6월 7일 16시,금요일,제주특별자치도 제주시 애월읍,중상사고,0,1,3,0,차대차 - 추돌,안전거리미확보,젖음/습기,안개,단일로 - 기타,승용,남,29세,경상,화물,남,38세,경상
2019060700100472,2019년 6월 7일 17시,금요일,제주특별자치도 제주시 화북일동,경상사고,0,0,1,0,차대차 - 정면충돌,안전운전불이행,건조,맑음,단일로 - 기타,승용,여,50세,상해없음,화물,남,61세,경상
2019060700100587,2019년 6월 7일 20시,금요일,제주특별자치도 제주시 노형동,중상사고,0,1,0,0,차대차 - 기타,직진우회전진행방해,건조,맑음,교차로 - 교차로안,승용,여,36세,상해없음,이륜,남,21세,중상
2019060700100616,2019년 6월 7일 21시,금요일,제주특별자치도 제주시 삼양일동,경상사고,0,0,2,0,차대차 - 측면충돌,차로위반,건조,맑음,단일로 - 기타,승합,여,34세,경상,승용,남,43세,경상
2019060800100054,2019년 6월 8일 01시,토요일,제주특별자치도 서귀포시 표선면,부상신고사고,0,0,0,1,차대차 - 기타,중앙선침범,건조,맑음,단일로 - 기타,이륜,남,63세,부상신고,승용,여,25세,상해없음
2019060800100121,2019년 6월 8일 07시,토요일,제주특별자치도 제주시 노형동,중상사고,0,1,0,0,차량단독 - 기타,기타,건조,기타,단일로 - 기타,화물,남,62세,상해없음,,,,
2019060800100232,2019년 6월 8일 11시,토요일,제주특별자치도 제주시 아라일동,경상사고,0,0,1,0,차대사람 - 기타,안전운전불이행,건조,맑음,단일로 - 기타,자전거,남,15세,상해없음,보행자,남,3세,경상
2019060800100233,2019년 6월 8일 11시,토요일,제주특별자치도 서귀포시 표선면,경상사고,0,0,4,2,차대차 - 정면충돌,중앙선침범,젖음/습기,비,단일로 - 기타,승용,여,29세,부상신고,승용,여,43세,경상
2019060800100443,2019년 6월 8일 16시,토요일,제주특별자치도 서귀포시 동홍동,경상사고,0,0,1,0,차대차 - 기타,직진우회전진행방해,건조,맑음,교차로 - 교차로안,이륜,남,30세,경상,승용,남,30세,기타불명
2019060800100467,2019년 6월 8일 17시,토요일,제주특별자치도 제주시 우도면,중상사고,0,1,4,0,차대차 - 정면충돌,안전운전불이행,건조,맑음,단일로 - 기타,이륜,여,19세,상해없음,승용,남,47세,중상
2019060800100532,2019년 6월 8일 19시,토요일,제주특별자치도 제주시 일도일동,경상사고,0,0,1,0,차대차 - 측면충돌,직진우회전진행방해,건조,맑음,교차로 - 교차로안,승합,남,58세,상해없음,승용,남,30세,상해없음
2019060800100533,2019년 6월 8일 19시,토요일,제주특별자치도 서귀포시 대정읍,부상신고사고,0,0,0,1,차대차 - 기타,안전운전불이행,건조,맑음,교차로 - 교차로안,원동기,남,45세,부상신고,승용,여,62세,상해없음
2019060800100600,2019년 6월 8일 21시,토요일,제주특별자치도 제주시 외도일동,중상사고,0,1,0,0,차대사람 - 기타,안전운전불이행,건조,기타,단일로 - 기타,승용,남,18세,상해없음,보행자,남,54세,중상
2019060800100630,2019년 6월 8일 22시,토요일,제주특별자치도 제주시 구좌읍,경상사고,0,0,1,0,차대사람 - 기타,안전운전불이행,건조,맑음,단일로 - 기타,승용,남,40세,상해없음,보행자,여,22세,경상
2019060900100028,2019년 6월 9일 00시,일요일,제주특별자치도 제주시 애월읍,사망사고,1,1,0,0,차대차 - 기타,신호위반,건조,맑음,교차로 - 교차로안,승용,남,28세,상해없음,승용,남,60세,상해없음
2019060900100059,2019년 6월 9일 02시,일요일,제주특별자치도 제주시 이호일동,중상사고,0,3,1,1,차대차 - 측면충돌,신호위반,건조,맑음,교차로 - 교차로안,승용,남,60세,상해없음,승용,남,58세,경상
2019060900100185,2019년 6월 9일 11시,일요일,제주특별자치도 서귀포시 안덕면,경상사고,0,0,1,0,차대차 - 측면충돌,신호위반,건조,맑음,교차로 - 교차로안,이륜,남,67세,경상,승합,남,55세,상해없음
2019060900100208,2019년 6월 9일 12시,일요일,제주특별자치도 서귀포시 남원읍,중상사고,0,1,0,0,차대차 - 측면충돌,교차로운행방법위반,건조,맑음,교차로 - 교차로안,승용,남,47세,상해없음,이륜,여,64세,중상
2019060900100293,2019년 6월 9일 15시,일요일,제주특별자치도 제주시 용담이동,경상사고,0,0,1,0,차대차 - 추돌,안전운전불이행,건조,맑음,단일로 - 기타,승용,여,60세,상해없음,승용,남,55세,경상
2019060900100322,2019년 6월 9일 16시,일요일,제주특별자치도 제주시 연동,경상사고,0,0,1,0,차대차 - 기타,안전운전불이행,건조,맑음,교차로 - 교차로횡단보도내,승용,여,51세,상해없음,자전거,남,11세,경상
2019060900100376,2019년 6월 9일 18시,일요일,제주특별자치도 제주시 일도이동,경상사고,0,0,2,0,차대차 - 추돌,안전거리미확보,건조,맑음,단일로 - 기타,승용,남,39세,상해없음,승용,여,49세,경상
2019060900100420,2019년 6월 9일 20시,일요일,제주특별자치도 제주시 연동,경상사고,0,0,2,0,차대차 - 추돌,안전거리미확보,건조,맑음,단일로 - 기타,승용,남,36세,경상,승용,여,51세,경상
2019060900100437,2019년 6월 9일 21시,일요일,제주특별자치도 제주시 연동,경상사고,0,0,1,0,차대차 - 측면충돌,신호위반,건조,맑음,교차로 - 교차로안,승용,여,21세,상해없음,승용,여,38세,경상
2019061000100252,2019년 6월 10일 11시,월요일,제주특별자치도 제주시 건입동,경상사고,0,0,2,0,차대차 - 측면충돌,안전거리미확보,건조,맑음,단일로 - 기타,승용,여,53세,상해없음,이륜,남,42세,경상
2019061000100253,2019년 6월 10일 11시,월요일,제주특별자치도 제주시 연동,경상사고,0,0,1,0,차대차 - 기타,직진우회전진행방해,건조,맑음,교차로 - 교차로안,승용,남,70세,상해없음,승합,남,43세,경상
2019061000100364,2019년 6월 10일 14시,월요일,제주특별자치도 서귀포시 대정읍,중상사고,0,1,0,0,차대사람 - 횡단중,보행자보호의무위반,건조,맑음,교차로 - 교차로부근,승용,남,57세,상해없음,보행자,여,63세,중상
2019061000100365,2019년 6월 10일 14시,월요일,제주특별자치도 서귀포시 동홍동,경상사고,0,0,1,0,차대차 - 기타,안전운전불이행,건조,맑음,교차로 - 교차로안,자전거,남,65세,경상,화물,남,63세,상해없음
2019061000100444,2019년 6월 10일 16시,월요일,제주특별자치도 제주시 한림읍,경상사고,0,0,1,0,차대차 - 기타,안전운전불이행,건조,맑음,단일로 - 기타,화물,남,53세,상해없음,승용,남,35세,경상
2019061000100534,2019년 6월 10일 18시,월요일,제주특별자치도 제주시 삼양이동,중상사고,0,1,0,0,차대차 - 기타,중앙선침범,건조,맑음,교차로 - 교차로부근,화물,남,75세,상해없음,이륜,남,27세,중상
2019061000100535,2019년 6월 10일 18시,월요일,제주특별자치도 제주시 한경면,부상신고사고,0,0,0,4,차대차 - 측면충돌,안전거리미확보,건조,맑음,교차로 - 교차로부근,승용,남,78세,상해없음,승용,여,29세,부상신고
2019061000100536,2019년 6월 10일 18시,월요일,제주특별자치도 제주시 연동,경상사고,0,0,1,0,차대사람 - 보도통행중,안전운전불이행,건조,맑음,단일로 - 기타,승용,남,21세,상해없음,보행자,남,25세,경상
2019061000100566,2019년 6월 10일 19시,월요일,제주특별자치도 제주시 한경면,부상신고사고,0,0,0,1,차대차 - 정면충돌,중앙선침범,건조,맑음,단일로 - 기타,이륜,여,80세,부상신고,승용,남,30세,상해없음
2019061000100644,2019년 6월 10일 22시,월요일,제주특별자치도 제주시 오라일동,중상사고,0,1,3,0,차대차 - 측면충돌,신호위반,건조,맑음,교차로 - 교차로안,승용,여,38세,경상,승용,남,62세,중상
2019061100100118,2019년 6월 11일 07시,화요일,제주특별자치도 서귀포시 법환동,중상사고,0,2,1,0,차량단독 - 공작물충돌,안전운전불이행,건조,맑음,단일로 - 기타,화물,남,68세,경상,,,,
2019061100100363,2019년 6월 11일 14시,화요일,제주특별자치도 서귀포시 남원읍,중상사고,0,1,1,0,차대차 - 기타,안전운전불이행,건조,맑음,단일로 - 기타,화물,남,54세,경상,승용,남,67세,중상
2019061100100395,2019년 6월 11일 15시,화요일,제주특별자치도 제주시 일도이동,중상사고,0,1,0,0,차대사람 - 기타,안전운전불이행,건조,맑음,교차로 - 교차로안,화물,남,39세,상해없음,보행자,남,73세,중상
2019061100100536,2019년 6월 11일 19시,화요일,제주특별자치도 제주시 조천읍,경상사고,0,0,1,0,차대차 - 기타,중앙선침범,건조,맑음,단일로 - 기타,승용,여,40세,기타불명,승합,남,45세,상해없음
2019061100100569,2019년 6월 11일 20시,화요일,제주특별자치도 제주시 연동,경상사고,0,0,1,0,차대차 - 기타,안전거리미확보,건조,맑음,교차로 - 교차로안,승용,여,28세,상해없음,승용,남,40세,경상
2019061200100097,2019년 6월 12일 07시,수요일,제주특별자치도 제주시 애월읍,경상사고,0,0,1,0,차대차 - 측면충돌,기타,건조,맑음,교차로 - 교차로안,승용,남,41세,상해없음,승용,남,45세,경상
2019061200100176,2019년 6월 12일 09시,수요일,제주특별자치도 제주시 애월읍,경상사고,0,0,2,0,차대차 - 측면충돌,안전거리미확보,건조,맑음,단일로 - 기타,승용,여,39세,경상,승용,남,44세,상해없음
2019061200100206,2019년 6월 12일 10시,수요일,제주특별자치도 서귀포시 도순동,경상사고,0,0,1,0,차대차 - 기타,신호위반,건조,맑음,교차로 - 교차로안,건설기계,남,44세,상해없음,이륜,여,71세,경상
2019061200100328,2019년 6월 12일 14시,수요일,제주특별자치도 서귀포시 서홍동,중상사고,0,1,0,0,차대차 - 측면충돌,신호위반,건조,맑음,교차로 - 교차로안,건설기계,남,60세,상해없음,승용,남,74세,중상
2019061200100329,2019년 6월 12일 14시,수요일,제주특별자치도 서귀포시 성산읍,경상사고,0,0,1,0,차대차 - 측면충돌,안전거리미확보,건조,맑음,단일로 - 기타,승용,남,47세,상해없음,승용,남,32세,경상
2019061200100435,2019년 6월 12일 17시,수요일,제주특별자치도 제주시 용담이동,경상사고,0,0,1,0,차대차 - 측면충돌,안전거리미확보,건조,맑음,단일로 - 기타,이륜,남,69세,경상,승용,여,41세,상해없음
2019061200100485,2019년 6월 12일 18시,수요일,제주특별자치도 제주시 건입동,경상사고,0,0,2,0,차대차 - 기타,신호위반,건조,맑음,교차로 - 교차로안,승용,남,61세,상해없음,승용,여,33세,경상