사고번호,사고일시,요일,시군구,사고내용,사망자수,중상자수,경상자수,부상신고자수,사고유형,법규위반,노면상태,기상상태,도로형태,가해운전자 차종,가해운전자 성별,가해운전자 연령,가해운전자 상해정도,피해운전자 차종,피해운전자 성별,피해운전자 연령,피해운전자 상해정도
2019061200100486,2019년 6월 12일 18시,수요일,제주특별자치도 서귀포시 동홍동,중상사고,0,1,0,0,차대차 - 추돌,안전운전불이행,건조,맑음,단일로 - 기타,이륜,남,19세,중상,승용,남,70세,상해없음
2019061200100548,2019년 6월 12일 20시,수요일,제주특별자치도 제주시 용담이동,경상사고,0,0,1,0,차량단독 - 전도전복 - 전도,안전운전불이행,건조,맑음,교차로 - 교차로안,자전거,남,19세,경상,,,,
2019061200100549,2019년 6월 12일 20시,수요일,제주특별자치도 제주시 애월읍,경상사고,0,0,2,0,차대차 - 추돌,안전거리미확보,건조,맑음,단일로 - 기타,승용,여,61세,경상,승용,여,29세,경상
2019061300100041,2019년 6월 13일 01시,목요일,제주특별자치도 제주시 이도이동,경상사고,0,0,1,0,차대차 - 기타,차로위반,건조,맑음,교차로 - 교차로부근,승용,남,60세,상해없음,승용,남,50세,상해없음
2019061300100042,2019년 6월 13일 01시,목요일,제주특별자치도 제주시 연동,경상사고,0,0,2,0,차대차 - 추돌,안전운전불이행,건조,맑음,단일로 - 기타,승용,남,51세,상해없음,승용,남,27세,경상
2019061300100248,2019년 6월 13일 11시,목요일,제주특별자치도 서귀포시 성산읍,경상사고,0,0,1,0,차대사람 - 기타,안전운전불이행,기타,맑음,주차장 - 주차장,승용,남,19세,상해없음,보행자,남,37세,경상
2019061300100278,2019년 6월 13일 12시,목요일,제주특별자치도 제주시 봉개동,부상신고사고,0,0,0,1,차대차 - 기타,안전운전불이행,건조,맑음,단일로 - 기타,화물,남,46세,부상신고,화물,남,48세,기타불명
2019061300100279,2019년 6월 13일 12시,목요일,제주특별자치도 제주시 용담일동,경상사고,0,0,2,0,차대차 - 추돌,안전운전불이행,건조,맑음,단일로 - 기타,승용,남,41세,상해없음,승용,남,20세,경상
2019061300100336,2019년 6월 13일 14시,목요일,제주특별자치도 서귀포시 서귀동,경상사고,0,0,1,0,차대사람 - 기타,안전운전불이행,건조,맑음,단일로 - 기타,승용,여,46세,상해없음,보행자,남,72세,경상
2019061300100569,2019년 6월 13일 20시,목요일,제주특별자치도 제주시 오라일동,경상사고,0,0,2,0,차대차 - 기타,안전운전불이행,건조,맑음,교차로 - 교차로부근,승용,남,16세,상해없음,승용,남,26세,경상
2019061300100570,2019년 6월 13일 20시,목요일,제주특별자치도 제주시 용담이동,경상사고,0,0,1,0,차대차 - 기타,안전거리미확보,건조,맑음,단일로 - 기타,승용,남,48세,상해없음,승용,남,56세,경상
2019061400100140,2019년 6월 14일 08시,금요일,제주특별자치도 제주시 한림읍,중상사고,0,1,0,0,차대차 - 기타,신호위반,젖음/습기,비,교차로 - 교차로안,승용,여,24세,상해없음,이륜,남,29세,중상
2019061400100180,2019년 6월 14일 09시,금요일,제주특별자치도 제주시 연동,중상사고,0,1,0,0,차대차 - 측면충돌,직진우회전진행방해,젖음/습기,비,교차로 - 교차로안,자전거,여,53세,중상,승용,여,38세,상해없음
2019061400100209,2019년 6월 14일 10시,금요일,제주특별자치도 제주시 이도이동,중상사고,0,1,0,0,차대차 - 측면충돌,신호위반,젖음/습기,비,교차로 - 교차로안,승합,남,61세,상해없음,이륜,남,34세,중상
2019061400100210,2019년 6월 14일 10시,금요일,제주특별자치도 제주시 용담이동,경상사고,0,0,1,0,차대차 - 추돌,안전운전불이행,젖음/습기,비,단일로 - 기타,이륜,남,37세,경상,승용,여,66세,상해없음
2019061400100245,2019년 6월 14일 11시,금요일,제주특별자치도 제주시 해안동,경상사고,0,0,1,0,차대차 - 기타,안전운전불이행,젖음/습기,비,단일로 - 기타,이륜,남,42세,경상,승용,남,31세,상해없음
2019061400100576,2019년 6월 14일 19시,금요일,제주특별자치도 서귀포시 성산읍,경상사고,0,0,1,0,차대차 - 측면충돌,안전거리미확보,젖음/습기,흐림,단일로 - 기타,승용,여,24세,기타불명,승용,남,29세,경상
2019061400100577,2019년 6월 14일 19시,금요일,제주특별자치도 제주시 용담삼동,경상사고,0,0,1,0,차대차 - 정면충돌,중앙선침범,젖음/습기,비,단일로 - 기타,승용,남,47세,상해없음,승용,남,48세,경상
2019061400100710,2019년 6월 14일 23시,금요일,제주특별자치도 제주시 연동,경상사고,0,0,1,0,차대차 - 기타,안전운전불이행,젖음/습기,비,교차로 - 교차로안,승용,남,45세,상해없음,승용,여,54세,경상
2019061500100179,2019년 6월 15일 09시,토요일,제주특별자치도 제주시 화북일동,경상사고,0,0,1,0,차대차 - 추돌,안전운전불이행,건조,맑음,단일로 - 기타,이륜,여,64세,경상,승용,남,73세,상해없음
2019061500100215,2019년 6월 15일 10시,토요일,제주특별자치도 서귀포시 하예동,중상사고,0,3,1,0,차대차 - 기타,안전거리미확보,건조,맑음,교차로 - 교차로안,화물,남,84세,경상,승용,여,25세,중상
2019061500100260,2019년 6월 15일 11시,토요일,제주특별자치도 서귀포시 동홍동,경상사고,0,0,1,0,차대사람 - 횡단중,안전운전불이행,건조,맑음,단일로 - 기타,승용,여,36세,상해없음,보행자,남,43세,경상
2019061500100261,2019년 6월 15일 11시,토요일,제주특별자치도 서귀포시 서귀동,부상신고사고,0,0,0,1,차대차 - 기타,안전운전불이행,건조,맑음,단일로 - 기타,자전거,남,12세,부상신고,승용,여,56세,상해없음
2019061500100262,2019년 6월 15일 11시,토요일,제주특별자치도 제주시 한림읍,경상사고,0,0,1,0,차대차 - 기타,안전운전불이행,건조,맑음,교차로 - 교차로안,승용,남,23세,상해없음,승용,여,47세,경상
2019061500100349,2019년 6월 15일 13시,토요일,제주특별자치도 서귀포시 토평동,부상신고사고,0,0,0,1,차량단독 - 공작물충돌,안전운전불이행,건조,맑음,교차로 - 교차로안,특수,남,47세,부상신고,,,,
2019061500100350,2019년 6월 15일 13시,토요일,제주특별자치도 제주시 용담이동,중상사고,0,1,2,0,차대사람 - 횡단중,보행자보호의무위반,건조,맑음,단일로 - 기타,승용,여,61세,상해없음,보행자,여,80세,중상
2019061500100351,2019년 6월 15일 13시,토요일,제주특별자치도 제주시 외도이동,경상사고,0,0,1,0,차대차 - 기타,안전운전불이행,건조,맑음,단일로 - 기타,자전거,남,25세,경상,승용,남,40세,상해없음
2019061500100443,2019년 6월 15일 15시,토요일,제주특별자치도 제주시 이도이동,경상사고,0,0,1,0,차대사람 - 기타,안전운전불이행,건조,맑음,단일로 - 기타,승용,남,62세,상해없음,보행자,여,53세,경상
2019061500100480,2019년 6월 15일 16시,토요일,제주특별자치도 제주시 애월읍,경상사고,0,0,1,1,차대차 - 추돌,안전거리미확보,건조,맑음,교차로 - 교차로부근,승합,남,64세,상해없음,승용,여,33세,경상
2019061500100481,2019년 6월 15일 16시,토요일,제주특별자치도 제주시 용담이동,경상사고,0,0,1,0,차대차 - 기타,안전운전불이행,건조,맑음,교차로 - 교차로안,승용,남,46세,상해없음,승용,여,47세,경상
2019061500100523,2019년 6월 15일 17시,토요일,제주특별자치도 제주시 구좌읍,부상신고사고,0,0,0,1,차대차 - 정면충돌,안전운전불이행,건조,맑음,교차로 - 교차로안,승용,여,46세,상해없음,승용,남,32세,상해없음
2019061500100568,2019년 6월 15일 18시,토요일,제주특별자치도 서귀포시 서귀동,부상신고사고,0,0,0,1,차대차 - 추돌,안전운전불이행,건조,맑음,단일로 - 기타,이륜,남,44세,부상신고,승용,남,46세,상해없음
2019061500100676,2019년 6월 15일 21시,토요일,제주특별자치도 제주시 삼양이동,중상사고,0,1,0,0,차대사람 - 차도통행중,안전운전불이행,건조,맑음,교차로 - 교차로안,승용,여,32세,상해없음,보행자,남,49세,중상
2019061500100730,2019년 6월 15일 23시,토요일,제주특별자치도 제주시 아라이동,경상사고,0,0,1,0,차대차 - 추돌,안전거리미확보,건조,맑음,단일로 - 기타,승용,남,56세,상해없음,승용,남,64세,경상
2019061500100731,2019년 6월 15일 23시,토요일,제주특별자치도 제주시 노형동,중상사고,0,1,0,1,차대차 - 측면충돌,안전운전불이행,건조,맑음,교차로 - 교차로부근,이륜,남,42세,중상,이륜,남,22세,부상신고
2019061600100102,2019년 6월 16일 05시,일요일,제주특별자치도 제주시 회천동,중상사고,0,1,0,0,차대차 - 정면충돌,신호위반,건조,맑음,교차로 - 교차로안,승용,남,48세,상해없음,승용,여,76세,중상
2019061600100113,2019년 6월 16일 06시,일요일,제주특별자치도 제주시 해안동,경상사고,0,0,1,0,차대사람 - 횡단중,보행자보호의무위반,건조,맑음,교차로 - 교차로횡단보도내,승용,남,81세,상해없음,보행자,여,69세,경상
2019061600100120,2019년 6월 16일 07시,일요일,제주특별자치도 서귀포시 대정읍,경상사고,0,0,2,0,차대차 - 기타,직진우회전진행방해,건조,맑음,교차로 - 교차로안,화물,여,57세,경상,승용,남,53세,경상
2019061600100121,2019년 6월 16일 07시,일요일,제주특별자치도 제주시 노형동,경상사고,0,0,1,0,차대차 - 추돌,안전운전불이행,건조,맑음,단일로 - 기타,승용,남,27세,상해없음,승용,남,72세,경상
2019061600100176,2019년 6월 16일 10시,일요일,제주특별자치도 서귀포시 대정읍,경상사고,0,0,1,0,차대사람 - 횡단중,안전운전불이행,건조,맑음,교차로 - 교차로안,승용,남,39세,상해없음,보행자,남,44세,경상
2019061600100225,2019년 6월 16일 12시,일요일,제주특별자치도 제주시 한경면,경상사고,0,0,2,0,차대차 - 기타,신호위반,건조,맑음,교차로 - 교차로안,승용,남,34세,상해없음,승용,남,44세,경상
2019061600100291,2019년 6월 16일 14시,일요일,제주특별자치도 서귀포시 표선면,중상사고,0,2,0,0,차대차 - 추돌,안전운전불이행,건조,맑음,단일로 - 기타,승합,남,55세,상해없음,승용,남,31세,중상
2019061600100318,2019년 6월 16일 15시,일요일,제주특별자치도 서귀포시 서귀동,경상사고,0,0,1,0,차대차 - 측면충돌,직진우회전진행방해,건조,맑음,교차로 - 교차로안,승용,여,58세,상해없음,이륜,남,78세,경상
2019061600100319,2019년 6월 16일 15시,일요일,제주특별자치도 제주시 용담이동,중상사고,0,1,0,0,차대차 - 측면충돌,안전운전불이행,건조,맑음,교차로 - 교차로안,승용,여,52세,상해없음,이륜,남,50세,중상
2019061600100359,2019년 6월 16일 16시,일요일,제주특별자치도 서귀포시 대정읍,경상사고,0,0,1,4,차대차 - 기타,교차로운행방법위반,건조,맑음,교차로 - 교차로안,승용,남,57세,상해없음,승용,남,69세,경상
2019061600100388,2019년 6월 16일 17시,일요일,제주특별자치도 제주시 용담이동,중상사고,0,1,0,0,차대사람 - 횡단중,안전운전불이행,건조,맑음,교차로 - 교차로부근,승용,남,39세,상해없음,보행자,남,80세,중상
2019061600100410,2019년 6월 16일 18시,일요일,제주특별자치도 서귀포시 남원읍,중상사고,0,1,5,0,차량단독 - 도로외이탈 - 기타,안전운전불이행,건조,맑음,단일로 - 기타,승용,남,29세,경상,,,,
2019061700100037,2019년 6월 17일 03시,월요일,제주특별자치도 서귀포시 안덕면,부상신고사고,0,0,0,1,차량단독 - 공작물충돌,안전운전불이행,건조,맑음,단일로 - 기타,승용,남,26세,부상신고,,,,
2019061700100067,2019년 6월 17일 06시,월요일,제주특별자치도 서귀포시 강정동,중상사고,0,1,0,1,차대차 - 측면충돌,안전운전불이행,건조,맑음,교차로 - 교차로부근,화물,남,72세,부상신고,화물,남,32세,중상
2019061700100213,2019년 6월 17일 10시,월요일,제주특별자치도 제주시 봉개동,경상사고,0,0,1,0,차대차 - 측면충돌,중앙선침범,건조,맑음,단일로 - 기타,승용,남,79세,상해없음,승용,남,27세,상해없음
2019061700100277,2019년 6월 17일 12시,월요일,제주특별자치도 제주시 노형동,부상신고사고,0,0,0,1,차대차 - 기타,직진우회전진행방해,건조,맑음,교차로 - 교차로안,승용,여,64세,상해없음,승용,여,56세,부상신고
2019061700100278,2019년 6월 17일 12시,월요일,제주특별자치도 제주시 연동,경상사고,0,0,3,0,차대차 - 기타,안전거리미확보,건조,맑음,교차로 - 교차로안,승용,남,26세,상해없음,승용,남,25세,경상
2019061700100317,2019년 6월 17일 13시,월요일,제주특별자치도 서귀포시 서귀동,경상사고,0,0,1,0,차대차 - 기타,안전운전불이행,건조,맑음,교차로 - 교차로안,승합,남,73세,상해없음,승용,여,60세,경상
2019061700100349,2019년 6월 17일 14시,월요일,제주특별자치도 제주시 삼도일동,중상사고,0,1,1,0,차대차 - 측면충돌,안전운전불이행,건조,맑음,교차로 - 교차로안,승합,남,56세,상해없음,승용,남,64세,경상
2019061700100350,2019년 6월 17일 14시,월요일,제주특별자치도 서귀포시 서귀동,경상사고,0,0,1,0,차대사람 - 횡단중,보행자보호의무위반,건조,맑음,교차로 - 교차로횡단보도내,화물,남,46세,상해없음,보행자,남,22세,경상
2019061700100396,2019년 6월 17일 15시,월요일,제주특별자치도 제주시 오라이동,경상사고,0,0,1,0,차대사람 - 기타,안전운전불이행,건조,맑음,단일로 - 기타,승용,여,40세,상해없음,보행자,여,11세,경상
2019061700100397,2019년 6월 17일 15시,월요일,제주특별자치도 제주시 우도면,중상사고,0,1,0,0,차대사람 - 기타,안전운전불이행,건조,맑음,기타 - 기타,이륜,남,23세,상해없음,보행자,남,77세,중상
2019061700100398,2019년 6월 17일 15시,월요일,제주특별자치도 제주시 해안동,경상사고,0,0,1,0,차대차 - 기타,안전운전불이행,건조,맑음,단일로 - 기타,승용,남,32세,상해없음,승용,여,35세,경상
2019061700100612,2019년 6월 17일 20시,월요일,제주특별자치도 제주시 이도이동,경상사고,0,0,1,0,차대차 - 기타,신호위반,건조,맑음,교차로 - 교차로안,승용,여,37세,상해없음,승용,여,49세,경상
2019061700100645,2019년 6월 17일 21시,월요일,제주특별자치도 제주시 노형동,경상사고,0,0,1,0,차대사람 - 기타,보행자보호의무위반,건조,맑음,단일로 - 기타,승용,여,61세,상해없음,보행자,여,65세,경상
2019061800100032,2019년 6월 18일 00시,화요일,제주특별자치도 제주시 아라이동,중상사고,0,1,0,0,차대차 - 측면충돌,안전운전불이행,건조,맑음,교차로 - 교차로안,승용,남,24세,상해없음,승용,여,47세,중상
2019061800100078,2019년 6월 18일 05시,화요일,제주특별자치도 서귀포시 표선면,부상신고사고,0,0,0,2,차량단독 - 공작물충돌,안전운전불이행,건조,맑음,단일로 - 기타,승용,남,25세,부상신고,,,,
2019061800100128,2019년 6월 18일 07시,화요일,제주특별자치도 제주시 구좌읍,경상사고,0,0,1,0,차대차 - 추돌,안전거리미확보,건조,맑음,단일로 - 기타,승용,남,53세,상해없음,승용,여,43세,경상
2019061800100129,2019년 6월 18일 07시,화요일,제주특별자치도 제주시 도남동,중상사고,0,2,0,0,차량단독 - 공작물충돌,안전운전불이행,건조,맑음,교차로 - 교차로부근,화물,남,46세,중상,,,,
2019061800100206,2019년 6월 18일 09시,화요일,제주특별자치도 제주시 화북일동,경상사고,0,0,1,0,차대사람 - 보도통행중,기타,젖음/습기,비,단일로 - 기타,화물,남,64세,상해없음,보행자,남,12세,경상
2019061800100207,2019년 6월 18일 09시,화요일,제주특별자치도 서귀포시 동홍동,경상사고,0,0,1,0,차대차 - 측면충돌,직진우회전진행방해,젖음/습기,비,교차로 - 교차로안,화물,남,60세,경상,화물,남,26세,상해없음
2019061800100208,2019년 6월 18일 09시,화요일,제주특별자치도 서귀포시 서홍동,경상사고,0,0,1,0,차대차 - 측면충돌,안전운전불이행,젖음/습기,흐림,교차로 - 교차로안,이륜,남,64세,경상,화물,남,49세,상해없음
2019061800100235,2019년 6월 18일 10시,화요일,제주특별자치도 서귀포시 대정읍,경상사고,0,0,2,0,차량단독 - 기타,안전운전불이행,건조,맑음,단일로 - 기타,승합,남,58세,상해없음,,,,
2019061800100265,2019년 6월 18일 11시,화요일,제주특별자치도 제주시 연동,경상사고,0,0,2,0,차대차 - 기타,안전운전불이행,젖음/습기,비,교차로 - 교차로안,승용,여,72세,상해없음,승용,여,42세,경상
2019061800100297,2019년 6월 18일 12시,화요일,제주특별자치도 서귀포시 남원읍,경상사고,0,0,2,0,차대차 - 기타,기타,건조,맑음,교차로 - 교차로안,승용,남,38세,상해없음,화물,남,51세,경상
2019061800100319,2019년 6월 18일 13시,화요일,제주특별자치도 서귀포시 동홍동,경상사고,0,0,2,0,차대차 - 측면충돌,교차로운행방법위반,젖음/습기,비,교차로 - 교차로안,승용,여,40세,경상,화물,남,33세,경상
2019061800100387,2019년 6월 18일 15시,화요일,제주특별자치도 제주시 아라일동,경상사고,0,0,1,0,차대차 - 추돌,안전운전불이행,건조,맑음,교차로 - 교차로부근,승합,남,71세,상해없음,승용,여,54세,경상
2019061800100388,2019년 6월 18일 15시,화요일,제주특별자치도 제주시 아라이동,경상사고,0,0,4,0,차대차 - 추돌,안전운전불이행,건조,맑음,단일로 - 기타,승용,여,54세,경상,화물,남,52세,경상
2019061800100447,2019년 6월 18일 17시,화요일,제주특별자치도 제주시 연동,경상사고,0,0,1,0,차대차 - 추돌,안전거리미확보,건조,맑음,단일로 - 기타,승합,남,24세,상해없음,승용,남,48세,경상
2019061800100493,2019년 6월 18일 18시,화요일,제주특별자치도 제주시 이도이동,경상사고,0,0,1,0,차대사람 - 기타,안전운전불이행,건조,맑음,단일로 - 기타,승용,남,47세,상해없음,보행자,남,6세,경상
2019061800100494,2019년 6월 18일 18시,화요일,제주특별자치도 서귀포시 서귀동,중상사고,0,1,0,0,차대사람 - 기타,안전운전불이행,젖음/습기,비,단일로 - 기타,승용,남,34세,상해없음,보행자,남,49세,중상
2019061800100538,2019년 6월 18일 19시,화요일,제주특별자치도 제주시 이도이동,경상사고,0,0,1,0,차대차 - 기타,안전거리미확보,건조,맑음,단일로 - 기타,승용,남,70세,상해없음,승합,남,46세,상해없음
2019061800100539,2019년 6월 18일 19시,화요일,제주특별자치도 제주시 연동,중상사고,0,1,0,0,차대사람 - 기타,안전운전불이행,건조,맑음,교차로 - 교차로안,승합,남,55세,상해없음,보행자,여,83세,중상
2019061800100582,2019년 6월 18일 20시,화요일,제주특별자치도 서귀포시 중문동,경상사고,0,0,1,0,차대차 - 기타,교차로운행방법위반,건조,맑음,교차로 - 교차로안,승용,남,36세,상해없음,기타불명,기타불명,미분류,기타불명
2019061900100064,2019년 6월 19일 03시,수요일,제주특별자치도 제주시 애월읍,중상사고,0,1,0,0,차대차 - 기타,중앙선침범,건조,맑음,단일로 - 기타,화물,남,55세,상해없음,이륜,남,58세,중상
2019061900100144,2019년 6월 19일 08시,수요일,제주특별자치도 제주시 한림읍,경상사고,0,0,1,0,차대차 - 기타,안전운전불이행,건조,맑음,단일로 - 기타,승용,남,52세,상해없음,자전거,남,8세,경상
2019061900100252,2019년 6월 19일 11시,수요일,제주특별자치도 제주시 용담이동,중상사고,0,1,1,0,차대차 - 기타,안전거리미확보,건조,맑음,교차로 - 교차로안,승용,남,41세,상해없음,승용,남,60세,중상
2019061900100400,2019년 6월 19일 16시,수요일,제주특별자치도 서귀포시 안덕면,경상사고,0,0,1,0,차대차 - 측면충돌,안전거리미확보,건조,맑음,단일로 - 기타,건설기계,남,56세,상해없음,이륜,남,23세,경상
2019061900100401,2019년 6월 19일 16시,수요일,제주특별자치도 서귀포시 서귀동,부상신고사고,0,0,0,1,차대차 - 기타,안전운전불이행,건조,맑음,교차로 - 교차로안,승용,여,67세,부상신고,화물,기타불명,미분류,기타불명
2019061900100402,2019년 6월 19일 16시,수요일,제주특별자치도 서귀포시 서귀동,경상사고,0,0,1,0,차대차 - 기타,안전거리미확보,건조,맑음,교차로 - 교차로안,승용,남,58세,상해없음,이륜,남,39세,경상
2019061900100403,2019년 6월 19일 16시,수요일,제주특별자치도 제주시 외도일동,중상사고,0,1,0,0,차대사람 - 횡단중,안전운전불이행,건조,맑음,교차로 - 교차로안,승합,여,47세,상해없음,보행자,여,72세,중상
2019061900100404,2019년 6월 19일 16시,수요일,제주특별자치도 제주시 용담이동,경상사고,0,0,1,0,차대차 - 측면충돌,안전운전불이행,건조,맑음,주차장 - 주차장,승용,남,76세,상해없음,승용,여,20세,경상
2019061900100495,2019년 6월 19일 18시,수요일,제주특별자치도 서귀포시 보목동,경상사고,0,0,1,0,차대차 - 기타,안전운전불이행,건조,맑음,단일로 - 기타,승용,남,67세,상해없음,자전거,남,38세,경상
2019061900100576,2019년 6월 19일 20시,수요일,제주특별자치도 제주시 화북이동,경상사고,0,0,1,0,차대차 - 기타,교차로운행방법위반,건조,맑음,교차로 - 교차로안,승용,남,22세,상해없음,승용,여,43세,경상
2019061900100599,2019년 6월 19일 21시,수요일,제주특별자치도 제주시 외도일동,중상사고,0,1,0,0,차대사람 - 기타,보행자보호의무위반,건조,맑음,교차로 - 교차로횡단보도내,승용,여,26세,상해없음,보행자,남,53세,중상
2019061900100600,2019년 6월 19일 21시,수요일,제주특별자치도 제주시 애월읍,중상사고,0,1,0,0,차대사람 - 횡단중,중앙선침범,건조,기타,기타 - 기타,승용,여,20세,상해없음,보행자,남,44세,중상
2019062000100201,2019년 6월 20일 09시,목요일,제주특별자치도 제주시 노형동,중상사고,0,1,0,0,차대사람 - 길가장자리구역통행중,안전운전불이행,건조,맑음,단일로 - 기타,승용,여,46세,상해없음,보행자,여,19세,중상
2019062000100229,2019년 6월 20일 10시,목요일,제주특별자치도 제주시 애월읍,경상사고,0,0,6,0,차대차 - 기타,신호위반,건조,맑음,교차로 - 교차로부근,승용,남,48세,상해없음,승용,남,32세,경상
2019062000100230,2019년 6월 20일 10시,목요일,제주특별자치도 제주시 한림읍,사망사고,1,0,0,0,차량단독 - 기타,안전운전불이행,건조,맑음,단일로 - 기타,승용,여,72세,사망,,,,
2019062000100257,2019년 6월 20일 11시,목요일,제주특별자치도 제주시 건입동,중상사고,0,1,0,0,차대차 - 기타,안전운전불이행,건조,맑음,교차로 - 교차로부근,화물,남,57세,상해없음,화물,남,41세,중상
2019062000100299,2019년 6월 20일 12시,목요일,제주특별자치도 서귀포시 서귀동,중상사고,0,1,1,0,차대차 - 측면충돌,안전운전불이행,건조,맑음,교차로 - 교차로부근,승용,남,69세,중상,화물,남,57세,경상
2019062000100323,2019년 6월 20일 13시,목요일,제주특별자치도 서귀포시 색달동,경상사고,0,0,1,0,차대차 - 기타,안전운전불이행,건조,맑음,교차로 - 교차로부근,승용,남,19세,상해없음,승용,남,37세,경상
2019062000100324,2019년 6월 20일 13시,목요일,제주특별자치도 제주시 애월읍,경상사고,0,0,4,0,차대차 - 기타,안전운전불이행,건조,맑음,단일로 - 기타,화물,남,62세,경상,승용,여,47세,경상
2019062000100388,2019년 6월 20일 15시,목요일,제주특별자치도 제주시 연동,경상사고,0,0,1,0,차대차 - 측면충돌,안전거리미확보,건조,맑음,단일로 - 기타,화물,남,48세,상해없음,승용,남,28세,경상
2019062000100433,2019년 6월 20일 16시,목요일,제주특별자치도 서귀포시 성산읍,중상사고,0,1,0,0,차대사람 - 기타,보행자보호의무위반,건조,맑음,단일로 - 기타,승용,여,57세,상해없음,보행자,여,85세,중상
2019062000100486,2019년 6월 20일 17시,목요일,제주특별자치도 서귀포시 남원읍,중상사고,0,1,0,0,차대차 - 기타,기타,건조,맑음,교차로 - 교차로안,승용,여,47세,상해없음,원동기,여,62세,중상
2019062000100529,2019년 6월 20일 18시,목요일,제주특별자치도 제주시 조천읍,경상사고,0,0,3,0,차대차 - 기타,직진우회전진행방해,건조,맑음,교차로 - 교차로안,이륜,남,57세,경상,승용,남,27세,경상
2019062000100597,2019년 6월 20일 20시,목요일,제주특별자치도 제주시 봉개동,사망사고,1,0,0,0,차대사람 - 기타,안전운전불이행,건조,맑음,단일로 - 기타,승용,여,45세,상해없음,보행자,남,80세,사망
2019062000100628,2019년 6월 20일 21시,목요일,제주특별자치도 서귀포시 동홍동,경상사고,0,0,1,0,차대차 - 추돌,안전거리미확보,건조,기타,단일로 - 기타,승용,남,61세,상해없음,승용,남,52세,경상
2019062100100042,2019년 6월 21일 01시,금요일,제주특별자치도 제주시 화북일동,경상사고,0,0,1,0,차대차 - 기타,안전운전불이행,건조,맑음,단일로 - 기타,승용,남,27세,상해없음,승용,남,59세,상해없음
2019062100100051,2019년 6월 21일 02시,금요일,제주특별자치도 서귀포시 동홍동,중상사고,0,1,1,1,차대차 - 기타,신호위반,건조,맑음,교차로 - 교차로안,승용,여,29세,부상신고,승용,여,55세,중상
2019062100100052,2019년 6월 21일 02시,금요일,제주특별자치도 서귀포시 성산읍,경상사고,0,0,1,0,차대차 - 기타,안전운전불이행,건조,맑음,교차로 - 교차로안,승용,남,38세,경상,승용,남,43세,상해없음
2019062100100058,2019년 6월 21일 03시,금요일,제주특별자치도 제주시 회천동,중상사고,0,1,0,0,차량단독 - 전도전복 - 전복,안전운전불이행,건조,맑음,단일로 - 기타,승용,남,32세,중상,,,,
2019062100100240,2019년 6월 21일 11시,금요일,제주특별자치도 제주시 삼도이동,경상사고,0,0,1,0,차대사람 - 기타,안전운전불이행,건조,맑음,단일로 - 기타,승용,여,32세,상해없음,보행자,남,73세,경상
2019062100100241,2019년 6월 21일 11시,금요일,제주특별자치도 제주시 한림읍,중상사고,0,2,0,0,차대차 - 정면충돌,직진우회전진행방해,건조,맑음,교차로 - 교차로안,승용,남,24세,중상,승용,남,49세,중상
2019062100100333,2019년 6월 21일 14시,금요일,제주특별자치도 제주시 도두일동,경상사고,0,0,1,0,차대차 - 측면충돌,교차로운행방법위반,건조,맑음,교차로 - 교차로안,승용,남,49세,경상,화물,남,48세,상해없음
2019062100100379,2019년 6월 21일 15시,금요일,제주특별자치도 서귀포시 서홍동,중상사고,0,2,0,0,차대차 - 측면충돌,신호위반,건조,맑음,교차로 - 교차로안,화물,남,44세,상해없음,승용,남,33세,중상
2019062100100429,2019년 6월 21일 16시,금요일,제주특별자치도 제주시 구좌읍,경상사고,0,0,2,0,차대차 - 정면충돌,중앙선침범,건조,맑음,단일로 - 기타,승용,남,22세,상해없음,승용,여,27세,경상
2019062100100479,2019년 6월 21일 17시,금요일,제주특별자치도 서귀포시 안덕면,중상사고,0,1,0,0,차대차 - 기타,중앙선침범,건조,맑음,단일로 - 기타,화물,남,58세,상해없음,이륜,남,51세,중상
2019062100100667,2019년 6월 21일 21시,금요일,제주특별자치도 제주시 한림읍,경상사고,0,0,1,0,차대사람 - 횡단중,안전운전불이행,건조,맑음,교차로 - 교차로안,승용,남,47세,상해없음,보행자,남,67세,경상
2019062100100709,2019년 6월 21일 22시,금요일,제주특별자치도 서귀포시 법환동,중상사고,0,1,0,0,차대차 - 기타,교차로운행방법위반,건조,맑음,단일로 - 기타,승용,여,47세,상해없음,이륜,남,39세,중상
2019062100100710,2019년 6월 21일 22시,금요일,제주특별자치도 제주시 외도이동,사망사고,1,0,0,0,차대사람 - 차도통행중,안전운전불이행,건조,맑음,단일로 - 기타,화물,남,59세,상해없음,보행자,남,50세,사망
2019062200100108,2019년 6월 22일 03시,토요일,제주특별자치도 제주시 애월읍,중상사고,0,1,1,3,차대차 - 측면충돌,직진우회전진행방해,건조,맑음,교차로 - 교차로안,승용,여,36세,경상,승용,여,40세,중상
2019062200100120,2019년 6월 22일 04시,토요일,제주특별자치도 제주시 삼도이동,중상사고,0,1,1,0,차대차 - 기타,신호위반,건조,맑음,교차로 - 교차로안,승용,여,59세,상해없음,승용,남,65세,중상
2019062200100221,2019년 6월 22일 10시,토요일,제주특별자치도 제주시 이도이동,중상사고,0,1,0,0,차대사람 - 기타,안전운전불이행,건조,맑음,단일로 - 기타,승용,여,21세,상해없음,보행자,남,85세,중상