사고번호,사고일시,요일,시군구,사고내용,사망자수,중상자수,경상자수,부상신고자수,사고유형,법규위반,노면상태,기상상태,도로형태,가해운전자 차종,가해운전자 성별,가해운전자 연령,가해운전자 상해정도,피해운전자 차종,피해운전자 성별,피해운전자 연령,피해운전자 상해정도
2019062200100222,2019년 6월 22일 10시,토요일,제주특별자치도 제주시 애월읍,경상사고,0,0,1,0,차대차 - 기타,신호위반,건조,맑음,교차로 - 교차로안,승용,여,70세,상해없음,승용,여,62세,경상
2019062200100223,2019년 6월 22일 10시,토요일,제주특별자치도 제주시 한경면,경상사고,0,0,1,0,차대차 - 추돌,안전운전불이행,건조,맑음,교차로 - 교차로안,화물,남,53세,경상,건설기계,남,53세,상해없음
2019062200100356,2019년 6월 22일 13시,토요일,제주특별자치도 제주시 이도이동,중상사고,0,1,0,0,차대차 - 측면충돌,교차로운행방법위반,건조,맑음,교차로 - 교차로안,승용,여,49세,상해없음,이륜,남,38세,중상
2019062200100446,2019년 6월 22일 15시,토요일,제주특별자치도 제주시 한림읍,경상사고,0,0,1,0,차대사람 - 기타,신호위반,젖음/습기,맑음,교차로 - 교차로안,승용,여,51세,상해없음,보행자,남,61세,경상
2019062200100568,2019년 6월 22일 18시,토요일,제주특별자치도 제주시 이도이동,부상신고사고,0,0,0,1,차대차 - 측면충돌,안전운전불이행,건조,맑음,단일로 - 기타,이륜,남,38세,부상신고,이륜,남,38세,상해없음
2019062200100674,2019년 6월 22일 21시,토요일,제주특별자치도 서귀포시 동홍동,부상신고사고,0,0,0,1,차대차 - 측면충돌,중앙선침범,건조,맑음,교차로 - 교차로안,이륜,남,45세,부상신고,승용,남,35세,상해없음
2019062300100068,2019년 6월 23일 02시,일요일,제주특별자치도 제주시 일도이동,경상사고,0,0,1,0,차대사람 - 기타,안전운전불이행,건조,맑음,교차로 - 교차로부근,승용,남,24세,상해없음,보행자,여,36세,경상
2019062300100101,2019년 6월 23일 05시,일요일,제주특별자치도 서귀포시 신효동,중상사고,0,1,0,0,차량단독 - 공작물충돌,안전운전불이행,건조,맑음,교차로 - 교차로안,승용,남,42세,중상,,,,
2019062300100108,2019년 6월 23일 06시,일요일,제주특별자치도 제주시 용담이동,경상사고,0,0,1,0,차대차 - 기타,직진우회전진행방해,건조,맑음,교차로 - 교차로안,승용,남,61세,상해없음,화물,남,65세,상해없음
2019062300100239,2019년 6월 23일 12시,일요일,제주특별자치도 제주시 노형동,경상사고,0,0,1,0,차대차 - 측면충돌,안전운전불이행,건조,맑음,교차로 - 교차로안,승용,여,23세,상해없음,승용,남,45세,경상
2019062300100280,2019년 6월 23일 13시,일요일,제주특별자치도 제주시 오라이동,경상사고,0,0,2,0,차대차 - 후진중충돌,안전운전불이행,건조,맑음,교차로 - 교차로부근,승용,여,49세,상해없음,화물,남,43세,경상
2019062300100397,2019년 6월 23일 16시,일요일,제주특별자치도 제주시 이도이동,경상사고,0,0,1,0,차대차 - 측면충돌,안전운전불이행,건조,맑음,교차로 - 교차로횡단보도내,승용,여,18세,상해없음,자전거,남,19세,경상
2019062300100560,2019년 6월 23일 21시,일요일,제주특별자치도 제주시 아라일동,경상사고,0,0,1,1,차대차 - 측면충돌,차로위반,건조,맑음,단일로 - 기타,이륜,남,36세,부상신고,이륜,남,29세,경상
2019062300100592,2019년 6월 23일 23시,일요일,제주특별자치도 제주시 연동,경상사고,0,0,1,0,차대차 - 기타,안전거리미확보,건조,맑음,단일로 - 기타,이륜,남,26세,경상,승용,남,58세,상해없음
2019062400100042,2019년 6월 24일 03시,월요일,제주특별자치도 제주시 애월읍,부상신고사고,0,0,0,1,차대차 - 추돌,안전거리미확보,건조,맑음,단일로 - 기타,승용,남,27세,상해없음,승용,여,54세,부상신고
2019062400100199,2019년 6월 24일 09시,월요일,제주특별자치도 서귀포시 동홍동,경상사고,0,0,1,0,차대차 - 기타,교차로운행방법위반,건조,맑음,교차로 - 교차로안,화물,남,47세,상해없음,화물,여,47세,경상
2019062400100234,2019년 6월 24일 10시,월요일,제주특별자치도 제주시 용담일동,경상사고,0,0,1,0,차대차 - 추돌,안전운전불이행,건조,맑음,단일로 - 기타,승용,남,67세,상해없음,화물,남,64세,경상
2019062400100310,2019년 6월 24일 12시,월요일,제주특별자치도 제주시 애월읍,경상사고,0,0,2,0,차대차 - 기타,안전운전불이행,건조,맑음,단일로 - 기타,승용,여,27세,경상,승용,남,77세,경상
2019062400100376,2019년 6월 24일 14시,월요일,제주특별자치도 서귀포시 서귀동,경상사고,0,0,1,0,차대사람 - 기타,안전운전불이행,건조,맑음,단일로 - 기타,승용,남,59세,상해없음,보행자,남,29세,경상
2019062400100419,2019년 6월 24일 15시,월요일,제주특별자치도 제주시 해안동,경상사고,0,0,1,0,차대사람 - 기타,안전운전불이행,건조,맑음,기타 - 기타,승용,여,63세,상해없음,보행자,남,67세,경상
2019062400100459,2019년 6월 24일 16시,월요일,제주특별자치도 서귀포시 강정동,경상사고,0,0,2,0,차대차 - 측면충돌,직진우회전진행방해,건조,맑음,교차로 - 교차로안,승용,여,47세,경상,승용,여,31세,경상
2019062400100460,2019년 6월 24일 16시,월요일,제주특별자치도 제주시 연동,부상신고사고,0,0,0,1,차대사람 - 길가장자리구역통행중,안전운전불이행,건조,맑음,단일로 - 기타,승용,여,57세,상해없음,보행자,남,13세,부상신고
2019062400100576,2019년 6월 24일 18시,월요일,제주특별자치도 제주시 아라이동,중상사고,0,1,0,0,차대사람 - 횡단중,보행자보호의무위반,건조,맑음,교차로 - 교차로횡단보도내,승용,남,52세,상해없음,보행자,여,11세,중상
2019062400100577,2019년 6월 24일 18시,월요일,제주특별자치도 서귀포시 동홍동,경상사고,0,0,2,0,차대사람 - 기타,보행자보호의무위반,건조,맑음,교차로 - 교차로안,승용,남,73세,상해없음,보행자,남,36세,경상
2019062400100702,2019년 6월 24일 22시,월요일,제주특별자치도 서귀포시 안덕면,중상사고,0,1,0,0,차량단독 - 도로외이탈 - 기타,안전운전불이행,건조,맑음,교차로 - 교차로안,승용,남,19세,상해없음,,,,
2019062500100078,2019년 6월 25일 06시,화요일,제주특별자치도 제주시 건입동,사망사고,1,0,0,0,차대사람 - 횡단중,안전운전불이행,건조,맑음,교차로 - 교차로부근,화물,남,56세,상해없음,보행자,남,79세,사망
2019062500100108,2019년 6월 25일 07시,화요일,제주특별자치도 제주시 이도이동,경상사고,0,0,1,0,차대차 - 기타,안전거리미확보,건조,맑음,단일로 - 기타,자전거,남,53세,경상,승용,여,32세,상해없음
2019062500100155,2019년 6월 25일 08시,화요일,제주특별자치도 제주시 이도이동,경상사고,0,0,1,0,차대사람 - 기타,보행자보호의무위반,건조,맑음,교차로 - 교차로횡단보도내,승용,남,48세,상해없음,보행자,여,34세,경상
2019062500100225,2019년 6월 25일 10시,화요일,제주특별자치도 제주시 한림읍,경상사고,0,0,2,0,차대차 - 기타,과속,건조,맑음,교차로 - 교차로부근,승용,여,26세,경상,승용,여,69세,경상
2019062500100266,2019년 6월 25일 11시,화요일,제주특별자치도 제주시 이도이동,경상사고,0,0,1,0,차대차 - 추돌,안전운전불이행,건조,맑음,단일로 - 기타,화물,남,30세,상해없음,승용,남,64세,경상
2019062500100369,2019년 6월 25일 14시,화요일,제주특별자치도 서귀포시 안덕면,사망사고,1,1,0,0,차량단독 - 기타,안전운전불이행,건조,맑음,단일로 - 기타,이륜,남,22세,사망,,,,
2019062500100405,2019년 6월 25일 15시,화요일,제주특별자치도 제주시 이호일동,부상신고사고,0,0,0,1,차대차 - 측면충돌,안전운전불이행,건조,맑음,교차로 - 교차로안,승용,여,58세,상해없음,자전거,남,11세,부상신고
2019062500100406,2019년 6월 25일 15시,화요일,제주특별자치도 제주시 이호이동,경상사고,0,0,1,0,차대차 - 기타,안전거리미확보,건조,맑음,단일로 - 기타,화물,여,51세,상해없음,승용,여,38세,경상
2019062500100461,2019년 6월 25일 16시,화요일,제주특별자치도 제주시 한경면,경상사고,0,0,1,0,차대차 - 측면충돌,교차로운행방법위반,건조,맑음,교차로 - 교차로안,승용,남,39세,상해없음,승용,여,56세,경상
2019062500100521,2019년 6월 25일 17시,화요일,제주특별자치도 제주시 우도면,중상사고,0,1,1,0,차대차 - 정면충돌,안전운전불이행,건조,맑음,단일로 - 기타,이륜,여,19세,상해없음,이륜,남,35세,경상
2019062500100586,2019년 6월 25일 18시,화요일,제주특별자치도 서귀포시 동홍동,부상신고사고,0,0,0,1,차량단독 - 기타,안전운전불이행,젖음/습기,맑음,교차로 - 교차로안,이륜,남,23세,부상신고,,,,
2019062600100039,2019년 6월 26일 01시,수요일,제주특별자치도 제주시 연동,경상사고,0,0,1,0,차대차 - 추돌,안전운전불이행,젖음/습기,비,교차로 - 교차로부근,승용,남,55세,상해없음,승용,남,50세,경상
2019062600100171,2019년 6월 26일 09시,수요일,제주특별자치도 서귀포시 남원읍,경상사고,0,0,2,0,차대차 - 추돌,안전운전불이행,젖음/습기,맑음,교차로 - 교차로부근,승용,여,30세,경상,승용,남,41세,상해없음
2019062600100172,2019년 6월 26일 09시,수요일,제주특별자치도 서귀포시 남원읍,중상사고,0,1,0,0,차량단독 - 전도전복 - 전복,안전운전불이행,젖음/습기,맑음,단일로 - 기타,화물,남,47세,상해없음,,,,
2019062600100173,2019년 6월 26일 09시,수요일,제주특별자치도 제주시 해안동,경상사고,0,0,1,0,차대차 - 측면충돌,안전거리미확보,젖음/습기,비,단일로 - 기타,승용,여,35세,기타불명,승용,남,41세,경상
2019062600100242,2019년 6월 26일 11시,수요일,제주특별자치도 서귀포시 서귀동,중상사고,0,1,1,0,차대차 - 추돌,안전운전불이행,젖음/습기,비,교차로 - 교차로부근,화물,남,77세,상해없음,승용,여,43세,중상
2019062600100286,2019년 6월 26일 12시,수요일,제주특별자치도 서귀포시 성산읍,중상사고,0,1,1,0,차대차 - 정면충돌,직진우회전진행방해,젖음/습기,비,교차로 - 교차로안,승용,여,35세,중상,승용,남,33세,경상
2019062600100287,2019년 6월 26일 12시,수요일,제주특별자치도 제주시 노형동,중상사고,0,1,0,0,차대차 - 기타,안전거리미확보,젖음/습기,비,단일로 - 기타,화물,여,55세,상해없음,승용,남,71세,중상
2019062600100351,2019년 6월 26일 14시,수요일,제주특별자치도 제주시 삼도일동,경상사고,0,0,1,0,차대차 - 측면충돌,안전운전불이행,젖음/습기,비,단일로 - 기타,승용,남,49세,상해없음,승용,남,34세,경상
2019062600100352,2019년 6월 26일 14시,수요일,제주특별자치도 제주시 애월읍,경상사고,0,0,2,0,차대차 - 기타,교차로운행방법위반,젖음/습기,비,교차로 - 교차로안,승용,남,34세,상해없음,승용,남,26세,경상
2019062600100392,2019년 6월 26일 15시,수요일,제주특별자치도 제주시 오라삼동,경상사고,0,0,1,0,차대차 - 기타,직진우회전진행방해,건조,맑음,교차로 - 교차로안,승용,여,53세,상해없음,승용,남,32세,경상
2019062600100548,2019년 6월 26일 18시,수요일,제주특별자치도 제주시 이도이동,중상사고,0,1,1,0,차대차 - 기타,신호위반,젖음/습기,맑음,교차로 - 교차로안,승용,여,33세,상해없음,승용,남,53세,중상
2019062600100625,2019년 6월 26일 20시,수요일,제주특별자치도 제주시 이도이동,경상사고,0,0,1,0,차대차 - 측면충돌,안전운전불이행,젖음/습기,비,교차로 - 교차로안,승용,남,30세,상해없음,승합,남,35세,상해없음
2019062600100626,2019년 6월 26일 20시,수요일,제주특별자치도 서귀포시 대정읍,경상사고,0,0,1,0,차량단독 - 기타,안전운전불이행,젖음/습기,비,교차로 - 교차로부근,승용,남,47세,경상,,,,
2019062600100689,2019년 6월 26일 22시,수요일,제주특별자치도 제주시 용담이동,중상사고,0,1,0,0,차량단독 - 기타,안전운전불이행,건조,맑음,교차로 - 교차로안,이륜,남,51세,중상,,,,
2019062700100033,2019년 6월 27일 00시,목요일,제주특별자치도 서귀포시 중문동,경상사고,0,0,1,0,차대차 - 기타,차로위반,젖음/습기,비,교차로 - 교차로안,승용,남,53세,상해없음,이륜,남,23세,경상
2019062700100281,2019년 6월 27일 12시,목요일,제주특별자치도 제주시 아라일동,경상사고,0,0,1,0,차대차 - 후진중충돌,안전운전불이행,건조,맑음,단일로 - 기타,승용,남,42세,상해없음,승용,남,24세,경상
2019062700100282,2019년 6월 27일 12시,목요일,제주특별자치도 제주시 연동,경상사고,0,0,1,0,차대차 - 추돌,신호위반,건조,맑음,교차로 - 교차로부근,승용,남,42세,상해없음,승용,여,29세,경상
2019062700100323,2019년 6월 27일 13시,목요일,제주특별자치도 제주시 애월읍,부상신고사고,0,0,0,1,차대차 - 기타,안전운전불이행,건조,맑음,단일로 - 기타,자전거,남,50세,부상신고,승용,여,26세,상해없음
2019062700100324,2019년 6월 27일 13시,목요일,제주특별자치도 제주시 도두일동,경상사고,0,0,1,0,차대차 - 추돌,안전거리미확보,건조,맑음,단일로 - 기타,화물,남,38세,상해없음,승용,남,65세,상해없음
2019062700100353,2019년 6월 27일 14시,목요일,제주특별자치도 제주시 용담이동,경상사고,0,0,1,0,차대차 - 추돌,안전운전불이행,건조,흐림,단일로 - 기타,승용,남,47세,상해없음,승용,남,49세,경상
2019062700100354,2019년 6월 27일 14시,목요일,제주특별자치도 제주시 용담이동,부상신고사고,0,0,0,1,차대차 - 정면충돌,직진우회전진행방해,건조,맑음,교차로 - 교차로안,화물,남,50세,상해없음,승용,남,26세,부상신고
2019062700100392,2019년 6월 27일 15시,목요일,제주특별자치도 제주시 건입동,중상사고,0,1,2,0,차대차 - 측면충돌,안전운전불이행,건조,맑음,단일로 - 기타,승용,여,21세,상해없음,건설기계,남,43세,상해없음
2019062700100393,2019년 6월 27일 15시,목요일,제주특별자치도 서귀포시 색달동,경상사고,0,0,1,0,차대차 - 기타,안전운전불이행,건조,맑음,교차로 - 교차로부근,승용,남,20세,상해없음,승용,남,21세,상해없음
2019062700100437,2019년 6월 27일 16시,목요일,제주특별자치도 서귀포시 대정읍,경상사고,0,0,1,0,차대사람 - 횡단중,안전운전불이행,건조,맑음,교차로 - 교차로부근,화물,남,71세,상해없음,보행자,여,46세,경상
2019062700100479,2019년 6월 27일 17시,목요일,제주특별자치도 서귀포시 남원읍,중상사고,0,1,1,4,차대차 - 정면충돌,중앙선침범,건조,맑음,단일로 - 기타,승용,여,29세,상해없음,승용,남,27세,중상
2019062800100078,2019년 6월 28일 05시,금요일,제주특별자치도 서귀포시 동홍동,중상사고,0,1,0,0,차대사람 - 횡단중,보행자보호의무위반,건조,맑음,교차로 - 교차로횡단보도내,화물,남,75세,상해없음,보행자,남,69세,중상
2019062800100092,2019년 6월 28일 06시,금요일,제주특별자치도 제주시 조천읍,경상사고,0,0,2,0,차대차 - 측면충돌,직진우회전진행방해,건조,맑음,교차로 - 교차로안,화물,남,58세,상해없음,화물,여,56세,경상
2019062800100111,2019년 6월 28일 07시,금요일,제주특별자치도 제주시 연동,중상사고,0,1,0,0,차대차 - 기타,중앙선침범,건조,맑음,단일로 - 기타,승용,여,58세,상해없음,화물,여,56세,중상
2019062800100147,2019년 6월 28일 08시,금요일,제주특별자치도 제주시 오라삼동,부상신고사고,0,0,0,1,차대차 - 기타,안전운전불이행,건조,맑음,단일로 - 기타,승합,남,57세,상해없음,승용,남,39세,부상신고
2019062800100171,2019년 6월 28일 09시,금요일,제주특별자치도 서귀포시 동홍동,경상사고,0,0,1,0,차대차 - 기타,직진우회전진행방해,건조,맑음,교차로 - 교차로안,승용,남,48세,상해없음,승용,여,62세,경상
2019062800100172,2019년 6월 28일 09시,금요일,제주특별자치도 서귀포시 성산읍,중상사고,0,1,0,0,차대차 - 측면충돌,과속,건조,맑음,교차로 - 교차로안,승용,남,47세,상해없음,이륜,남,78세,중상
2019062800100256,2019년 6월 28일 11시,금요일,제주특별자치도 제주시 조천읍,중상사고,0,1,0,0,차대차 - 기타,안전운전불이행,건조,흐림,교차로 - 교차로안,자전거,남,43세,중상,화물,남,25세,상해없음
2019062800100360,2019년 6월 28일 14시,금요일,제주특별자치도 서귀포시 남원읍,부상신고사고,0,0,0,1,차량단독 - 공작물충돌,안전운전불이행,건조,맑음,단일로 - 기타,승용,남,69세,부상신고,,,,
2019062800100407,2019년 6월 28일 15시,금요일,제주특별자치도 서귀포시 서귀동,중상사고,0,1,2,0,차량단독 - 공작물충돌,안전운전불이행,건조,맑음,단일로 - 기타,승용,여,68세,경상,,,,
2019062800100408,2019년 6월 28일 15시,금요일,제주특별자치도 제주시 연동,경상사고,0,0,2,0,차대차 - 추돌,안전운전불이행,건조,맑음,단일로 - 기타,승용,남,24세,상해없음,승용,남,24세,경상
2019062800100409,2019년 6월 28일 15시,금요일,제주특별자치도 제주시 연동,경상사고,0,0,1,0,차대차 - 기타,신호위반,건조,맑음,교차로 - 교차로안,승용,남,55세,상해없음,승용,남,61세,경상
2019062800100494,2019년 6월 28일 17시,금요일,제주특별자치도 서귀포시 중문동,경상사고,0,0,4,0,차대차 - 기타,안전운전불이행,건조,맑음,교차로 - 교차로부근,화물,남,56세,상해없음,승용,남,38세,경상
2019062800100495,2019년 6월 28일 17시,금요일,제주특별자치도 제주시 애월읍,경상사고,0,0,1,0,차대차 - 측면충돌,신호위반,건조,맑음,교차로 - 교차로안,승용,여,23세,상해없음,화물,남,57세,경상
2019062800100575,2019년 6월 28일 19시,금요일,제주특별자치도 제주시 이도이동,경상사고,0,0,1,0,차대차 - 기타,안전운전불이행,건조,맑음,교차로 - 교차로부근,승용,남,35세,상해없음,자전거,남,12세,경상
2019062800100615,2019년 6월 28일 20시,금요일,제주특별자치도 서귀포시 월평동,경상사고,0,0,1,0,차대차 - 기타,신호위반,건조,맑음,교차로 - 교차로안,승용,여,52세,경상,승용,남,51세,상해없음
2019062800100693,2019년 6월 28일 22시,금요일,제주특별자치도 제주시 화북이동,중상사고,0,1,0,0,차대차 - 기타,신호위반,건조,맑음,단일로 - 기타,승용,남,20세,상해없음,이륜,남,24세,중상
2019062800100694,2019년 6월 28일 22시,금요일,제주특별자치도 서귀포시 강정동,중상사고,0,1,1,0,차대차 - 정면충돌,기타,건조,맑음,교차로 - 교차로안,승용,여,36세,경상,승용,여,26세,중상
2019062900100146,2019년 6월 29일 07시,토요일,제주특별자치도 제주시 한림읍,중상사고,0,1,0,0,차대사람 - 차도통행중,중앙선침범,건조,맑음,단일로 - 기타,승용,남,20세,상해없음,보행자,여,81세,중상
2019062900100182,2019년 6월 29일 09시,토요일,제주특별자치도 제주시 도련이동,경상사고,0,0,3,0,차대차 - 기타,직진우회전진행방해,건조,맑음,교차로 - 교차로안,승용,남,43세,상해없음,승용,남,48세,경상
2019062900100429,2019년 6월 29일 16시,토요일,제주특별자치도 서귀포시 법환동,중상사고,0,1,0,0,차대차 - 측면충돌,불법유턴,젖음/습기,비,교차로 - 교차로부근,승용,남,25세,상해없음,승용,남,60세,중상
2019062900100430,2019년 6월 29일 16시,토요일,제주특별자치도 서귀포시 안덕면,경상사고,0,0,1,1,차대차 - 기타,교차로운행방법위반,젖음/습기,안개,단일로 - 기타,승용,여,36세,경상,승용,여,33세,부상신고
2019062900100431,2019년 6월 29일 16시,토요일,제주특별자치도 제주시 한림읍,경상사고,0,0,1,0,차대차 - 추돌,안전거리미확보,건조,맑음,교차로 - 교차로부근,화물,남,44세,상해없음,승용,여,26세,경상
2019062900100651,2019년 6월 29일 23시,토요일,제주특별자치도 제주시 삼도이동,경상사고,0,0,1,0,차대차 - 기타,중앙선침범,건조,흐림,단일로 - 기타,승용,남,29세,상해없음,승용,남,42세,경상
2019063000100075,2019년 6월 30일 04시,일요일,제주특별자치도 제주시 이도이동,경상사고,0,0,4,0,차대차 - 측면충돌,교차로운행방법위반,건조,맑음,교차로 - 교차로안,승용,남,71세,상해없음,승용,남,69세,경상
2019063000100109,2019년 6월 30일 08시,일요일,제주특별자치도 제주시 애월읍,경상사고,0,0,4,2,차대차 - 측면충돌,안전거리미확보,건조,맑음,단일로 - 기타,승용,남,76세,부상신고,승용,남,28세,경상
2019063000100129,2019년 6월 30일 09시,일요일,제주특별자치도 제주시 연동,경상사고,0,0,3,0,차대차 - 정면충돌,신호위반,건조,흐림,교차로 - 교차로안,승용,남,47세,상해없음,승용,남,58세,경상
2019063000100144,2019년 6월 30일 10시,일요일,제주특별자치도 제주시 연동,경상사고,0,0,1,1,차대차 - 측면충돌,직진우회전진행방해,건조,맑음,교차로 - 교차로안,승용,남,70세,부상신고,승용,남,26세,경상
2019063000100228,2019년 6월 30일 13시,일요일,제주특별자치도 제주시 이도일동,경상사고,0,0,1,0,차대차 - 측면충돌,신호위반,건조,맑음,단일로 - 기타,이륜,남,59세,상해없음,승용,여,47세,경상
2019063000100338,2019년 6월 30일 17시,일요일,제주특별자치도 제주시 노형동,중상사고,0,1,0,0,차대사람 - 횡단중,보행자보호의무위반,건조,맑음,교차로 - 교차로횡단보도내,승용,남,23세,상해없음,보행자,여,74세,중상
2019063000100364,2019년 6월 30일 18시,일요일,제주특별자치도 서귀포시 서귀동,경상사고,0,0,1,0,차대사람 - 기타,안전운전불이행,건조,맑음,단일로 - 기타,승용,여,29세,상해없음,보행자,여,21세,경상
2019070100100112,2019년 7월 1일 07시,월요일,제주특별자치도 제주시 이도이동,경상사고,0,0,1,0,차대차 - 측면충돌,신호위반,건조,맑음,교차로 - 교차로안,승용,남,53세,상해없음,승용,여,46세,경상
2019070100100113,2019년 7월 1일 07시,월요일,제주특별자치도 제주시 애월읍,경상사고,0,0,3,0,차대차 - 측면충돌,안전거리미확보,건조,맑음,단일로 - 기타,화물,남,42세,경상,승용,남,31세,경상
2019070100100157,2019년 7월 1일 08시,월요일,제주특별자치도 제주시 이도이동,경상사고,0,0,1,0,차대사람 - 기타,안전운전불이행,건조,맑음,교차로 - 교차로안,승용,여,61세,상해없음,보행자,남,47세,경상
2019070100100241,2019년 7월 1일 10시,월요일,제주특별자치도 서귀포시 남원읍,중상사고,0,1,0,0,차대차 - 기타,안전운전불이행,건조,맑음,단일로 - 기타,승용,남,43세,상해없음,이륜,남,40세,중상
2019070100100272,2019년 7월 1일 11시,월요일,제주특별자치도 서귀포시 색달동,중상사고,0,1,1,0,차대차 - 추돌,안전운전불이행,건조,맑음,단일로 - 기타,화물,남,76세,상해없음,승용,남,36세,상해없음
2019070100100411,2019년 7월 1일 15시,월요일,제주특별자치도 제주시 도련이동,경상사고,0,0,2,0,차대차 - 정면충돌,안전운전불이행,젖음/습기,비,교차로 - 교차로안,승용,여,56세,경상,화물,남,33세,경상
2019070100100412,2019년 7월 1일 15시,월요일,제주특별자치도 서귀포시 성산읍,경상사고,0,0,1,0,차대차 - 기타,안전운전불이행,건조,맑음,단일로 - 기타,승용,남,41세,경상,승용,여,34세,상해없음
2019070100100538,2019년 7월 1일 18시,월요일,제주특별자치도 서귀포시 동홍동,경상사고,0,0,1,0,차대차 - 기타,안전거리미확보,젖음/습기,비,단일로 - 기타,승용,남,49세,상해없음,승합,남,61세,상해없음
2019070100100539,2019년 7월 1일 18시,월요일,제주특별자치도 제주시 오라삼동,경상사고,0,0,2,0,차대차 - 측면충돌,안전거리미확보,건조,맑음,교차로 - 교차로부근,승용,남,40세,상해없음,승용,여,27세,경상
2019070100100677,2019년 7월 1일 23시,월요일,제주특별자치도 서귀포시 대정읍,경상사고,0,0,4,0,차대차 - 추돌,안전운전불이행,건조,맑음,교차로 - 교차로횡단보도내,승용,남,44세,경상,승용,남,44세,경상
2019070200100055,2019년 7월 2일 01시,화요일,제주특별자치도 제주시 애월읍,중상사고,0,1,0,0,차대사람 - 길가장자리구역통행중,안전운전불이행,건조,맑음,단일로 - 기타,화물,남,55세,상해없음,보행자,남,56세,중상
2019070200100086,2019년 7월 2일 06시,화요일,제주특별자치도 서귀포시 표선면,부상신고사고,0,0,0,1,차량단독 - 전도전복 - 전복,안전운전불이행,건조,맑음,단일로 - 기타,승용,남,26세,부상신고,,,,
2019070200100112,2019년 7월 2일 07시,화요일,제주특별자치도 제주시 노형동,부상신고사고,0,0,0,1,차대차 - 기타,안전거리미확보,건조,맑음,단일로 - 기타,화물,남,61세,상해없음,화물,남,58세,상해없음
2019070200100152,2019년 7월 2일 08시,화요일,제주특별자치도 제주시 회천동,중상사고,0,1,1,0,차대차 - 측면충돌,신호위반,건조,맑음,교차로 - 교차로안,승용,남,48세,상해없음,승용,남,63세,경상
2019070200100153,2019년 7월 2일 08시,화요일,제주특별자치도 제주시 도남동,경상사고,0,0,1,0,차대차 - 측면충돌,직진우회전진행방해,건조,맑음,교차로 - 교차로안,승용,남,23세,상해없음,승용,남,23세,경상
2019070200100248,2019년 7월 2일 11시,화요일,제주특별자치도 제주시 이도이동,중상사고,0,1,0,0,차대사람 - 횡단중,보행자보호의무위반,건조,맑음,단일로 - 기타,승용,남,26세,상해없음,보행자,여,24세,중상
2019070200100314,2019년 7월 2일 13시,화요일,제주특별자치도 제주시 삼도이동,경상사고,0,0,1,0,차대차 - 추돌,안전거리미확보,건조,맑음,교차로 - 교차로부근,승용,남,56세,상해없음,승용,여,43세,경상
2019070200100507,2019년 7월 2일 18시,화요일,제주특별자치도 제주시 노형동,경상사고,0,0,1,0,차대차 - 측면충돌,신호위반,건조,맑음,교차로 - 교차로안,이륜,남,20세,경상,승용,남,37세,상해없음
2019070200100565,2019년 7월 2일 20시,화요일,제주특별자치도 제주시 연동,경상사고,0,0,1,0,차대차 - 측면충돌,신호위반,건조,맑음,교차로 - 교차로안,승용,남,35세,기타불명,승용,여,52세,경상
2019070200100618,2019년 7월 2일 23시,화요일,제주특별자치도 서귀포시 중문동,중상사고,0,1,0,0,차대사람 - 횡단중,중앙선침범,건조,기타,단일로 - 기타,승용,남,47세,상해없음,보행자,남,27세,중상
2019070300100029,2019년 7월 3일 00시,수요일,제주특별자치도 제주시 애월읍,경상사고,0,0,1,0,차대사람 - 기타,안전운전불이행,건조,맑음,단일로 - 기타,승용,남,24세,상해없음,보행자,남,64세,경상
2019070300100036,2019년 7월 3일 01시,수요일,제주특별자치도 제주시 한경면,경상사고,0,0,1,0,차량단독 - 기타,안전운전불이행,건조,맑음,단일로 - 기타,화물,남,28세,경상,,,,
2019070300100053,2019년 7월 3일 05시,수요일,제주특별자치도 제주시 건입동,중상사고,0,1,0,0,차대차 - 기타,안전운전불이행,건조,맑음,교차로 - 교차로안,자전거,남,53세,중상,화물,남,59세,상해없음
2019070300100087,2019년 7월 3일 07시,수요일,제주특별자치도 서귀포시 성산읍,경상사고,0,0,1,0,차대차 - 정면충돌,직진우회전진행방해,건조,흐림,교차로 - 교차로안,승용,남,28세,상해없음,승용,남,41세,경상
2019070300100165,2019년 7월 3일 09시,수요일,제주특별자치도 제주시 건입동,경상사고,0,0,1,0,차대차 - 측면충돌,교차로운행방법위반,건조,맑음,교차로 - 교차로안,이륜,남,65세,경상,승용,여,54세,상해없음
2019070300100257,2019년 7월 3일 12시,수요일,제주특별자치도 제주시 용담삼동,경상사고,0,0,1,0,차대차 - 기타,안전운전불이행,건조,맑음,교차로 - 교차로부근,승용,여,33세,상해없음,이륜,여,23세,경상
2019070300100327,2019년 7월 3일 14시,수요일,제주특별자치도 제주시 이도이동,부상신고사고,0,0,0,1,차대사람 - 기타,안전운전불이행,건조,흐림,단일로 - 기타,승용,여,37세,상해없음,보행자,여,45세,부상신고
2019070300100328,2019년 7월 3일 14시,수요일,제주특별자치도 서귀포시 서홍동,중상사고,0,1,0,0,차대차 - 기타,안전운전불이행,건조,맑음,단일로 - 기타,승용,남,24세,상해없음,이륜,여,69세,중상