사고번호,사고일시,요일,시군구,사고내용,사망자수,중상자수,경상자수,부상신고자수,사고유형,법규위반,노면상태,기상상태,도로형태,가해운전자 차종,가해운전자 성별,가해운전자 연령,가해운전자 상해정도,피해운전자 차종,피해운전자 성별,피해운전자 연령,피해운전자 상해정도
2019070300100399,2019년 7월 3일 16시,수요일,제주특별자치도 제주시 이도이동,경상사고,0,0,2,0,차대차 - 측면충돌,교차로운행방법위반,건조,맑음,교차로 - 교차로안,승용,여,43세,상해없음,승용,남,33세,경상
2019070300100553,2019년 7월 3일 20시,수요일,제주특별자치도 제주시 구좌읍,경상사고,0,0,2,0,차대차 - 추돌,안전운전불이행,건조,맑음,단일로 - 기타,화물,남,56세,상해없음,화물,남,45세,경상
2019070300100554,2019년 7월 3일 20시,수요일,제주특별자치도 서귀포시 법환동,중상사고,0,1,0,0,차대차 - 추돌,안전운전불이행,건조,맑음,단일로 - 기타,승용,남,46세,상해없음,이륜,남,35세,중상
2019070400100030,2019년 7월 4일 00시,목요일,제주특별자치도 제주시 건입동,경상사고,0,0,1,0,차대사람 - 차도통행중,안전운전불이행,건조,맑음,단일로 - 기타,승용,여,46세,상해없음,보행자,남,57세,경상
2019070400100080,2019년 7월 4일 06시,목요일,제주특별자치도 제주시 오라이동,경상사고,0,0,1,0,차대차 - 측면충돌,안전운전불이행,건조,맑음,단일로 - 기타,화물,남,48세,상해없음,자전거,남,44세,경상
2019070400100152,2019년 7월 4일 08시,목요일,제주특별자치도 제주시 한림읍,경상사고,0,0,1,0,차량단독 - 전도전복 - 전도,안전운전불이행,건조,맑음,단일로 - 기타,개인형이동수단(PM),남,43세,경상,,,,
2019070400100294,2019년 7월 4일 12시,목요일,제주특별자치도 제주시 조천읍,중상사고,0,1,0,0,차량단독 - 기타,안전운전불이행,건조,맑음,교차로 - 교차로안,승합,남,58세,상해없음,,,,
2019070400100440,2019년 7월 4일 16시,목요일,제주특별자치도 제주시 오라이동,경상사고,0,0,1,0,차대차 - 기타,안전운전불이행,건조,맑음,단일로 - 기타,승용,남,23세,상해없음,승용,여,41세,경상
2019070400100441,2019년 7월 4일 16시,목요일,제주특별자치도 서귀포시 서귀동,경상사고,0,0,1,0,차대차 - 추돌,안전거리미확보,건조,맑음,교차로 - 교차로부근,화물,남,58세,상해없음,승용,남,23세,경상
2019070400100489,2019년 7월 4일 17시,목요일,제주특별자치도 서귀포시 남원읍,중상사고,0,1,1,1,차대차 - 측면충돌,신호위반,건조,맑음,교차로 - 교차로안,승용,남,19세,상해없음,승용,여,45세,경상
2019070400100534,2019년 7월 4일 18시,목요일,제주특별자치도 제주시 조천읍,경상사고,0,0,1,1,차대차 - 기타,신호위반,건조,맑음,교차로 - 교차로안,화물,남,83세,경상,승용,여,48세,부상신고
2019070400100535,2019년 7월 4일 18시,목요일,제주특별자치도 제주시 용담이동,부상신고사고,0,0,0,1,차대차 - 기타,안전운전불이행,건조,맑음,단일로 - 기타,승합,남,32세,상해없음,승용,남,41세,상해없음
2019070400100565,2019년 7월 4일 19시,목요일,제주특별자치도 제주시 한경면,중상사고,0,1,0,0,차량단독 - 공작물충돌,안전운전불이행,건조,맑음,교차로 - 교차로부근,승용,남,43세,중상,,,,
2019070500100067,2019년 7월 5일 04시,금요일,제주특별자치도 제주시 용담이동,경상사고,0,0,1,0,차량단독 - 도로외이탈 - 추락,안전운전불이행,건조,맑음,교차로 - 교차로부근,화물,남,27세,경상,,,,
2019070500100112,2019년 7월 5일 07시,금요일,제주특별자치도 서귀포시 대정읍,중상사고,0,1,0,0,차대차 - 측면충돌,직진우회전진행방해,건조,맑음,교차로 - 교차로안,승용,남,24세,상해없음,승용,여,38세,중상
2019070500100361,2019년 7월 5일 14시,금요일,제주특별자치도 제주시 우도면,경상사고,0,0,1,1,차량단독 - 전도전복 - 전도,안전운전불이행,건조,흐림,단일로 - 기타,이륜,남,26세,경상,,,,
2019070500100397,2019년 7월 5일 15시,금요일,제주특별자치도 제주시 조천읍,중상사고,0,1,0,0,차대차 - 측면충돌,직진우회전진행방해,건조,맑음,교차로 - 교차로안,승용,남,35세,상해없음,이륜,여,80세,중상
2019070500100398,2019년 7월 5일 15시,금요일,제주특별자치도 제주시 구좌읍,중상사고,0,1,0,0,차대사람 - 횡단중,보행자보호의무위반,건조,맑음,교차로 - 교차로횡단보도내,화물,여,59세,상해없음,보행자,여,55세,중상
2019070500100399,2019년 7월 5일 15시,금요일,제주특별자치도 제주시 봉개동,중상사고,0,1,0,0,차대사람 - 횡단중,신호위반,건조,맑음,교차로 - 교차로횡단보도내,화물,남,46세,상해없음,보행자,남,8세,중상
2019070500100400,2019년 7월 5일 15시,금요일,제주특별자치도 제주시 삼도일동,경상사고,0,0,1,0,차대차 - 측면충돌,안전운전불이행,건조,맑음,단일로 - 기타,이륜,남,48세,경상,승용,여,37세,상해없음
2019070500100449,2019년 7월 5일 16시,금요일,제주특별자치도 제주시 노형동,경상사고,0,0,2,0,차대차 - 기타,직진우회전진행방해,건조,맑음,교차로 - 교차로안,승용,여,48세,경상,승용,여,48세,경상
2019070500100498,2019년 7월 5일 17시,금요일,제주특별자치도 제주시 삼양이동,중상사고,0,1,0,0,차대사람 - 횡단중,보행자보호의무위반,건조,맑음,교차로 - 교차로횡단보도내,승용,여,34세,상해없음,보행자,여,20세,중상
2019070500100499,2019년 7월 5일 17시,금요일,제주특별자치도 서귀포시 안덕면,경상사고,0,0,1,0,차대차 - 기타,직진우회전진행방해,건조,맑음,교차로 - 교차로안,승용,남,19세,상해없음,승용,남,30세,경상
2019070500100500,2019년 7월 5일 17시,금요일,제주특별자치도 제주시 노형동,경상사고,0,0,4,0,차대차 - 추돌,안전운전불이행,건조,맑음,교차로 - 교차로부근,승용,남,51세,상해없음,승용,남,35세,상해없음
2019070500100676,2019년 7월 5일 22시,금요일,제주특별자치도 제주시 연동,중상사고,0,1,0,0,차대사람 - 보도통행중,신호위반,건조,맑음,교차로 - 교차로안,승용,남,20세,상해없음,보행자,남,39세,중상
2019070600100064,2019년 7월 6일 01시,토요일,제주특별자치도 제주시 노형동,경상사고,0,0,1,0,차대차 - 기타,안전운전불이행,건조,맑음,교차로 - 교차로부근,승용,남,59세,상해없음,승용,여,52세,경상
2019070600100086,2019년 7월 6일 03시,토요일,제주특별자치도 서귀포시 안덕면,중상사고,0,1,0,0,차량단독 - 공작물충돌,안전운전불이행,건조,맑음,교차로 - 교차로부근,승용,남,26세,중상,,,,
2019070600100272,2019년 7월 6일 11시,토요일,제주특별자치도 제주시 노형동,경상사고,0,0,1,0,차대차 - 기타,안전운전불이행,건조,맑음,단일로 - 기타,승용,남,56세,상해없음,이륜,남,53세,경상
2019070600100329,2019년 7월 6일 12시,토요일,제주특별자치도 서귀포시 성산읍,경상사고,0,0,1,0,차대차 - 기타,안전거리미확보,건조,맑음,단일로 - 기타,이륜,여,72세,경상,승용,여,23세,상해없음
2019070600100369,2019년 7월 6일 13시,토요일,제주특별자치도 제주시 애월읍,경상사고,0,0,2,0,차대차 - 측면충돌,기타,건조,맑음,교차로 - 교차로안,이륜,남,35세,상해없음,승용,남,31세,경상
2019070600100415,2019년 7월 6일 14시,토요일,제주특별자치도 제주시 연동,경상사고,0,0,1,1,차대차 - 측면충돌,안전거리미확보,건조,맑음,교차로 - 교차로안,승용,남,68세,상해없음,승용,여,33세,경상
2019070600100452,2019년 7월 6일 15시,토요일,제주특별자치도 제주시 연동,경상사고,0,0,2,0,차대차 - 측면충돌,교차로운행방법위반,건조,맑음,교차로 - 교차로안,화물,남,48세,경상,승용,여,50세,경상
2019070600100495,2019년 7월 6일 16시,토요일,제주특별자치도 제주시 아라일동,중상사고,0,1,0,0,차대차 - 측면충돌,안전운전불이행,건조,맑음,교차로 - 교차로안,기타불명,여,31세,중상,승용,남,59세,상해없음
2019070600100496,2019년 7월 6일 16시,토요일,제주특별자치도 서귀포시 색달동,중상사고,0,1,0,0,차대차 - 기타,직진우회전진행방해,건조,맑음,교차로 - 교차로안,승용,여,28세,상해없음,화물,남,70세,상해없음
2019070600100574,2019년 7월 6일 18시,토요일,제주특별자치도 제주시 한림읍,부상신고사고,0,0,0,1,차대차 - 추돌,안전운전불이행,건조,맑음,기타 - 기타,자전거,남,14세,부상신고,기타불명,기타불명,미분류,기타불명
2019070600100631,2019년 7월 6일 20시,토요일,제주특별자치도 제주시 연동,경상사고,0,0,1,0,차대사람 - 기타,안전운전불이행,건조,맑음,단일로 - 기타,승용,여,46세,상해없음,보행자,남,25세,경상
2019070600100674,2019년 7월 6일 21시,토요일,제주특별자치도 제주시 삼도이동,경상사고,0,0,2,0,차대차 - 기타,중앙선침범,건조,맑음,단일로 - 기타,승용,남,50세,상해없음,이륜,남,23세,경상
2019070600100698,2019년 7월 6일 22시,토요일,제주특별자치도 제주시 오라이동,중상사고,0,1,2,0,차대차 - 측면충돌,교차로운행방법위반,건조,맑음,교차로 - 교차로안,승용,남,53세,상해없음,승용,남,42세,중상
2019070600100699,2019년 7월 6일 22시,토요일,제주특별자치도 제주시 일도일동,경상사고,0,0,1,0,차대차 - 기타,안전거리미확보,건조,맑음,교차로 - 교차로안,승용,남,39세,상해없음,승용,남,64세,경상
2019070600100723,2019년 7월 6일 23시,토요일,제주특별자치도 서귀포시 색달동,중상사고,0,3,6,0,차량단독 - 공작물충돌,안전운전불이행,건조,기타,교차로 - 교차로안,승합,남,20세,상해없음,,,,
2019070700100081,2019년 7월 7일 05시,일요일,제주특별자치도 제주시 이도이동,경상사고,0,0,3,0,차대차 - 추돌,안전운전불이행,건조,맑음,교차로 - 교차로부근,화물,남,34세,상해없음,화물,남,51세,경상
2019070700100114,2019년 7월 7일 08시,일요일,제주특별자치도 제주시 외도일동,경상사고,0,0,1,0,차대차 - 기타,교차로운행방법위반,건조,맑음,교차로 - 교차로안,승용,남,49세,상해없음,승용,여,49세,경상
2019070700100130,2019년 7월 7일 09시,일요일,제주특별자치도 서귀포시 상효동,중상사고,0,1,0,0,차대차 - 측면충돌,안전운전불이행,건조,맑음,교차로 - 교차로부근,화물,남,80세,상해없음,승용,여,61세,중상
2019070700100236,2019년 7월 7일 13시,일요일,제주특별자치도 제주시 이도일동,중상사고,0,1,1,0,차량단독 - 공작물충돌,안전운전불이행,건조,맑음,단일로 - 기타,승용,여,47세,상해없음,,,,
2019070700100273,2019년 7월 7일 14시,일요일,제주특별자치도 제주시 조천읍,중상사고,0,1,0,0,차대사람 - 횡단중,보행자보호의무위반,건조,맑음,교차로 - 교차로횡단보도내,승용,남,54세,상해없음,보행자,여,71세,중상
2019070700100274,2019년 7월 7일 14시,일요일,제주특별자치도 제주시 노형동,경상사고,0,0,1,0,차대사람 - 횡단중,보행자보호의무위반,건조,맑음,교차로 - 교차로횡단보도내,승용,여,40세,상해없음,보행자,남,36세,경상
2019070700100349,2019년 7월 7일 16시,일요일,제주특별자치도 서귀포시 성산읍,부상신고사고,0,0,0,1,차대차 - 추돌,안전운전불이행,건조,맑음,단일로 - 기타,이륜,남,66세,부상신고,승용,여,43세,기타불명
2019070700100383,2019년 7월 7일 17시,일요일,제주특별자치도 제주시 오라이동,경상사고,0,0,2,0,차대차 - 측면충돌,신호위반,건조,맑음,교차로 - 교차로안,승용,남,27세,상해없음,승용,남,46세,경상
2019070700100384,2019년 7월 7일 17시,일요일,제주특별자치도 제주시 오라이동,경상사고,0,0,2,1,차대차 - 추돌,안전거리미확보,건조,맑음,단일로 - 기타,이륜,남,39세,부상신고,승용,남,61세,경상
2019070700100450,2019년 7월 7일 20시,일요일,제주특별자치도 제주시 아라일동,중상사고,0,1,0,0,차대사람 - 횡단중,보행자보호의무위반,젖음/습기,흐림,교차로 - 교차로횡단보도내,승용,여,35세,상해없음,보행자,남,43세,중상
2019070700100451,2019년 7월 7일 20시,일요일,제주특별자치도 제주시 연동,부상신고사고,0,0,0,1,차대차 - 측면충돌,신호위반,건조,맑음,교차로 - 교차로안,이륜,남,24세,부상신고,승용,여,24세,상해없음
2019070800100146,2019년 7월 8일 08시,월요일,제주특별자치도 서귀포시 남원읍,경상사고,0,0,1,0,차대차 - 추돌,안전거리미확보,젖음/습기,비,단일로 - 기타,승용,남,70세,상해없음,승용,여,24세,경상
2019070800100218,2019년 7월 8일 10시,월요일,제주특별자치도 제주시 용담일동,경상사고,0,0,2,0,차대차 - 측면충돌,신호위반,건조,맑음,교차로 - 교차로안,승용,남,32세,상해없음,승용,남,55세,경상
2019070800100322,2019년 7월 8일 13시,월요일,제주특별자치도 제주시 노형동,경상사고,0,0,1,0,차대사람 - 기타,안전운전불이행,건조,맑음,단일로 - 기타,승용,남,18세,상해없음,보행자,여,37세,경상
2019070800100352,2019년 7월 8일 14시,월요일,제주특별자치도 제주시 이도이동,경상사고,0,0,2,0,차대차 - 측면충돌,안전거리미확보,건조,맑음,단일로 - 기타,승용,여,35세,기타불명,승용,여,55세,경상
2019070800100381,2019년 7월 8일 15시,월요일,제주특별자치도 제주시 노형동,중상사고,0,1,0,0,차대사람 - 차도통행중,안전운전불이행,건조,맑음,교차로 - 교차로부근,화물,남,45세,상해없음,보행자,남,58세,중상
2019070800100424,2019년 7월 8일 16시,월요일,제주특별자치도 제주시 구좌읍,경상사고,0,0,2,0,차대차 - 측면충돌,안전운전불이행,젖음/습기,흐림,교차로 - 교차로부근,승용,여,49세,상해없음,화물,남,50세,경상
2019070800100531,2019년 7월 8일 19시,월요일,제주특별자치도 제주시 일도이동,경상사고,0,0,2,0,차대차 - 기타,신호위반,건조,맑음,교차로 - 교차로안,승용,여,37세,상해없음,승용,남,28세,경상
2019070800100597,2019년 7월 8일 22시,월요일,제주특별자치도 제주시 이호이동,경상사고,0,0,2,0,차대차 - 기타,교차로운행방법위반,건조,맑음,교차로 - 교차로안,화물,남,54세,상해없음,사륜오토바이(ATV),남,73세,경상
2019070900100109,2019년 7월 9일 07시,화요일,제주특별자치도 제주시 구좌읍,경상사고,0,0,2,0,차대차 - 측면충돌,중앙선침범,건조,맑음,단일로 - 기타,사륜오토바이(ATV),여,86세,경상,승용,여,51세,경상
2019070900100233,2019년 7월 9일 10시,화요일,제주특별자치도 제주시 구좌읍,경상사고,0,0,2,1,차대차 - 정면충돌,직진우회전진행방해,건조,흐림,교차로 - 교차로안,승용,여,62세,부상신고,승용,여,52세,경상
2019070900100234,2019년 7월 9일 10시,화요일,제주특별자치도 제주시 노형동,경상사고,0,0,2,0,차대차 - 측면충돌,안전거리미확보,건조,맑음,단일로 - 기타,화물,남,64세,상해없음,승용,남,79세,경상
2019070900100271,2019년 7월 9일 11시,화요일,제주특별자치도 제주시 용담이동,경상사고,0,0,3,0,차대차 - 추돌,안전거리미확보,건조,맑음,단일로 - 기타,승용,여,25세,상해없음,승합,남,38세,상해없음
2019070900100328,2019년 7월 9일 13시,화요일,제주특별자치도 서귀포시 서귀동,경상사고,0,0,1,0,차대차 - 기타,안전거리미확보,건조,맑음,교차로 - 교차로안,승용,남,73세,상해없음,승용,여,39세,경상
2019070900100357,2019년 7월 9일 14시,화요일,제주특별자치도 제주시 노형동,경상사고,0,0,2,0,차대차 - 추돌,안전운전불이행,건조,맑음,단일로 - 기타,승용,남,49세,상해없음,승용,여,30세,경상
2019070900100389,2019년 7월 9일 15시,화요일,제주특별자치도 제주시 애월읍,경상사고,0,0,1,0,차대사람 - 횡단중,보행자보호의무위반,건조,흐림,단일로 - 기타,승용,여,22세,상해없음,보행자,남,13세,경상
2019070900100426,2019년 7월 9일 16시,화요일,제주특별자치도 제주시 이도이동,경상사고,0,0,3,0,차대차 - 추돌,안전거리미확보,건조,맑음,단일로 - 기타,승용,여,64세,상해없음,승용,여,36세,경상
2019070900100508,2019년 7월 9일 18시,화요일,제주특별자치도 제주시 삼도이동,경상사고,0,0,1,0,차량단독 - 기타,안전운전불이행,건조,맑음,단일로 - 기타,승용,남,55세,상해없음,,,,
2019070900100509,2019년 7월 9일 18시,화요일,제주특별자치도 제주시 연동,경상사고,0,0,1,0,차대사람 - 기타,안전운전불이행,젖음/습기,비,교차로 - 교차로안,승용,남,42세,상해없음,보행자,남,62세,경상
2019071000100195,2019년 7월 10일 10시,수요일,제주특별자치도 서귀포시 성산읍,경상사고,0,0,1,0,차대차 - 기타,신호위반,건조,맑음,교차로 - 교차로안,승용,남,34세,상해없음,승용,남,50세,경상
2019071000100196,2019년 7월 10일 10시,수요일,제주특별자치도 제주시 노형동,경상사고,0,0,1,0,차대사람 - 기타,안전운전불이행,건조,맑음,주차장 - 주차장,승용,여,47세,상해없음,보행자,남,47세,경상
2019071000100222,2019년 7월 10일 11시,수요일,제주특별자치도 제주시 삼도이동,경상사고,0,0,1,0,차대사람 - 횡단중,안전운전불이행,젖음/습기,비,교차로 - 교차로안,승용,여,66세,상해없음,보행자,여,78세,경상
2019071000100253,2019년 7월 10일 12시,수요일,제주특별자치도 서귀포시 남원읍,중상사고,0,2,1,0,차대차 - 기타,안전거리미확보,젖음/습기,비,단일로 - 기타,승용,남,37세,중상,승용,남,59세,경상
2019071000100254,2019년 7월 10일 12시,수요일,제주특별자치도 서귀포시 남원읍,경상사고,0,0,2,0,차대차 - 측면충돌,직진우회전진행방해,젖음/습기,비,교차로 - 교차로안,화물,남,73세,상해없음,승용,남,29세,경상
2019071000100316,2019년 7월 10일 14시,수요일,제주특별자치도 제주시 한경면,부상신고사고,0,0,0,1,차량단독 - 기타,안전운전불이행,건조,맑음,단일로 - 기타,이륜,남,35세,부상신고,,,,
2019071000100344,2019년 7월 10일 15시,수요일,제주특별자치도 제주시 이도이동,경상사고,0,0,1,0,차대차 - 측면충돌,직진우회전진행방해,건조,맑음,교차로 - 교차로안,승용,여,48세,상해없음,화물,남,29세,경상
2019071000100345,2019년 7월 10일 15시,수요일,제주특별자치도 서귀포시 동홍동,경상사고,0,0,1,0,차대차 - 기타,직진우회전진행방해,젖음/습기,비,교차로 - 교차로안,승용,남,69세,상해없음,승용,여,37세,경상
2019071000100346,2019년 7월 10일 15시,수요일,제주특별자치도 제주시 용담이동,경상사고,0,0,1,0,차대사람 - 횡단중,안전운전불이행,젖음/습기,비,단일로 - 기타,승용,남,63세,상해없음,보행자,여,12세,경상
2019071000100347,2019년 7월 10일 15시,수요일,제주특별자치도 제주시 한림읍,경상사고,0,0,6,0,차대차 - 추돌,안전운전불이행,건조,맑음,교차로 - 교차로부근,승용,여,51세,상해없음,승용,남,41세,경상
2019071000100378,2019년 7월 10일 16시,수요일,제주특별자치도 제주시 화북일동,부상신고사고,0,0,0,1,차대차 - 기타,안전운전불이행,젖음/습기,비,교차로 - 교차로부근,자전거,남,16세,부상신고,화물,남,47세,상해없음
2019071000100427,2019년 7월 10일 17시,수요일,제주특별자치도 제주시 도남동,경상사고,0,0,1,0,차대사람 - 기타,안전운전불이행,젖음/습기,비,단일로 - 기타,승용,여,21세,상해없음,보행자,남,36세,경상
2019071000100428,2019년 7월 10일 17시,수요일,제주특별자치도 서귀포시 남원읍,경상사고,0,0,1,0,차대차 - 정면충돌,중앙선침범,젖음/습기,비,단일로 - 기타,화물,남,44세,상해없음,승용,남,51세,경상
2019071000100483,2019년 7월 10일 18시,수요일,제주특별자치도 제주시 아라일동,경상사고,0,0,3,0,차대차 - 추돌,안전운전불이행,젖음/습기,비,단일로 - 기타,승용,여,47세,상해없음,승용,여,23세,경상
2019071000100484,2019년 7월 10일 18시,수요일,제주특별자치도 제주시 연동,경상사고,0,0,1,0,차대차 - 기타,교차로운행방법위반,젖음/습기,비,교차로 - 교차로안,승용,여,41세,상해없음,이륜,남,19세,경상
2019071000100636,2019년 7월 10일 21시,수요일,제주특별자치도 서귀포시 서귀동,중상사고,0,1,0,0,차대차 - 기타,안전운전불이행,젖음/습기,맑음,교차로 - 교차로안,승용,남,30세,상해없음,이륜,남,45세,중상
2019071000100684,2019년 7월 10일 22시,수요일,제주특별자치도 제주시 도남동,중상사고,0,1,0,0,차대차 - 측면충돌,중앙선침범,젖음/습기,비,단일로 - 기타,승용,남,65세,상해없음,이륜,남,26세,중상
2019071000100725,2019년 7월 10일 23시,수요일,제주특별자치도 서귀포시 영남동,중상사고,0,1,1,0,차대차 - 정면충돌,중앙선침범,젖음/습기,비,단일로 - 기타,승용,남,65세,경상,승용,남,39세,중상
2019071100100049,2019년 7월 11일 01시,목요일,제주특별자치도 서귀포시 표선면,경상사고,0,0,2,0,차대차 - 기타,신호위반,건조,맑음,교차로 - 교차로안,승용,남,25세,상해없음,승용,남,71세,상해없음
2019071100100121,2019년 7월 11일 07시,목요일,제주특별자치도 제주시 일도이동,부상신고사고,0,0,0,1,차대차 - 기타,안전운전불이행,건조,맑음,교차로 - 교차로부근,자전거,남,50세,부상신고,승용,남,59세,상해없음
2019071100100165,2019년 7월 11일 08시,목요일,제주특별자치도 서귀포시 강정동,중상사고,0,1,0,0,차대차 - 기타,안전운전불이행,건조,맑음,교차로 - 교차로안,이륜,여,77세,중상,승합,남,39세,상해없음
2019071100100198,2019년 7월 11일 09시,목요일,제주특별자치도 제주시 아라일동,경상사고,0,0,1,0,차대차 - 기타,안전운전불이행,건조,맑음,교차로 - 교차로부근,승용,남,31세,상해없음,승합,남,56세,상해없음
2019071100100199,2019년 7월 11일 09시,목요일,제주특별자치도 제주시 봉개동,경상사고,0,0,2,0,차대차 - 기타,안전운전불이행,건조,맑음,단일로 - 기타,승용,남,20세,상해없음,화물,남,38세,경상
2019071100100284,2019년 7월 11일 12시,목요일,제주특별자치도 서귀포시 동홍동,중상사고,0,1,2,0,차대차 - 기타,직진우회전진행방해,건조,맑음,교차로 - 교차로안,승합,여,58세,경상,승용,남,67세,중상
2019071100100308,2019년 7월 11일 13시,목요일,제주특별자치도 서귀포시 서홍동,부상신고사고,0,0,0,1,차대차 - 측면충돌,안전운전불이행,건조,맑음,교차로 - 교차로안,이륜,남,29세,부상신고,승용,남,35세,상해없음
2019071100100338,2019년 7월 11일 14시,목요일,제주특별자치도 제주시 한림읍,경상사고,0,0,1,0,차량단독 - 기타,안전운전불이행,건조,맑음,단일로 - 기타,이륜,남,30세,경상,,,,
2019071100100339,2019년 7월 11일 14시,목요일,제주특별자치도 제주시 한림읍,중상사고,0,3,0,0,차량단독 - 공작물충돌,안전운전불이행,건조,맑음,단일로 - 기타,승용,남,54세,중상,,,,
2019071100100412,2019년 7월 11일 16시,목요일,제주특별자치도 제주시 이도이동,경상사고,0,0,1,0,차대차 - 추돌,안전거리미확보,건조,맑음,단일로 - 기타,승용,남,33세,상해없음,화물,여,34세,경상
2019071100100413,2019년 7월 11일 16시,목요일,제주특별자치도 서귀포시 서홍동,부상신고사고,0,0,0,1,차대차 - 추돌,안전운전불이행,건조,맑음,단일로 - 기타,승용,남,37세,부상신고,승용,남,54세,기타불명
2019071100100461,2019년 7월 11일 17시,목요일,제주특별자치도 서귀포시 대포동,중상사고,0,1,0,0,차량단독 - 공작물충돌,안전운전불이행,건조,맑음,단일로 - 기타,화물,남,30세,중상,,,,
2019071100100496,2019년 7월 11일 18시,목요일,제주특별자치도 제주시 오등동,경상사고,0,0,1,0,차대차 - 측면충돌,신호위반,건조,맑음,교차로 - 교차로안,승용,여,52세,상해없음,승용,남,23세,경상
2019071100100534,2019년 7월 11일 19시,목요일,제주특별자치도 서귀포시 안덕면,경상사고,0,0,1,0,차량단독 - 공작물충돌,안전운전불이행,건조,맑음,교차로 - 교차로부근,승용,남,75세,경상,,,,
2019071100100592,2019년 7월 11일 21시,목요일,제주특별자치도 제주시 노형동,경상사고,0,0,1,1,차대차 - 기타,안전운전불이행,건조,기타,교차로 - 교차로안,승용,남,24세,부상신고,승용,여,49세,경상
2019071100100633,2019년 7월 11일 23시,목요일,제주특별자치도 제주시 노형동,중상사고,0,1,0,0,차대사람 - 차도통행중,안전운전불이행,건조,맑음,교차로 - 교차로안,승용,남,40세,상해없음,보행자,남,54세,중상
2019071200100067,2019년 7월 12일 04시,금요일,제주특별자치도 제주시 애월읍,중상사고,0,1,0,0,차량단독 - 기타,안전운전불이행,건조,맑음,단일로 - 기타,이륜,남,57세,중상,,,,
2019071200100077,2019년 7월 12일 05시,금요일,제주특별자치도 제주시 연동,경상사고,0,0,1,0,차대사람 - 횡단중,보행자보호의무위반,건조,맑음,교차로 - 교차로안,승용,여,39세,상해없음,보행자,여,76세,경상
2019071200100113,2019년 7월 12일 07시,금요일,제주특별자치도 제주시 노형동,경상사고,0,0,1,0,차대차 - 기타,안전운전불이행,건조,맑음,단일로 - 기타,화물,남,71세,상해없음,승용,남,26세,경상
2019071200100201,2019년 7월 12일 09시,금요일,제주특별자치도 제주시 용담일동,중상사고,0,1,1,0,차대차 - 측면충돌,교차로운행방법위반,건조,맑음,교차로 - 교차로안,승용,여,50세,경상,승용,남,26세,상해없음
2019071200100202,2019년 7월 12일 09시,금요일,제주특별자치도 제주시 이도이동,중상사고,0,1,0,0,차대사람 - 횡단중,신호위반,건조,맑음,교차로 - 교차로횡단보도내,승용,여,58세,상해없음,보행자,여,27세,중상
2019071200100203,2019년 7월 12일 09시,금요일,제주특별자치도 제주시 애월읍,중상사고,0,1,0,0,차대사람 - 기타,보행자보호의무위반,건조,맑음,교차로 - 교차로안,승용,남,78세,상해없음,보행자,여,71세,중상
2019071200100204,2019년 7월 12일 09시,금요일,제주특별자치도 제주시 해안동,중상사고,0,1,1,1,차대차 - 기타,안전운전불이행,건조,맑음,단일로 - 기타,승용,남,23세,상해없음,승합,남,50세,경상
2019071200100238,2019년 7월 12일 10시,금요일,제주특별자치도 제주시 용담일동,부상신고사고,0,0,0,1,차대차 - 측면충돌,안전운전불이행,건조,맑음,교차로 - 교차로안,승용,남,85세,상해없음,이륜,남,26세,부상신고
2019071200100414,2019년 7월 12일 15시,금요일,제주특별자치도 제주시 일도이동,경상사고,0,0,1,0,차대차 - 추돌,안전거리미확보,건조,맑음,단일로 - 기타,승용,남,63세,상해없음,승용,남,60세,경상
2019071200100450,2019년 7월 12일 16시,금요일,제주특별자치도 제주시 한경면,부상신고사고,0,0,0,1,차량단독 - 공작물충돌,안전운전불이행,건조,맑음,단일로 - 기타,승용,남,20세,상해없음,,,,
2019071200100568,2019년 7월 12일 18시,금요일,제주특별자치도 제주시 이도이동,경상사고,0,0,1,0,차대사람 - 횡단중,보행자보호의무위반,건조,맑음,단일로 - 기타,승용,여,56세,상해없음,보행자,남,7세,경상
2019071200100644,2019년 7월 12일 20시,금요일,제주특별자치도 제주시 노형동,경상사고,0,0,1,0,차대사람 - 횡단중,보행자보호의무위반,젖음/습기,비,단일로 - 기타,승용,남,44세,상해없음,보행자,남,43세,경상
2019071300100111,2019년 7월 13일 07시,토요일,제주특별자치도 서귀포시 서귀동,중상사고,0,1,1,0,차대차 - 측면충돌,교차로운행방법위반,젖음/습기,비,교차로 - 교차로안,승용,남,37세,경상,승용,남,62세,상해없음
2019071300100257,2019년 7월 13일 12시,토요일,제주특별자치도 제주시 조천읍,경상사고,0,0,1,0,차대차 - 기타,안전운전불이행,건조,맑음,단일로 - 기타,승용,여,27세,상해없음,승용,여,42세,기타불명
2019071300100258,2019년 7월 13일 12시,토요일,제주특별자치도 제주시 애월읍,경상사고,0,0,1,0,차대차 - 추돌,안전운전불이행,젖음/습기,비,단일로 - 기타,화물,남,65세,경상,농기계,남,74세,기타불명
2019071300100291,2019년 7월 13일 13시,토요일,제주특별자치도 서귀포시 동홍동,부상신고사고,0,0,0,1,차대차 - 기타,기타,건조,맑음,교차로 - 교차로안,이륜,남,22세,부상신고,승용,남,74세,상해없음