사고번호,사고일시,요일,시군구,사고내용,사망자수,중상자수,경상자수,부상신고자수,사고유형,법규위반,노면상태,기상상태,도로형태,가해운전자 차종,가해운전자 성별,가해운전자 연령,가해운전자 상해정도,피해운전자 차종,피해운전자 성별,피해운전자 연령,피해운전자 상해정도
2019072400100347,2019년 7월 24일 14시,수요일,제주특별자치도 제주시 구좌읍,경상사고,0,0,1,0,차대차 - 기타,교차로운행방법위반,건조,맑음,교차로 - 교차로안,화물,남,78세,상해없음,승용,남,62세,경상
2019072400100348,2019년 7월 24일 14시,수요일,제주특별자치도 서귀포시 성산읍,경상사고,0,0,3,0,차대차 - 측면충돌,중앙선침범,건조,맑음,단일로 - 기타,승합,남,54세,상해없음,승용,여,25세,경상
2019072400100349,2019년 7월 24일 14시,수요일,제주특별자치도 제주시 해안동,경상사고,0,0,5,0,차대차 - 기타,안전거리미확보,건조,맑음,단일로 - 기타,승용,여,21세,상해없음,승용,남,46세,경상
2019072400100394,2019년 7월 24일 15시,수요일,제주특별자치도 서귀포시 강정동,경상사고,0,0,3,0,차대차 - 추돌,안전거리미확보,건조,맑음,단일로 - 기타,승용,남,62세,경상,화물,남,59세,경상
2019072400100441,2019년 7월 24일 16시,수요일,제주특별자치도 제주시 오라일동,경상사고,0,0,1,0,차대차 - 기타,신호위반,건조,맑음,교차로 - 교차로안,승합,남,28세,상해없음,승용,여,35세,경상
2019072400100442,2019년 7월 24일 16시,수요일,제주특별자치도 서귀포시 강정동,경상사고,0,0,2,0,차대차 - 추돌,안전거리미확보,건조,맑음,단일로 - 기타,승용,남,69세,경상,화물,남,56세,경상
2019072400100491,2019년 7월 24일 17시,수요일,제주특별자치도 제주시 연동,경상사고,0,0,1,0,차대차 - 정면충돌,신호위반,젖음/습기,비,교차로 - 교차로부근,이륜,남,26세,경상,승용,여,37세,상해없음
2019072400100492,2019년 7월 24일 17시,수요일,제주특별자치도 제주시 노형동,부상신고사고,0,0,0,1,차대차 - 측면충돌,안전운전불이행,건조,맑음,단일로 - 기타,승용,여,56세,상해없음,화물,남,42세,부상신고
2019072400100544,2019년 7월 24일 18시,수요일,제주특별자치도 제주시 오라일동,경상사고,0,0,2,0,차대차 - 기타,안전거리미확보,건조,맑음,단일로 - 기타,승용,여,32세,경상,승용,남,50세,경상
2019072400100545,2019년 7월 24일 18시,수요일,제주특별자치도 서귀포시 서홍동,경상사고,0,0,1,0,차대사람 - 차도통행중,교차로운행방법위반,건조,맑음,교차로 - 교차로안,승용,여,47세,상해없음,보행자,여,9세,경상
2019072400100581,2019년 7월 24일 19시,수요일,제주특별자치도 제주시 연동,경상사고,0,0,1,0,차대차 - 기타,안전운전불이행,건조,맑음,단일로 - 기타,승용,여,32세,상해없음,이륜,남,54세,경상
2019072500100076,2019년 7월 25일 05시,목요일,제주특별자치도 제주시 한림읍,경상사고,0,0,2,0,차대차 - 기타,신호위반,건조,맑음,교차로 - 교차로안,승용,남,66세,상해없음,승용,남,46세,경상
2019072500100090,2019년 7월 25일 06시,목요일,제주특별자치도 제주시 도남동,중상사고,0,1,0,0,차대차 - 추돌,안전운전불이행,건조,맑음,단일로 - 기타,화물,남,64세,상해없음,승용,여,53세,중상
2019072500100091,2019년 7월 25일 06시,목요일,제주특별자치도 서귀포시 신효동,경상사고,0,0,1,0,차대차 - 추돌,안전거리미확보,젖음/습기,비,단일로 - 기타,승용,여,62세,상해없음,승용,남,69세,경상
2019072500100143,2019년 7월 25일 08시,목요일,제주특별자치도 서귀포시 도순동,부상신고사고,0,0,0,1,차대사람 - 기타,안전운전불이행,건조,맑음,단일로 - 기타,승용,여,67세,상해없음,보행자,여,28세,부상신고
2019072500100144,2019년 7월 25일 08시,목요일,제주특별자치도 제주시 노형동,경상사고,0,0,1,0,차대차 - 측면충돌,안전거리미확보,건조,맑음,교차로 - 교차로부근,승용,여,57세,상해없음,승용,여,42세,경상
2019072500100207,2019년 7월 25일 10시,목요일,제주특별자치도 제주시 애월읍,경상사고,0,0,1,0,차대차 - 기타,직진우회전진행방해,건조,맑음,교차로 - 교차로안,화물,남,71세,상해없음,화물,남,37세,경상
2019072500100244,2019년 7월 25일 11시,목요일,제주특별자치도 제주시 삼도일동,중상사고,0,1,0,0,차대차 - 측면충돌,교차로운행방법위반,건조,맑음,교차로 - 교차로안,승용,여,28세,상해없음,이륜,남,21세,중상
2019072500100245,2019년 7월 25일 11시,목요일,제주특별자치도 제주시 조천읍,경상사고,0,0,1,0,차대차 - 측면충돌,안전거리미확보,건조,맑음,단일로 - 기타,승용,남,50세,경상,화물,남,32세,상해없음
2019072500100246,2019년 7월 25일 11시,목요일,제주특별자치도 서귀포시 동홍동,부상신고사고,0,0,0,1,차대차 - 측면충돌,안전운전불이행,젖음/습기,비,교차로 - 교차로안,원동기,남,76세,부상신고,승용,여,45세,상해없음
2019072500100271,2019년 7월 25일 12시,목요일,제주특별자치도 서귀포시 도순동,경상사고,0,0,1,0,차대차 - 기타,차로위반,건조,맑음,기타 - 기타,승용,남,26세,상해없음,승용,남,35세,경상
2019072500100309,2019년 7월 25일 13시,목요일,제주특별자치도 서귀포시 동홍동,경상사고,0,0,1,0,차대차 - 기타,안전거리미확보,건조,맑음,단일로 - 기타,화물,남,75세,상해없음,승용,남,54세,경상
2019072500100345,2019년 7월 25일 14시,목요일,제주특별자치도 제주시 화북이동,중상사고,0,1,0,0,차대사람 - 횡단중,보행자보호의무위반,건조,맑음,교차로 - 교차로횡단보도내,승용,남,75세,상해없음,보행자,여,6세,중상
2019072500100377,2019년 7월 25일 15시,목요일,제주특별자치도 제주시 일도일동,경상사고,0,0,1,0,차대사람 - 기타,보행자보호의무위반,건조,맑음,교차로 - 교차로부근,승용,남,57세,상해없음,보행자,남,9세,경상
2019072500100401,2019년 7월 25일 16시,목요일,제주특별자치도 서귀포시 하효동,경상사고,0,0,2,0,차대차 - 측면충돌,교차로운행방법위반,건조,맑음,교차로 - 교차로횡단보도내,승용,여,82세,상해없음,이륜,남,22세,경상
2019072500100440,2019년 7월 25일 17시,목요일,제주특별자치도 제주시 조천읍,경상사고,0,0,1,0,차대차 - 추돌,안전거리미확보,건조,맑음,단일로 - 기타,승용,남,81세,상해없음,승용,남,33세,경상
2019072500100493,2019년 7월 25일 18시,목요일,제주특별자치도 서귀포시 중문동,경상사고,0,0,1,0,차대차 - 기타,신호위반,젖음/습기,흐림,단일로 - 기타,승용,남,27세,상해없음,승합,남,43세,경상
2019072500100528,2019년 7월 25일 19시,목요일,제주특별자치도 제주시 외도일동,경상사고,0,0,1,0,차대사람 - 기타,안전운전불이행,건조,맑음,단일로 - 기타,승용,여,51세,상해없음,보행자,남,58세,경상
2019072500100561,2019년 7월 25일 20시,목요일,제주특별자치도 제주시 이도일동,경상사고,0,0,1,0,차대차 - 측면충돌,안전운전불이행,건조,맑음,단일로 - 기타,승합,여,46세,상해없음,승용,남,44세,경상
2019072500100608,2019년 7월 25일 22시,목요일,제주특별자치도 제주시 이도이동,경상사고,0,0,1,0,차대차 - 추돌,안전운전불이행,건조,맑음,교차로 - 교차로횡단보도내,승용,남,36세,상해없음,승용,여,41세,경상
2019072600100037,2019년 7월 26일 00시,금요일,제주특별자치도 제주시 연동,경상사고,0,0,1,0,차대차 - 기타,교차로운행방법위반,건조,맑음,교차로 - 교차로안,승용,남,51세,상해없음,승용,남,53세,상해없음
2019072600100106,2019년 7월 26일 07시,금요일,제주특별자치도 제주시 회천동,부상신고사고,0,0,0,1,차량단독 - 공작물충돌,안전운전불이행,건조,맑음,단일로 - 기타,승용,남,39세,부상신고,,,,
2019072600100133,2019년 7월 26일 08시,금요일,제주특별자치도 서귀포시 성산읍,부상신고사고,0,0,0,1,차대사람 - 기타,안전운전불이행,기타,기타,기타 - 기타,기타불명,기타불명,미분류,기타불명,보행자,남,71세,부상신고
2019072600100163,2019년 7월 26일 09시,금요일,제주특별자치도 제주시 조천읍,부상신고사고,0,0,0,1,차대차 - 기타,기타,건조,맑음,단일로 - 기타,승합,남,26세,부상신고,농기계,남,51세,상해없음
2019072600100164,2019년 7월 26일 09시,금요일,제주특별자치도 제주시 용담이동,경상사고,0,0,1,0,차대차 - 기타,안전운전불이행,건조,맑음,단일로 - 기타,화물,남,30세,상해없음,승용,남,47세,경상
2019072600100190,2019년 7월 26일 10시,금요일,제주특별자치도 제주시 이도일동,중상사고,0,1,0,0,차대사람 - 횡단중,안전운전불이행,건조,맑음,기타 - 기타,승용,여,48세,상해없음,보행자,여,71세,중상
2019072600100318,2019년 7월 26일 14시,금요일,제주특별자치도 제주시 한림읍,부상신고사고,0,0,0,1,차대차 - 기타,중앙선침범,건조,맑음,단일로 - 기타,농기계,여,70세,부상신고,승용,남,29세,상해없음
2019072600100363,2019년 7월 26일 15시,금요일,제주특별자치도 서귀포시 성산읍,경상사고,0,0,4,0,차대차 - 추돌,과속,건조,맑음,교차로 - 교차로안,승용,남,22세,상해없음,화물,남,28세,경상
2019072600100434,2019년 7월 26일 17시,금요일,제주특별자치도 서귀포시 강정동,사망사고,1,0,0,0,차량단독 - 공작물충돌,안전운전불이행,건조,맑음,단일로 - 기타,승용,남,80세,사망,,,,
2019072600100476,2019년 7월 26일 18시,금요일,제주특별자치도 제주시 오라이동,경상사고,0,0,4,0,차대차 - 기타,안전운전불이행,건조,맑음,단일로 - 기타,승용,여,24세,상해없음,승용,남,34세,경상
2019072600100477,2019년 7월 26일 18시,금요일,제주특별자치도 제주시 도남동,경상사고,0,0,1,0,차대차 - 측면충돌,교차로운행방법위반,건조,맑음,교차로 - 교차로안,승용,남,53세,상해없음,승용,남,28세,경상
2019072600100478,2019년 7월 26일 18시,금요일,제주특별자치도 제주시 노형동,경상사고,0,0,1,0,차대사람 - 차도통행중,안전운전불이행,건조,맑음,단일로 - 기타,승용,남,26세,상해없음,보행자,남,11세,경상
2019072600100551,2019년 7월 26일 20시,금요일,제주특별자치도 제주시 연동,부상신고사고,0,0,0,1,차대차 - 기타,기타,젖음/습기,맑음,단일로 - 기타,승용,남,61세,상해없음,이륜,남,48세,부상신고
2019072600100552,2019년 7월 26일 20시,금요일,제주특별자치도 제주시 애월읍,경상사고,0,0,4,0,차대차 - 추돌,안전운전불이행,건조,맑음,교차로 - 교차로부근,승용,남,25세,상해없음,승용,남,36세,경상
2019072700100042,2019년 7월 27일 00시,토요일,제주특별자치도 제주시 오라일동,경상사고,0,0,3,0,차대차 - 측면충돌,안전운전불이행,건조,맑음,교차로 - 교차로부근,승용,남,44세,경상,승용,여,58세,경상
2019072700100153,2019년 7월 27일 07시,토요일,제주특별자치도 서귀포시 남원읍,중상사고,0,1,0,0,차량단독 - 기타,안전운전불이행,젖음/습기,비,단일로 - 기타,승용,여,50세,중상,,,,
2019072700100202,2019년 7월 27일 09시,토요일,제주특별자치도 제주시 노형동,중상사고,0,1,0,0,차대차 - 기타,신호위반,건조,맑음,단일로 - 기타,승용,남,50세,상해없음,이륜,남,23세,중상
2019072700100301,2019년 7월 27일 12시,토요일,제주특별자치도 제주시 구좌읍,경상사고,0,0,1,0,차량단독 - 전도전복 - 전도,안전운전불이행,건조,맑음,단일로 - 기타,이륜,여,84세,경상,,,,
2019072700100302,2019년 7월 27일 12시,토요일,제주특별자치도 제주시 노형동,부상신고사고,0,0,0,3,차대차 - 측면충돌,교차로운행방법위반,건조,맑음,교차로 - 교차로안,승용,여,67세,부상신고,승용,여,34세,부상신고
2019072700100340,2019년 7월 27일 13시,토요일,제주특별자치도 제주시 도남동,경상사고,0,0,1,0,차대차 - 추돌,안전운전불이행,건조,맑음,교차로 - 교차로부근,승용,여,51세,상해없음,승용,남,42세,경상
2019072700100370,2019년 7월 27일 14시,토요일,제주특별자치도 서귀포시 남원읍,경상사고,0,0,1,0,차대차 - 기타,안전운전불이행,젖음/습기,안개,교차로 - 교차로안,기타불명,기타불명,미분류,기타불명,승용,남,26세,경상
2019072700100371,2019년 7월 27일 14시,토요일,제주특별자치도 제주시 노형동,중상사고,0,1,0,0,차대차 - 측면충돌,직진우회전진행방해,건조,맑음,교차로 - 교차로안,화물,남,59세,상해없음,자전거,남,50세,중상
2019072700100399,2019년 7월 27일 15시,토요일,제주특별자치도 제주시 이도이동,경상사고,0,0,1,0,차대사람 - 횡단중,안전운전불이행,젖음/습기,비,단일로 - 기타,승용,남,51세,상해없음,보행자,남,30세,경상
2019072700100506,2019년 7월 27일 18시,토요일,제주특별자치도 제주시 노형동,중상사고,0,1,0,0,차대사람 - 횡단중,보행자보호의무위반,건조,맑음,교차로 - 교차로안,화물,남,21세,상해없음,보행자,남,22세,중상
2019072700100537,2019년 7월 27일 19시,토요일,제주특별자치도 제주시 연동,경상사고,0,0,1,0,차대차 - 기타,안전거리미확보,건조,맑음,교차로 - 교차로부근,승용,남,50세,경상,승용,여,58세,상해없음
2019072700100575,2019년 7월 27일 20시,토요일,제주특별자치도 서귀포시 표선면,중상사고,0,1,0,0,차량단독 - 기타,안전운전불이행,건조,맑음,단일로 - 기타,승용,여,67세,상해없음,,,,
2019072700100576,2019년 7월 27일 20시,토요일,제주특별자치도 제주시 내도동,부상신고사고,0,0,0,5,차대차 - 측면충돌,안전거리미확보,건조,맑음,단일로 - 기타,승용,여,49세,상해없음,승용,남,27세,부상신고
2019072800100148,2019년 7월 28일 11시,일요일,제주특별자치도 제주시 화북일동,중상사고,0,1,0,0,차대사람 - 기타,기타,건조,맑음,단일로 - 기타,화물,여,48세,상해없음,보행자,여,83세,중상
2019072800100219,2019년 7월 28일 14시,일요일,제주특별자치도 제주시 이도이동,경상사고,0,0,1,0,차대사람 - 횡단중,신호위반,건조,맑음,단일로 - 기타,이륜,남,23세,상해없음,보행자,여,54세,경상
2019072800100248,2019년 7월 28일 15시,일요일,제주특별자치도 서귀포시 상효동,중상사고,0,1,0,0,차대사람 - 기타,안전운전불이행,건조,맑음,단일로 - 기타,승합,남,50세,상해없음,보행자,남,42세,중상
2019072800100322,2019년 7월 28일 18시,일요일,제주특별자치도 제주시 오라일동,경상사고,0,0,2,0,차대차 - 측면충돌,안전거리미확보,건조,맑음,단일로 - 기타,승용,남,64세,상해없음,승용,남,44세,경상
2019072800100323,2019년 7월 28일 18시,일요일,제주특별자치도 제주시 도남동,경상사고,0,0,1,0,차대차 - 측면충돌,안전운전불이행,건조,맑음,단일로 - 기타,승용,여,39세,상해없음,승용,남,64세,경상
2019072800100324,2019년 7월 28일 18시,일요일,제주특별자치도 제주시 노형동,부상신고사고,0,0,0,1,차대사람 - 기타,안전운전불이행,건조,맑음,단일로 - 기타,승용,남,65세,상해없음,보행자,여,30세,부상신고
2019072800100353,2019년 7월 28일 19시,일요일,제주특별자치도 제주시 애월읍,중상사고,0,1,0,0,차대사람 - 기타,안전운전불이행,건조,맑음,단일로 - 기타,승용,여,47세,상해없음,보행자,남,47세,중상
2019072800100354,2019년 7월 28일 19시,일요일,제주특별자치도 제주시 노형동,부상신고사고,0,0,0,2,차대차 - 기타,안전거리미확보,건조,맑음,단일로 - 기타,승용,남,61세,상해없음,승용,여,22세,부상신고
2019072800100380,2019년 7월 28일 20시,일요일,제주특별자치도 제주시 아라일동,경상사고,0,0,1,0,차대차 - 추돌,차로위반,건조,맑음,단일로 - 기타,승용,여,34세,상해없음,승용,여,34세,경상
2019072800100381,2019년 7월 28일 20시,일요일,제주특별자치도 제주시 삼도일동,부상신고사고,0,0,0,1,차대차 - 측면충돌,차로위반,건조,맑음,교차로 - 교차로부근,승용,남,44세,상해없음,승용,남,42세,부상신고
2019072900100059,2019년 7월 29일 04시,월요일,제주특별자치도 제주시 일도이동,경상사고,0,0,1,0,차대사람 - 기타,안전운전불이행,건조,맑음,단일로 - 기타,승용,남,69세,상해없음,보행자,남,24세,경상
2019072900100093,2019년 7월 29일 07시,월요일,제주특별자치도 제주시 조천읍,중상사고,0,1,1,0,차대차 - 추돌,안전거리미확보,건조,맑음,단일로 - 기타,승용,남,47세,중상,건설기계,남,57세,상해없음
2019072900100094,2019년 7월 29일 07시,월요일,제주특별자치도 제주시 한림읍,경상사고,0,0,1,0,차대차 - 기타,교차로운행방법위반,건조,맑음,교차로 - 교차로안,승용,여,41세,경상,화물,남,27세,상해없음
2019072900100123,2019년 7월 29일 08시,월요일,제주특별자치도 제주시 이도이동,중상사고,0,1,0,0,차대사람 - 기타,기타,건조,맑음,단일로 - 기타,화물,남,52세,상해없음,보행자,여,71세,중상
2019072900100124,2019년 7월 29일 08시,월요일,제주특별자치도 제주시 아라일동,경상사고,0,0,2,0,차대차 - 추돌,신호위반,건조,맑음,단일로 - 기타,승합,남,61세,경상,승용,여,48세,경상
2019072900100195,2019년 7월 29일 10시,월요일,제주특별자치도 제주시 노형동,경상사고,0,0,1,0,차대차 - 기타,교차로운행방법위반,건조,맑음,교차로 - 교차로횡단보도내,승용,여,35세,상해없음,자전거,남,23세,경상
2019072900100196,2019년 7월 29일 10시,월요일,제주특별자치도 제주시 용담이동,경상사고,0,0,1,0,차대차 - 측면충돌,안전거리미확보,건조,맑음,단일로 - 기타,승용,여,22세,상해없음,승용,남,31세,경상
2019072900100338,2019년 7월 29일 14시,월요일,제주특별자치도 제주시 일도이동,경상사고,0,0,1,0,차대사람 - 횡단중,보행자보호의무위반,건조,맑음,단일로 - 기타,승용,여,31세,상해없음,보행자,남,7세,경상
2019072900100339,2019년 7월 29일 14시,월요일,제주특별자치도 제주시 노형동,중상사고,0,1,3,0,차대차 - 추돌,안전거리미확보,건조,맑음,단일로 - 기타,화물,남,50세,상해없음,승용,여,24세,중상
2019072900100437,2019년 7월 29일 16시,월요일,제주특별자치도 제주시 구좌읍,경상사고,0,0,1,0,차량단독 - 공작물충돌,안전운전불이행,건조,맑음,단일로 - 기타,승용,남,53세,경상,,,,
2019072900100482,2019년 7월 29일 17시,월요일,제주특별자치도 제주시 일도이동,중상사고,0,1,0,0,차대차 - 정면충돌,신호위반,건조,맑음,교차로 - 교차로안,승용,여,19세,상해없음,이륜,남,37세,중상
2019072900100533,2019년 7월 29일 18시,월요일,제주특별자치도 제주시 오라이동,경상사고,0,0,2,0,차대차 - 추돌,안전거리미확보,건조,맑음,단일로 - 기타,승용,여,36세,상해없음,승용,여,51세,경상
2019072900100534,2019년 7월 29일 18시,월요일,제주특별자치도 제주시 애월읍,경상사고,0,0,3,0,차대차 - 측면충돌,교차로운행방법위반,건조,맑음,교차로 - 교차로안,승합,남,35세,상해없음,승용,여,36세,경상
2019072900100535,2019년 7월 29일 18시,월요일,제주특별자치도 제주시 용담이동,부상신고사고,0,0,0,1,차대사람 - 기타,기타,건조,맑음,단일로 - 기타,승용,남,64세,상해없음,보행자,남,30세,부상신고
2019072900100577,2019년 7월 29일 19시,월요일,제주특별자치도 서귀포시 표선면,경상사고,0,0,1,0,차대차 - 측면충돌,신호위반,건조,맑음,교차로 - 교차로안,승용,여,34세,상해없음,승용,여,37세,경상
2019072900100578,2019년 7월 29일 19시,월요일,제주특별자치도 제주시 연동,경상사고,0,0,1,0,차대차 - 기타,안전운전불이행,건조,맑음,교차로 - 교차로안,자전거,남,26세,경상,승용,남,46세,상해없음
2019072900100635,2019년 7월 29일 21시,월요일,제주특별자치도 서귀포시 중문동,중상사고,0,1,0,0,차량단독 - 기타,안전운전불이행,건조,맑음,교차로 - 교차로부근,이륜,남,42세,중상,,,,
2019072900100636,2019년 7월 29일 21시,월요일,제주특별자치도 제주시 연동,중상사고,0,1,0,1,차대사람 - 횡단중,안전운전불이행,건조,맑음,단일로 - 기타,이륜,남,67세,중상,보행자,남,54세,부상신고
2019072900100658,2019년 7월 29일 22시,월요일,제주특별자치도 제주시 용담삼동,경상사고,0,0,1,0,차대차 - 측면충돌,중앙선침범,건조,맑음,단일로 - 기타,승용,여,62세,상해없음,이륜,남,17세,경상
2019073000100079,2019년 7월 30일 06시,화요일,제주특별자치도 서귀포시 성산읍,부상신고사고,0,0,0,1,차량단독 - 공작물충돌,안전운전불이행,젖음/습기,흐림,단일로 - 기타,승용,여,43세,부상신고,,,,
2019073000100103,2019년 7월 30일 07시,화요일,제주특별자치도 제주시 용담이동,중상사고,0,1,0,0,차대차 - 측면충돌,직진우회전진행방해,건조,맑음,교차로 - 교차로안,승용,남,31세,상해없음,승용,여,35세,중상
2019073000100130,2019년 7월 30일 08시,화요일,제주특별자치도 제주시 노형동,경상사고,0,0,1,0,차대차 - 기타,안전운전불이행,건조,맑음,교차로 - 교차로부근,화물,남,44세,상해없음,승용,남,65세,경상
2019073000100228,2019년 7월 30일 11시,화요일,제주특별자치도 제주시 삼도일동,경상사고,0,0,1,0,차대차 - 기타,안전운전불이행,건조,맑음,단일로 - 기타,승합,남,58세,상해없음,이륜,남,22세,경상
2019073000100272,2019년 7월 30일 12시,화요일,제주특별자치도 제주시 일도이동,부상신고사고,0,0,0,1,차대차 - 기타,안전운전불이행,건조,맑음,단일로 - 기타,승용,여,68세,상해없음,승용,남,42세,부상신고
2019073000100362,2019년 7월 30일 14시,화요일,제주특별자치도 제주시 연동,경상사고,0,0,1,0,차대차 - 기타,안전운전불이행,건조,맑음,주차장 - 주차장,승용,여,62세,상해없음,승용,남,30세,경상
2019073000100402,2019년 7월 30일 15시,화요일,제주특별자치도 제주시 도련일동,부상신고사고,0,0,0,1,차량단독 - 전도전복 - 전도,안전운전불이행,건조,맑음,단일로 - 기타,이륜,남,20세,부상신고,,,,
2019073000100403,2019년 7월 30일 15시,화요일,제주특별자치도 제주시 애월읍,경상사고,0,0,1,0,차대차 - 추돌,안전운전불이행,건조,맑음,단일로 - 기타,화물,남,53세,상해없음,화물,남,26세,경상
2019073000100446,2019년 7월 30일 16시,화요일,제주특별자치도 제주시 이도이동,경상사고,0,0,1,0,차대차 - 기타,교차로운행방법위반,건조,맑음,교차로 - 교차로안,자전거,여,12세,경상,승용,남,48세,상해없음
2019073000100447,2019년 7월 30일 16시,화요일,제주특별자치도 서귀포시 성산읍,경상사고,0,0,3,0,차대차 - 측면충돌,중앙선침범,건조,맑음,단일로 - 기타,승용,여,49세,상해없음,승합,남,53세,경상
2019073000100575,2019년 7월 30일 19시,화요일,제주특별자치도 제주시 일도일동,부상신고사고,0,0,0,1,차대차 - 측면충돌,안전운전불이행,건조,맑음,단일로 - 기타,자전거,남,65세,부상신고,승용,남,67세,상해없음
2019073000100676,2019년 7월 30일 23시,화요일,제주특별자치도 서귀포시 법환동,부상신고사고,0,0,0,1,차대사람 - 기타,안전운전불이행,건조,맑음,기타 - 기타,승용,여,21세,상해없음,보행자,남,40세,부상신고
2019073100100053,2019년 7월 31일 02시,수요일,제주특별자치도 제주시 화북일동,중상사고,0,1,2,0,차대차 - 추돌,안전운전불이행,건조,맑음,교차로 - 교차로부근,승용,남,65세,상해없음,승용,남,65세,중상
2019073100100132,2019년 7월 31일 08시,수요일,제주특별자치도 제주시 화북이동,경상사고,0,0,1,0,차대차 - 측면충돌,교차로운행방법위반,건조,맑음,교차로 - 교차로안,승용,여,58세,상해없음,승용,남,29세,경상
2019073100100133,2019년 7월 31일 08시,수요일,제주특별자치도 제주시 일도이동,경상사고,0,0,1,0,차대차 - 기타,안전운전불이행,건조,맑음,단일로 - 기타,화물,남,41세,상해없음,승용,여,26세,경상
2019073100100134,2019년 7월 31일 08시,수요일,제주특별자치도 서귀포시 성산읍,부상신고사고,0,0,0,1,차대차 - 측면충돌,기타,건조,맑음,교차로 - 교차로부근,이륜,여,18세,부상신고,이륜,남,29세,기타불명
2019073100100167,2019년 7월 31일 09시,수요일,제주특별자치도 서귀포시 색달동,중상사고,0,1,0,0,차량단독 - 기타,안전운전불이행,건조,맑음,단일로 - 기타,자전거,남,67세,중상,,,,
2019073100100202,2019년 7월 31일 10시,수요일,제주특별자치도 제주시 조천읍,중상사고,0,1,0,0,차대사람 - 횡단중,보행자보호의무위반,건조,맑음,교차로 - 교차로횡단보도내,승용,남,66세,상해없음,보행자,여,59세,중상
2019073100100203,2019년 7월 31일 10시,수요일,제주특별자치도 제주시 도남동,중상사고,0,1,0,0,차대사람 - 횡단중,안전운전불이행,건조,맑음,단일로 - 기타,승용,남,69세,상해없음,보행자,여,74세,중상
2019073100100204,2019년 7월 31일 10시,수요일,제주특별자치도 서귀포시 안덕면,경상사고,0,0,1,0,차대차 - 후진중충돌,안전운전불이행,건조,맑음,주차장 - 주차장,승용,여,57세,상해없음,승용,남,61세,상해없음
2019073100100315,2019년 7월 31일 13시,수요일,제주특별자치도 제주시 삼도일동,경상사고,0,0,1,0,차대차 - 추돌,안전거리미확보,건조,맑음,단일로 - 기타,승용,남,69세,상해없음,승합,남,39세,경상
2019073100100504,2019년 7월 31일 18시,수요일,제주특별자치도 제주시 도평동,경상사고,0,0,1,0,차대차 - 추돌,안전거리미확보,건조,맑음,단일로 - 기타,승용,남,52세,상해없음,승합,여,60세,경상
2019073100100578,2019년 7월 31일 20시,수요일,제주특별자치도 제주시 용담이동,경상사고,0,0,1,0,차대사람 - 기타,안전운전불이행,건조,맑음,교차로 - 교차로부근,승용,남,24세,상해없음,보행자,남,77세,경상
2019080100100151,2019년 8월 1일 08시,목요일,제주특별자치도 제주시 노형동,경상사고,0,0,1,0,차대차 - 추돌,안전거리미확보,건조,맑음,교차로 - 교차로부근,화물,남,49세,상해없음,승용,남,32세,경상
2019080100100183,2019년 8월 1일 09시,목요일,제주특별자치도 제주시 구좌읍,경상사고,0,0,1,0,차대차 - 측면충돌,중앙선침범,건조,맑음,교차로 - 교차로안,농기계,남,83세,경상,승용,여,44세,상해없음
2019080100100184,2019년 8월 1일 09시,목요일,제주특별자치도 제주시 노형동,부상신고사고,0,0,0,1,차대차 - 기타,직진우회전진행방해,건조,맑음,교차로 - 교차로안,이륜,남,63세,부상신고,승용,남,47세,상해없음
2019080100100216,2019년 8월 1일 10시,목요일,제주특별자치도 제주시 오라일동,부상신고사고,0,0,0,1,차대차 - 측면충돌,중앙선침범,건조,맑음,단일로 - 기타,승용,여,60세,기타불명,승용,여,35세,부상신고
2019080100100217,2019년 8월 1일 10시,목요일,제주특별자치도 서귀포시 서홍동,중상사고,0,1,0,0,차대사람 - 횡단중,보행자보호의무위반,건조,맑음,교차로 - 교차로횡단보도내,승용,남,71세,상해없음,보행자,여,76세,중상
2019080100100256,2019년 8월 1일 11시,목요일,제주특별자치도 서귀포시 남원읍,경상사고,0,0,1,0,차대차 - 정면충돌,중앙선침범,건조,맑음,단일로 - 기타,승용,여,51세,상해없음,화물,남,50세,경상
2019080100100292,2019년 8월 1일 12시,목요일,제주특별자치도 제주시 구좌읍,경상사고,0,0,1,0,차대차 - 기타,안전거리미확보,건조,맑음,단일로 - 기타,원동기,남,69세,경상,화물,남,21세,상해없음
2019080100100293,2019년 8월 1일 12시,목요일,제주특별자치도 제주시 우도면,경상사고,0,0,1,0,차대사람 - 기타,안전운전불이행,건조,맑음,단일로 - 기타,승용,남,61세,상해없음,보행자,남,7세,경상
2019080100100294,2019년 8월 1일 12시,목요일,제주특별자치도 서귀포시 동홍동,경상사고,0,0,1,0,차대차 - 기타,안전운전불이행,건조,맑음,교차로 - 교차로부근,승용,여,57세,상해없음,승용,남,34세,경상
2019080100100295,2019년 8월 1일 12시,목요일,제주특별자치도 서귀포시 대정읍,경상사고,0,0,4,0,차대차 - 추돌,안전운전불이행,건조,맑음,단일로 - 기타,이륜,남,54세,상해없음,승용,남,45세,경상
2019080100100296,2019년 8월 1일 12시,목요일,제주특별자치도 서귀포시 강정동,경상사고,0,0,1,0,차대차 - 측면충돌,신호위반,건조,맑음,교차로 - 교차로안,승용,여,56세,상해없음,승용,남,37세,경상