사고번호,사고일시,요일,시군구,사고내용,사망자수,중상자수,경상자수,부상신고자수,사고유형,법규위반,노면상태,기상상태,도로형태,가해운전자 차종,가해운전자 성별,가해운전자 연령,가해운전자 상해정도,피해운전자 차종,피해운전자 성별,피해운전자 연령,피해운전자 상해정도
2019080100100335,2019년 8월 1일 13시,목요일,제주특별자치도 제주시 조천읍,경상사고,0,0,2,1,차대차 - 측면충돌,기타,건조,맑음,교차로 - 교차로안,승용,여,40세,경상,화물,남,30세,부상신고
2019080100100483,2019년 8월 1일 17시,목요일,제주특별자치도 서귀포시 표선면,경상사고,0,0,1,0,차대차 - 추돌,안전운전불이행,건조,맑음,단일로 - 기타,이륜,여,73세,경상,승용,여,54세,상해없음
2019080100100484,2019년 8월 1일 17시,목요일,제주특별자치도 서귀포시 상예동,경상사고,0,0,1,0,차대차 - 기타,안전운전불이행,건조,맑음,단일로 - 기타,자전거,남,62세,경상,화물,여,74세,기타불명
2019080200100426,2019년 8월 2일 16시,금요일,제주특별자치도 제주시 화북이동,중상사고,0,3,0,0,차대차 - 추돌,안전거리미확보,건조,맑음,교차로 - 교차로부근,승용,여,63세,상해없음,승용,남,34세,중상
2019080200100483,2019년 8월 2일 17시,금요일,제주특별자치도 서귀포시 성산읍,부상신고사고,0,0,0,1,차대차 - 후진중충돌,안전운전불이행,건조,맑음,단일로 - 기타,승용,남,43세,상해없음,이륜,여,67세,부상신고
2019080200100484,2019년 8월 2일 17시,금요일,제주특별자치도 제주시 애월읍,경상사고,0,0,1,0,차대차 - 추돌,안전거리미확보,건조,맑음,단일로 - 기타,화물,남,51세,상해없음,승용,여,28세,경상
2019080200100485,2019년 8월 2일 17시,금요일,제주특별자치도 제주시 애월읍,경상사고,0,0,2,0,차대차 - 추돌,안전운전불이행,건조,맑음,단일로 - 기타,승용,남,28세,상해없음,승용,여,46세,경상
2019080200100541,2019년 8월 2일 18시,금요일,제주특별자치도 제주시 도남동,경상사고,0,0,1,0,차대차 - 측면충돌,교차로운행방법위반,건조,맑음,교차로 - 교차로안,승용,여,30세,상해없음,자전거,남,43세,경상
2019080200100542,2019년 8월 2일 18시,금요일,제주특별자치도 제주시 도남동,부상신고사고,0,0,0,1,차량단독 - 기타,안전운전불이행,젖음/습기,맑음,교차로 - 교차로부근,이륜,남,47세,부상신고,,,,
2019080200100543,2019년 8월 2일 18시,금요일,제주특별자치도 서귀포시 대정읍,경상사고,0,0,1,0,차량단독 - 공작물충돌,안전운전불이행,건조,맑음,단일로 - 기타,농기계,남,47세,경상,,,,
2019080200100580,2019년 8월 2일 19시,금요일,제주특별자치도 서귀포시 서귀동,경상사고,0,0,2,0,차대차 - 측면충돌,안전운전불이행,건조,맑음,교차로 - 교차로안,승용,여,44세,상해없음,승용,남,27세,경상
2019080200100617,2019년 8월 2일 20시,금요일,제주특별자치도 제주시 노형동,경상사고,0,0,1,0,차대사람 - 기타,안전운전불이행,건조,맑음,기타 - 기타,원동기,남,19세,상해없음,보행자,여,9세,경상
2019080200100647,2019년 8월 2일 21시,금요일,제주특별자치도 제주시 용담이동,경상사고,0,0,4,0,차대차 - 측면충돌,안전거리미확보,건조,맑음,교차로 - 교차로부근,승용,남,60세,상해없음,승용,남,35세,경상
2019080300100082,2019년 8월 3일 05시,토요일,제주특별자치도 서귀포시 안덕면,중상사고,0,2,1,0,차대차 - 기타,신호위반,건조,맑음,교차로 - 교차로안,화물,남,61세,중상,승용,남,62세,경상
2019080300100116,2019년 8월 3일 08시,토요일,제주특별자치도 제주시 구좌읍,경상사고,0,0,1,0,차량단독 - 도로외이탈 - 기타,안전운전불이행,건조,맑음,단일로 - 기타,사륜오토바이(ATV),여,68세,경상,,,,
2019080300100139,2019년 8월 3일 09시,토요일,제주특별자치도 제주시 일도이동,경상사고,0,0,2,0,차대차 - 측면충돌,안전운전불이행,건조,맑음,단일로 - 기타,승용,남,51세,상해없음,승용,남,58세,경상
2019080300100140,2019년 8월 3일 09시,토요일,제주특별자치도 제주시 애월읍,경상사고,0,0,1,0,차대차 - 기타,안전거리미확보,건조,맑음,단일로 - 기타,화물,남,54세,상해없음,승합,남,38세,경상
2019080300100205,2019년 8월 3일 11시,토요일,제주특별자치도 제주시 용담일동,중상사고,0,1,0,0,차대차 - 기타,안전거리미확보,건조,맑음,단일로 - 기타,승용,남,49세,기타불명,승합,남,47세,상해없음
2019080300100244,2019년 8월 3일 12시,토요일,제주특별자치도 제주시 한림읍,경상사고,0,0,2,0,차대차 - 측면충돌,기타,건조,맑음,교차로 - 교차로안,승용,여,47세,경상,화물,남,28세,경상
2019080300100309,2019년 8월 3일 14시,토요일,제주특별자치도 제주시 연동,경상사고,0,0,5,0,차대차 - 기타,직진우회전진행방해,건조,맑음,교차로 - 교차로안,승용,남,31세,경상,승용,남,47세,경상
2019080300100341,2019년 8월 3일 15시,토요일,제주특별자치도 제주시 노형동,부상신고사고,0,0,0,1,차량단독 - 기타,안전운전불이행,건조,맑음,단일로 - 기타,자전거,남,12세,부상신고,,,,
2019080300100375,2019년 8월 3일 16시,토요일,제주특별자치도 서귀포시 하예동,경상사고,0,0,5,0,차대차 - 측면충돌,안전운전불이행,건조,맑음,단일로 - 기타,농기계,남,78세,경상,승용,남,34세,경상
2019080300100438,2019년 8월 3일 18시,토요일,제주특별자치도 제주시 애월읍,경상사고,0,0,2,0,차대차 - 측면충돌,직진우회전진행방해,건조,맑음,교차로 - 교차로안,승용,여,25세,상해없음,승용,남,62세,경상
2019080300100488,2019년 8월 3일 20시,토요일,제주특별자치도 서귀포시 표선면,중상사고,0,1,0,0,차대차 - 추돌,안전운전불이행,건조,맑음,단일로 - 기타,승용,남,49세,상해없음,승용,남,51세,중상
2019080300100515,2019년 8월 3일 21시,토요일,제주특별자치도 제주시 해안동,경상사고,0,0,1,0,차대차 - 기타,차로위반,건조,맑음,단일로 - 기타,승용,여,44세,상해없음,승용,여,35세,경상
2019080300100543,2019년 8월 3일 22시,토요일,제주특별자치도 제주시 이도이동,경상사고,0,0,1,0,차대차 - 추돌,안전거리미확보,건조,맑음,교차로 - 교차로부근,승용,여,59세,상해없음,승용,여,55세,경상
2019080400100050,2019년 8월 4일 01시,일요일,제주특별자치도 서귀포시 강정동,중상사고,0,4,0,0,차대차 - 측면충돌,직진우회전진행방해,건조,맑음,교차로 - 교차로안,승용,남,34세,중상,승용,남,24세,중상
2019080400100104,2019년 8월 4일 06시,일요일,제주특별자치도 제주시 애월읍,경상사고,0,0,1,0,차대차 - 기타,안전운전불이행,건조,맑음,단일로 - 기타,승용,남,23세,상해없음,화물,남,36세,경상
2019080400100116,2019년 8월 4일 07시,일요일,제주특별자치도 제주시 애월읍,경상사고,0,0,1,0,차대차 - 추돌,안전운전불이행,건조,맑음,단일로 - 기타,승용,남,52세,상해없음,승용,남,56세,경상
2019080400100378,2019년 8월 4일 17시,일요일,제주특별자치도 서귀포시 대정읍,중상사고,0,1,0,0,차대차 - 측면충돌,직진우회전진행방해,건조,맑음,교차로 - 교차로안,화물,남,35세,상해없음,승용,여,75세,중상
2019080400100490,2019년 8월 4일 21시,일요일,제주특별자치도 서귀포시 서홍동,경상사고,0,0,1,0,차대사람 - 기타,안전운전불이행,건조,맑음,단일로 - 기타,화물,남,60세,상해없음,보행자,남,60세,경상
2019080500100092,2019년 8월 5일 07시,월요일,제주특별자치도 서귀포시 도순동,경상사고,0,0,1,0,차대차 - 기타,신호위반,건조,맑음,교차로 - 교차로안,이륜,남,68세,상해없음,승용,남,33세,경상
2019080500100199,2019년 8월 5일 10시,월요일,제주특별자치도 제주시 삼양일동,부상신고사고,0,0,0,1,차량단독 - 기타,안전운전불이행,건조,맑음,교차로 - 교차로안,이륜,여,22세,부상신고,,,,
2019080500100293,2019년 8월 5일 12시,월요일,제주특별자치도 제주시 연동,경상사고,0,0,1,1,차대차 - 기타,직진우회전진행방해,건조,맑음,교차로 - 교차로안,승용,여,39세,부상신고,승용,여,42세,경상
2019080500100331,2019년 8월 5일 13시,월요일,제주특별자치도 제주시 애월읍,경상사고,0,0,1,0,차대차 - 후진중충돌,안전운전불이행,건조,맑음,단일로 - 기타,승용,남,39세,상해없음,승용,남,46세,경상
2019080500100332,2019년 8월 5일 13시,월요일,제주특별자치도 제주시 한림읍,경상사고,0,0,2,0,차대차 - 측면충돌,안전운전불이행,건조,맑음,단일로 - 기타,화물,남,69세,상해없음,승용,여,24세,경상
2019080500100411,2019년 8월 5일 15시,월요일,제주특별자치도 제주시 삼도이동,사망사고,1,0,0,0,차대사람 - 횡단중,보행자보호의무위반,건조,맑음,단일로 - 기타,승용,여,47세,상해없음,보행자,여,73세,사망
2019080500100412,2019년 8월 5일 15시,월요일,제주특별자치도 서귀포시 동홍동,부상신고사고,0,0,0,1,차대차 - 기타,안전운전불이행,건조,맑음,단일로 - 기타,승용,남,76세,부상신고,승합,남,31세,기타불명
2019080500100496,2019년 8월 5일 17시,월요일,제주특별자치도 제주시 용담일동,경상사고,0,0,1,0,차대사람 - 횡단중,보행자보호의무위반,건조,맑음,교차로 - 교차로횡단보도내,승용,여,34세,상해없음,보행자,여,20세,경상
2019080500100497,2019년 8월 5일 17시,월요일,제주특별자치도 제주시 애월읍,중상사고,0,1,0,0,차대차 - 측면충돌,기타,건조,맑음,단일로 - 기타,승용,여,57세,상해없음,자전거,남,25세,중상
2019080500100655,2019년 8월 5일 22시,월요일,제주특별자치도 제주시 화북일동,부상신고사고,0,0,0,1,차대차 - 추돌,안전거리미확보,건조,맑음,교차로 - 교차로안,이륜,남,19세,부상신고,승용,남,50세,상해없음
2019080500100671,2019년 8월 5일 23시,월요일,제주특별자치도 제주시 삼양이동,중상사고,0,1,0,0,차대차 - 정면충돌,신호위반,건조,맑음,교차로 - 교차로안,이륜,남,26세,중상,승용,여,52세,상해없음
2019080600100036,2019년 8월 6일 00시,화요일,제주특별자치도 서귀포시 서홍동,중상사고,0,1,0,0,차량단독 - 공작물충돌,안전운전불이행,건조,기타,단일로 - 기타,이륜,남,33세,중상,,,,
2019080600100047,2019년 8월 6일 01시,화요일,제주특별자치도 서귀포시 하원동,경상사고,0,0,1,0,차량단독 - 기타,안전운전불이행,건조,맑음,단일로 - 기타,승용,남,29세,경상,,,,
2019080600100069,2019년 8월 6일 04시,화요일,제주특별자치도 제주시 연동,경상사고,0,0,2,0,차대차 - 측면충돌,교차로운행방법위반,건조,맑음,교차로 - 교차로안,승용,여,53세,경상,승용,남,54세,경상
2019080600100105,2019년 8월 6일 07시,화요일,제주특별자치도 제주시 연동,경상사고,0,0,1,0,차대차 - 측면충돌,신호위반,건조,맑음,교차로 - 교차로안,화물,남,56세,상해없음,화물,남,50세,경상
2019080600100126,2019년 8월 6일 08시,화요일,제주특별자치도 제주시 해안동,중상사고,0,1,1,0,차대차 - 기타,직진우회전진행방해,건조,맑음,교차로 - 교차로안,승용,여,48세,경상,승용,남,34세,중상
2019080600100127,2019년 8월 6일 08시,화요일,제주특별자치도 제주시 연동,경상사고,0,0,1,0,차대차 - 측면충돌,안전운전불이행,건조,맑음,교차로 - 교차로안,승용,남,27세,상해없음,승용,여,54세,경상
2019080600100128,2019년 8월 6일 08시,화요일,제주특별자치도 제주시 용담이동,경상사고,0,0,1,10,차대차 - 측면충돌,안전거리미확보,건조,맑음,교차로 - 교차로부근,승합,남,25세,상해없음,승합,남,58세,부상신고
2019080600100159,2019년 8월 6일 09시,화요일,제주특별자치도 제주시 이도일동,중상사고,0,2,0,0,차대차 - 측면충돌,직진우회전진행방해,건조,맑음,교차로 - 교차로안,승용,남,48세,상해없음,승용,남,53세,중상
2019080600100160,2019년 8월 6일 09시,화요일,제주특별자치도 제주시 해안동,경상사고,0,0,2,0,차대차 - 기타,안전운전불이행,건조,맑음,교차로 - 교차로횡단보도내,승용,남,63세,상해없음,화물,남,58세,경상
2019080600100205,2019년 8월 6일 10시,화요일,제주특별자치도 제주시 이도이동,경상사고,0,0,1,0,차대사람 - 기타,안전운전불이행,건조,맑음,단일로 - 기타,승용,남,45세,상해없음,보행자,남,6세,경상
2019080600100206,2019년 8월 6일 10시,화요일,제주특별자치도 제주시 이도일동,경상사고,0,0,1,0,차대차 - 기타,교차로운행방법위반,건조,맑음,교차로 - 교차로안,승용,남,46세,상해없음,승용,남,42세,경상
2019080600100377,2019년 8월 6일 15시,화요일,제주특별자치도 제주시 이도이동,경상사고,0,0,1,0,차대차 - 정면충돌,안전운전불이행,건조,맑음,단일로 - 기타,승용,남,56세,경상,승용,남,46세,상해없음
2019080600100428,2019년 8월 6일 16시,화요일,제주특별자치도 서귀포시 서귀동,중상사고,0,1,0,0,차대사람 - 차도통행중,안전운전불이행,건조,맑음,단일로 - 기타,승용,여,62세,상해없음,보행자,여,77세,중상
2019080600100466,2019년 8월 6일 17시,화요일,제주특별자치도 제주시 이도이동,경상사고,0,0,2,0,차대차 - 측면충돌,안전운전불이행,건조,맑음,기타 - 기타,승용,여,46세,상해없음,특수,남,36세,경상
2019080700100097,2019년 8월 7일 06시,수요일,제주특별자치도 제주시 노형동,경상사고,0,0,1,0,차대차 - 측면충돌,안전거리미확보,건조,맑음,단일로 - 기타,승용,남,34세,상해없음,승용,남,35세,경상
2019080700100138,2019년 8월 7일 08시,수요일,제주특별자치도 제주시 도련일동,경상사고,0,0,1,0,차대차 - 기타,안전운전불이행,건조,맑음,단일로 - 기타,이륜,남,76세,경상,승용,여,54세,상해없음
2019080700100139,2019년 8월 7일 08시,수요일,제주특별자치도 제주시 삼도일동,경상사고,0,0,2,0,차대차 - 측면충돌,안전거리미확보,건조,맑음,단일로 - 기타,승용,여,65세,기타불명,승용,남,30세,경상
2019080700100175,2019년 8월 7일 09시,수요일,제주특별자치도 서귀포시 성산읍,경상사고,0,0,5,0,차대차 - 기타,중앙선침범,건조,맑음,단일로 - 기타,이륜,남,65세,기타불명,승용,남,33세,경상
2019080700100176,2019년 8월 7일 09시,수요일,제주특별자치도 제주시 오라삼동,경상사고,0,0,1,0,차대차 - 측면충돌,안전운전불이행,건조,맑음,단일로 - 기타,화물,남,48세,상해없음,승용,여,42세,경상
2019080700100320,2019년 8월 7일 13시,수요일,제주특별자치도 제주시 용담일동,경상사고,0,0,1,0,차대사람 - 횡단중,보행자보호의무위반,건조,맑음,교차로 - 교차로횡단보도내,승용,남,39세,상해없음,보행자,남,67세,경상
2019080700100321,2019년 8월 7일 13시,수요일,제주특별자치도 서귀포시 동홍동,경상사고,0,0,6,0,차대차 - 정면충돌,중앙선침범,건조,맑음,단일로 - 기타,승합,남,24세,상해없음,승용,여,51세,경상
2019080700100362,2019년 8월 7일 14시,수요일,제주특별자치도 제주시 노형동,경상사고,0,0,1,0,차대차 - 측면충돌,안전운전불이행,건조,맑음,교차로 - 교차로부근,자전거,남,10세,경상,승용,여,52세,상해없음
2019080700100434,2019년 8월 7일 16시,수요일,제주특별자치도 제주시 조천읍,경상사고,0,0,2,0,차대차 - 기타,안전거리미확보,건조,맑음,단일로 - 기타,건설기계,남,36세,상해없음,승용,여,41세,경상
2019080700100435,2019년 8월 7일 16시,수요일,제주특별자치도 서귀포시 남원읍,경상사고,0,0,1,0,차대차 - 기타,교차로운행방법위반,건조,맑음,교차로 - 교차로안,승용,여,24세,상해없음,화물,남,47세,상해없음
2019080700100479,2019년 8월 7일 17시,수요일,제주특별자치도 제주시 애월읍,경상사고,0,0,4,0,차대차 - 기타,안전운전불이행,건조,맑음,교차로 - 교차로부근,승용,남,38세,상해없음,승용,남,47세,경상
2019080700100527,2019년 8월 7일 18시,수요일,제주특별자치도 제주시 이도이동,경상사고,0,0,2,0,차대차 - 측면충돌,교차로운행방법위반,건조,맑음,교차로 - 교차로안,승용,여,37세,상해없음,승용,여,25세,경상
2019080700100528,2019년 8월 7일 18시,수요일,제주특별자치도 제주시 노형동,경상사고,0,0,1,0,차대차 - 추돌,과속,건조,맑음,단일로 - 지하차도(도로)내,승용,여,25세,상해없음,승용,여,36세,경상
2019080700100625,2019년 8월 7일 21시,수요일,제주특별자치도 제주시 한림읍,중상사고,0,1,0,0,차대차 - 기타,안전운전불이행,건조,흐림,교차로 - 교차로안,승용,남,32세,상해없음,자전거,여,76세,중상
2019080800100025,2019년 8월 8일 00시,목요일,제주특별자치도 제주시 삼양일동,부상신고사고,0,0,0,1,차대차 - 측면충돌,안전운전불이행,건조,맑음,단일로 - 기타,승용,여,26세,부상신고,화물,남,57세,기타불명
2019080800100169,2019년 8월 8일 09시,목요일,제주특별자치도 제주시 연동,경상사고,0,0,1,0,차대차 - 추돌,안전운전불이행,건조,맑음,교차로 - 교차로부근,승용,여,28세,상해없음,승용,남,39세,경상
2019080800100170,2019년 8월 8일 09시,목요일,제주특별자치도 제주시 용담이동,중상사고,0,1,0,0,차대차 - 추돌,안전거리미확보,건조,맑음,단일로 - 기타,승용,남,28세,상해없음,승용,남,51세,중상
2019080800100253,2019년 8월 8일 11시,목요일,제주특별자치도 제주시 애월읍,경상사고,0,0,1,0,차대차 - 기타,안전운전불이행,건조,맑음,교차로 - 교차로안,승용,여,38세,상해없음,승용,남,80세,경상
2019080800100287,2019년 8월 8일 12시,목요일,제주특별자치도 제주시 봉개동,경상사고,0,0,1,0,차대차 - 측면충돌,안전운전불이행,건조,맑음,단일로 - 기타,승용,여,63세,상해없음,승용,여,67세,경상
2019080800100288,2019년 8월 8일 12시,목요일,제주특별자치도 제주시 일도이동,경상사고,0,0,1,0,차대차 - 측면충돌,교차로운행방법위반,건조,맑음,교차로 - 교차로안,승용,남,66세,상해없음,이륜,남,38세,경상
2019080800100289,2019년 8월 8일 12시,목요일,제주특별자치도 제주시 애월읍,중상사고,0,1,0,0,차량단독 - 공작물충돌,안전운전불이행,건조,맑음,단일로 - 기타,화물,남,78세,중상,,,,
2019080800100290,2019년 8월 8일 12시,목요일,제주특별자치도 제주시 연동,부상신고사고,0,0,0,1,차대차 - 측면충돌,안전거리미확보,건조,맑음,교차로 - 교차로안,승용,남,62세,부상신고,승용,여,37세,상해없음
2019080800100317,2019년 8월 8일 13시,목요일,제주특별자치도 서귀포시 성산읍,경상사고,0,0,3,0,차대차 - 측면충돌,직진우회전진행방해,건조,맑음,교차로 - 교차로안,승용,여,25세,상해없음,승합,남,37세,경상
2019080800100379,2019년 8월 8일 15시,목요일,제주특별자치도 서귀포시 안덕면,부상신고사고,0,0,0,2,차대차 - 기타,기타,건조,맑음,단일로 - 기타,화물,남,39세,상해없음,승용,남,31세,부상신고
2019080800100418,2019년 8월 8일 16시,목요일,제주특별자치도 서귀포시 남원읍,경상사고,0,0,3,0,차대차 - 추돌,안전거리미확보,건조,맑음,교차로 - 교차로부근,화물,남,37세,상해없음,승용,여,42세,경상
2019080800100472,2019년 8월 8일 17시,목요일,제주특별자치도 서귀포시 동홍동,중상사고,0,1,4,0,차대차 - 추돌,안전운전불이행,건조,맑음,단일로 - 기타,승용,남,69세,상해없음,승용,여,32세,경상
2019080800100473,2019년 8월 8일 17시,목요일,제주특별자치도 서귀포시 성산읍,부상신고사고,0,0,0,1,차량단독 - 기타,안전운전불이행,건조,맑음,단일로 - 기타,승합,남,41세,상해없음,,,,
2019080800100474,2019년 8월 8일 17시,목요일,제주특별자치도 서귀포시 대정읍,경상사고,0,0,1,0,차대차 - 측면충돌,교차로운행방법위반,건조,맑음,교차로 - 교차로안,승용,남,69세,상해없음,화물,남,22세,경상
2019080800100511,2019년 8월 8일 18시,목요일,제주특별자치도 제주시 애월읍,경상사고,0,0,1,0,차대사람 - 횡단중,보행자보호의무위반,건조,맑음,교차로 - 교차로횡단보도내,승용,남,50세,상해없음,보행자,남,25세,경상
2019080800100512,2019년 8월 8일 18시,목요일,제주특별자치도 제주시 애월읍,경상사고,0,0,1,1,차대차 - 측면충돌,안전거리미확보,건조,맑음,단일로 - 기타,승용,남,56세,경상,승용,여,54세,부상신고
2019080800100604,2019년 8월 8일 21시,목요일,제주특별자치도 제주시 노형동,부상신고사고,0,0,0,1,차대차 - 측면충돌,신호위반,건조,맑음,교차로 - 교차로안,이륜,남,38세,부상신고,승용,여,29세,상해없음
2019080800100620,2019년 8월 8일 22시,목요일,제주특별자치도 제주시 건입동,경상사고,0,0,1,0,차대차 - 기타,직진우회전진행방해,건조,맑음,교차로 - 교차로안,이륜,남,72세,경상,승용,남,35세,상해없음
2019080900100093,2019년 8월 9일 05시,금요일,제주특별자치도 제주시 한림읍,중상사고,0,2,0,0,차대차 - 측면충돌,신호위반,건조,맑음,교차로 - 교차로안,화물,남,57세,중상,화물,남,50세,중상
2019080900100196,2019년 8월 9일 09시,금요일,제주특별자치도 서귀포시 남원읍,중상사고,0,1,0,0,차대차 - 기타,중앙선침범,건조,맑음,단일로 - 기타,승용,남,23세,상해없음,승합,남,30세,중상
2019080900100260,2019년 8월 9일 11시,금요일,제주특별자치도 제주시 연동,경상사고,0,0,2,0,차대차 - 측면충돌,안전운전불이행,건조,맑음,단일로 - 기타,화물,남,74세,상해없음,승용,남,30세,경상
2019080900100360,2019년 8월 9일 13시,금요일,제주특별자치도 서귀포시 성산읍,경상사고,0,0,1,0,차대사람 - 기타,안전운전불이행,건조,맑음,기타 - 기타,승용,남,18세,상해없음,보행자,여,59세,경상
2019080900100361,2019년 8월 9일 13시,금요일,제주특별자치도 제주시 노형동,경상사고,0,0,1,0,차대차 - 기타,직진우회전진행방해,건조,맑음,교차로 - 교차로안,승용,남,30세,상해없음,승용,남,75세,경상
2019080900100388,2019년 8월 9일 14시,금요일,제주특별자치도 제주시 애월읍,경상사고,0,0,2,2,차대차 - 기타,교차로운행방법위반,건조,맑음,교차로 - 교차로안,승용,여,26세,경상,이륜,남,50세,경상
2019080900100460,2019년 8월 9일 16시,금요일,제주특별자치도 제주시 삼도일동,중상사고,0,1,0,0,차대차 - 측면충돌,안전운전불이행,건조,맑음,단일로 - 기타,승용,남,70세,상해없음,이륜,남,35세,중상
2019080900100461,2019년 8월 9일 16시,금요일,제주특별자치도 제주시 구좌읍,부상신고사고,0,0,0,1,차대차 - 정면충돌,안전운전불이행,건조,맑음,교차로 - 교차로부근,자전거,남,44세,부상신고,승용,남,43세,상해없음
2019080900100513,2019년 8월 9일 17시,금요일,제주특별자치도 제주시 애월읍,경상사고,0,0,1,2,차대차 - 측면충돌,직진우회전진행방해,건조,맑음,교차로 - 교차로안,승용,남,30세,부상신고,승용,남,51세,경상
2019081000100104,2019년 8월 10일 04시,토요일,제주특별자치도 서귀포시 성산읍,중상사고,0,1,2,0,차대차 - 기타,안전거리미확보,건조,맑음,단일로 - 기타,이륜,여,76세,중상,승용,여,22세,경상
2019081000100132,2019년 8월 10일 06시,토요일,제주특별자치도 제주시 연동,중상사고,0,1,1,0,차대차 - 기타,신호위반,건조,맑음,교차로 - 교차로부근,승용,여,53세,경상,승용,남,62세,중상
2019081000100145,2019년 8월 10일 07시,토요일,제주특별자치도 제주시 외도이동,경상사고,0,0,1,0,차대차 - 기타,안전운전불이행,건조,맑음,단일로 - 기타,화물,남,49세,상해없음,승용,남,58세,경상
2019081000100167,2019년 8월 10일 08시,토요일,제주특별자치도 서귀포시 서홍동,경상사고,0,0,1,0,차대차 - 측면충돌,차로위반,건조,맑음,단일로 - 기타,화물,남,47세,상해없음,승용,여,53세,경상
2019081000100205,2019년 8월 10일 09시,토요일,제주특별자치도 서귀포시 서귀동,부상신고사고,0,0,0,1,차대사람 - 기타,안전운전불이행,건조,맑음,교차로 - 교차로횡단보도내,기타불명,기타불명,미분류,기타불명,보행자,여,77세,부상신고
2019081000100206,2019년 8월 10일 09시,토요일,제주특별자치도 제주시 노형동,경상사고,0,0,1,0,차대차 - 측면충돌,교차로운행방법위반,건조,맑음,교차로 - 교차로안,화물,남,57세,상해없음,승용,남,46세,경상
2019081000100251,2019년 8월 10일 10시,토요일,제주특별자치도 제주시 오라삼동,경상사고,0,0,1,0,차대차 - 기타,안전운전불이행,건조,맑음,교차로 - 교차로부근,승용,여,46세,상해없음,승용,남,27세,경상
2019081000100372,2019년 8월 10일 13시,토요일,제주특별자치도 제주시 이도이동,경상사고,0,0,1,0,차대차 - 기타,교차로운행방법위반,건조,맑음,교차로 - 교차로안,승용,남,79세,상해없음,승용,여,62세,경상
2019081000100448,2019년 8월 10일 15시,토요일,제주특별자치도 서귀포시 서홍동,경상사고,0,0,1,0,차대차 - 측면충돌,안전운전불이행,건조,맑음,주차장 - 주차장,승합,남,48세,상해없음,승용,여,45세,경상
2019081000100449,2019년 8월 10일 15시,토요일,제주특별자치도 제주시 연동,중상사고,0,1,0,0,차대차 - 기타,교차로운행방법위반,건조,맑음,교차로 - 교차로횡단보도내,승합,남,54세,상해없음,자전거,여,72세,중상
2019081000100517,2019년 8월 10일 17시,토요일,제주특별자치도 서귀포시 법환동,경상사고,0,0,1,1,차대차 - 기타,안전거리미확보,건조,맑음,단일로 - 기타,건설기계,남,53세,상해없음,승용,남,47세,경상
2019081000100606,2019년 8월 10일 20시,토요일,제주특별자치도 제주시 노형동,중상사고,0,2,0,0,차대차 - 기타,신호위반,건조,맑음,교차로 - 교차로안,승용,여,29세,기타불명,승용,여,39세,중상
2019081000100607,2019년 8월 10일 20시,토요일,제주특별자치도 제주시 연동,경상사고,0,0,1,0,차대차 - 측면충돌,안전거리미확보,건조,맑음,단일로 - 기타,승용,남,57세,상해없음,승용,남,23세,경상
2019081100100040,2019년 8월 11일 01시,일요일,제주특별자치도 제주시 일도이동,경상사고,0,0,1,0,차대차 - 기타,안전운전불이행,건조,맑음,교차로 - 교차로부근,승용,남,50세,상해없음,승용,남,48세,경상
2019081100100068,2019년 8월 11일 04시,일요일,제주특별자치도 제주시 오라이동,경상사고,0,0,2,0,차대차 - 추돌,안전운전불이행,건조,맑음,단일로 - 기타,승용,여,32세,상해없음,승용,남,35세,경상
2019081100100111,2019년 8월 11일 08시,일요일,제주특별자치도 제주시 연동,경상사고,0,0,1,0,차대차 - 기타,안전운전불이행,젖음/습기,비,단일로 - 기타,이륜,남,31세,경상,승용,남,56세,상해없음
2019081100100195,2019년 8월 11일 12시,일요일,제주특별자치도 제주시 용담삼동,경상사고,0,0,1,0,차대차 - 기타,안전운전불이행,건조,맑음,단일로 - 기타,승용,여,51세,상해없음,승용,남,71세,경상
2019081100100196,2019년 8월 11일 12시,일요일,제주특별자치도 제주시 연동,경상사고,0,0,2,0,차대차 - 측면충돌,교차로운행방법위반,젖음/습기,비,교차로 - 교차로안,승용,남,58세,상해없음,승용,남,43세,경상
2019081100100197,2019년 8월 11일 12시,일요일,제주특별자치도 제주시 한림읍,경상사고,0,0,1,0,차대차 - 기타,안전운전불이행,건조,맑음,교차로 - 교차로안,원동기,남,33세,경상,승용,남,49세,상해없음
2019081100100313,2019년 8월 11일 16시,일요일,제주특별자치도 제주시 이도일동,경상사고,0,0,5,0,차대차 - 기타,교차로운행방법위반,건조,맑음,교차로 - 교차로안,승용,여,22세,상해없음,승용,여,37세,경상
2019081100100314,2019년 8월 11일 16시,일요일,제주특별자치도 제주시 도련일동,경상사고,0,0,1,0,차대차 - 후진중충돌,안전운전불이행,젖음/습기,비,교차로 - 교차로부근,승용,남,48세,상해없음,승용,남,46세,상해없음
2019081100100315,2019년 8월 11일 16시,일요일,제주특별자치도 제주시 용담이동,경상사고,0,0,1,0,차대사람 - 기타,기타,건조,맑음,단일로 - 기타,승합,남,26세,상해없음,보행자,남,36세,경상
2019081100100342,2019년 8월 11일 17시,일요일,제주특별자치도 제주시 노형동,경상사고,0,0,1,0,차대차 - 측면충돌,직진우회전진행방해,젖음/습기,비,교차로 - 교차로안,승용,남,60세,상해없음,이륜,남,29세,경상