사고번호,사고일시,요일,시군구,사고내용,사망자수,중상자수,경상자수,부상신고자수,사고유형,법규위반,노면상태,기상상태,도로형태,가해운전자 차종,가해운전자 성별,가해운전자 연령,가해운전자 상해정도,피해운전자 차종,피해운전자 성별,피해운전자 연령,피해운전자 상해정도
2019082800100503,2019년 8월 28일 18시,수요일,제주특별자치도 제주시 오라이동,경상사고,0,0,1,0,차대차 - 추돌,교차로운행방법위반,젖음/습기,비,교차로 - 교차로안,이륜,남,48세,경상,승용,남,57세,상해없음
2019082800100504,2019년 8월 28일 18시,수요일,제주특별자치도 제주시 용담이동,경상사고,0,0,1,0,차대차 - 추돌,차로위반,젖음/습기,비,단일로 - 기타,승용,남,60세,상해없음,승용,남,32세,경상
2019082800100554,2019년 8월 28일 19시,수요일,제주특별자치도 서귀포시 동홍동,중상사고,0,1,3,0,차대차 - 추돌,교차로운행방법위반,젖음/습기,비,교차로 - 교차로부근,승용,남,45세,상해없음,승용,남,54세,경상
2019082800100625,2019년 8월 28일 22시,수요일,제주특별자치도 제주시 건입동,경상사고,0,0,2,0,차대차 - 측면충돌,안전거리미확보,젖음/습기,비,교차로 - 교차로부근,승용,남,53세,상해없음,승용,여,49세,경상
2019082900100035,2019년 8월 29일 00시,목요일,제주특별자치도 제주시 한경면,부상신고사고,0,0,0,1,차량단독 - 도로외이탈 - 기타,안전운전불이행,젖음/습기,비,단일로 - 기타,승용,남,23세,부상신고,,,,
2019082900100071,2019년 8월 29일 05시,목요일,제주특별자치도 서귀포시 호근동,경상사고,0,0,1,0,차대차 - 추돌,안전운전불이행,젖음/습기,비,단일로 - 기타,승용,남,33세,상해없음,이륜,남,56세,경상
2019082900100079,2019년 8월 29일 06시,목요일,제주특별자치도 서귀포시 안덕면,경상사고,0,0,3,0,차대차 - 추돌,안전거리미확보,젖음/습기,비,단일로 - 기타,승용,남,34세,경상,화물,남,27세,경상
2019082900100080,2019년 8월 29일 06시,목요일,제주특별자치도 서귀포시 안덕면,중상사고,0,1,0,0,차량단독 - 공작물충돌,안전운전불이행,젖음/습기,비,단일로 - 기타,승용,남,54세,중상,,,,
2019082900100164,2019년 8월 29일 09시,목요일,제주특별자치도 서귀포시 대정읍,경상사고,0,0,1,0,차대사람 - 기타,안전운전불이행,건조,맑음,단일로 - 기타,승용,남,86세,상해없음,보행자,여,73세,경상
2019082900100308,2019년 8월 29일 14시,목요일,제주특별자치도 서귀포시 남원읍,경상사고,0,0,2,0,차대차 - 추돌,안전거리미확보,젖음/습기,비,교차로 - 교차로부근,승용,남,57세,상해없음,승용,여,24세,상해없음
2019082900100342,2019년 8월 29일 15시,목요일,제주특별자치도 제주시 이도이동,경상사고,0,0,2,0,차대차 - 측면충돌,안전운전불이행,젖음/습기,흐림,단일로 - 기타,승용,남,72세,상해없음,승용,남,27세,경상
2019082900100661,2019년 8월 29일 22시,목요일,제주특별자치도 제주시 용담일동,경상사고,0,0,1,0,차대사람 - 기타,안전운전불이행,건조,맑음,단일로 - 기타,승용,남,32세,기타불명,보행자,여,63세,경상
2019082900100683,2019년 8월 29일 23시,목요일,제주특별자치도 제주시 연동,경상사고,0,0,1,0,차대차 - 기타,안전운전불이행,건조,맑음,교차로 - 교차로부근,승용,남,57세,상해없음,이륜,남,22세,경상
2019083000100075,2019년 8월 30일 05시,금요일,제주특별자치도 제주시 노형동,부상신고사고,0,0,0,1,차대차 - 기타,안전운전불이행,건조,맑음,단일로 - 기타,승합,남,49세,상해없음,승용,여,43세,부상신고
2019083000100087,2019년 8월 30일 06시,금요일,제주특별자치도 서귀포시 대정읍,중상사고,0,1,0,0,차대차 - 정면충돌,교차로운행방법위반,건조,맑음,교차로 - 교차로안,자전거,남,85세,중상,화물,남,53세,상해없음
2019083000100157,2019년 8월 30일 08시,금요일,제주특별자치도 제주시 일도이동,경상사고,0,0,1,0,차대차 - 측면충돌,안전거리미확보,건조,맑음,단일로 - 기타,승용,남,79세,상해없음,승용,여,64세,경상
2019083000100158,2019년 8월 30일 08시,금요일,제주특별자치도 서귀포시 표선면,경상사고,0,0,1,0,차대사람 - 횡단중,안전운전불이행,건조,맑음,단일로 - 기타,이륜,남,89세,상해없음,보행자,여,49세,경상
2019083000100194,2019년 8월 30일 09시,금요일,제주특별자치도 제주시 건입동,부상신고사고,0,0,0,1,차대차 - 기타,기타,건조,맑음,단일로 - 기타,화물,남,56세,상해없음,자전거,남,70세,부상신고
2019083000100343,2019년 8월 30일 13시,금요일,제주특별자치도 서귀포시 서홍동,경상사고,0,0,1,0,차대차 - 측면충돌,직진우회전진행방해,건조,맑음,교차로 - 교차로안,승용,여,56세,상해없음,승용,남,54세,경상
2019083000100344,2019년 8월 30일 13시,금요일,제주특별자치도 제주시 이호이동,부상신고사고,0,0,0,1,차대차 - 기타,과속,건조,맑음,교차로 - 교차로안,화물,남,42세,부상신고,승용,남,58세,상해없음
2019083000100439,2019년 8월 30일 15시,금요일,제주특별자치도 제주시 구좌읍,부상신고사고,0,0,0,1,차대차 - 측면충돌,안전거리미확보,건조,맑음,단일로 - 기타,이륜,남,16세,부상신고,승용,남,37세,상해없음
2019083000100548,2019년 8월 30일 17시,금요일,제주특별자치도 제주시 애월읍,경상사고,0,0,1,0,차대차 - 측면충돌,기타,건조,맑음,교차로 - 교차로안,승용,남,35세,경상,승용,남,32세,상해없음
2019083000100612,2019년 8월 30일 18시,금요일,제주특별자치도 서귀포시 성산읍,경상사고,0,0,1,0,차대차 - 기타,안전운전불이행,건조,맑음,단일로 - 기타,승용,남,34세,상해없음,이륜,남,32세,경상
2019083000100613,2019년 8월 30일 18시,금요일,제주특별자치도 제주시 이호이동,중상사고,0,1,0,0,차대차 - 기타,신호위반,건조,맑음,교차로 - 교차로안,승용,남,69세,기타불명,화물,남,24세,상해없음
2019083100100125,2019년 8월 31일 05시,토요일,제주특별자치도 제주시 도남동,경상사고,0,0,2,0,차대차 - 기타,교차로운행방법위반,건조,맑음,교차로 - 교차로안,승용,여,49세,경상,승용,여,45세,경상
2019083100100152,2019년 8월 31일 06시,토요일,제주특별자치도 서귀포시 안덕면,경상사고,0,0,3,0,차대차 - 기타,직진우회전진행방해,건조,맑음,교차로 - 교차로안,승용,남,55세,경상,승용,여,43세,경상
2019083100100178,2019년 8월 31일 07시,토요일,제주특별자치도 제주시 연동,경상사고,0,0,1,0,차대사람 - 차도통행중,안전운전불이행,건조,맑음,단일로 - 기타,승용,남,46세,상해없음,보행자,여,26세,경상
2019083100100198,2019년 8월 31일 08시,토요일,제주특별자치도 제주시 구좌읍,경상사고,0,0,1,0,차대차 - 기타,차로위반,건조,맑음,단일로 - 기타,화물,남,79세,상해없음,농기계,남,64세,경상
2019083100100232,2019년 8월 31일 09시,토요일,제주특별자치도 제주시 화북이동,중상사고,0,1,0,0,차대차 - 기타,차로위반,건조,맑음,단일로 - 기타,승용,남,60세,상해없음,승합,남,42세,상해없음
2019083100100342,2019년 8월 31일 12시,토요일,제주특별자치도 서귀포시 안덕면,중상사고,0,1,0,0,차대차 - 추돌,안전거리미확보,건조,맑음,단일로 - 기타,건설기계,남,53세,상해없음,화물,남,79세,중상
2019083100100555,2019년 8월 31일 17시,토요일,제주특별자치도 서귀포시 동홍동,경상사고,0,0,1,0,차대차 - 기타,안전운전불이행,건조,맑음,교차로 - 교차로부근,승용,남,53세,상해없음,승용,여,30세,경상
2019083100100593,2019년 8월 31일 18시,토요일,제주특별자치도 서귀포시 남원읍,경상사고,0,0,1,2,차대차 - 기타,직진우회전진행방해,건조,맑음,교차로 - 교차로안,화물,여,58세,경상,승용,남,26세,부상신고
2019083100100682,2019년 8월 31일 20시,토요일,제주특별자치도 제주시 연동,중상사고,0,1,0,0,차대차 - 기타,기타,건조,맑음,단일로 - 기타,승용,남,23세,상해없음,이륜,남,28세,중상
2019083100100712,2019년 8월 31일 21시,토요일,제주특별자치도 제주시 애월읍,부상신고사고,0,0,0,1,차량단독 - 도로외이탈 - 기타,안전운전불이행,건조,맑음,단일로 - 기타,승용,남,59세,부상신고,,,,
2019083100100748,2019년 8월 31일 23시,토요일,제주특별자치도 제주시 아라일동,경상사고,0,0,1,0,차대차 - 측면충돌,교차로운행방법위반,건조,맑음,교차로 - 교차로안,승용,남,52세,상해없음,이륜,남,56세,경상
2019090100100045,2019년 9월 1일 01시,일요일,제주특별자치도 제주시 조천읍,중상사고,0,2,1,0,차대차 - 측면충돌,신호위반,건조,맑음,교차로 - 교차로안,승용,남,27세,상해없음,승용,남,29세,상해없음
2019090100100085,2019년 9월 1일 04시,일요일,제주특별자치도 서귀포시 신효동,부상신고사고,0,0,0,1,차량단독 - 공작물충돌,안전운전불이행,건조,맑음,단일로 - 기타,승용,남,38세,부상신고,,,,
2019090100100140,2019년 9월 1일 09시,일요일,제주특별자치도 제주시 연동,경상사고,0,0,1,0,차대차 - 기타,교차로운행방법위반,건조,맑음,교차로 - 교차로부근,승합,남,50세,상해없음,이륜,남,41세,경상
2019090100100268,2019년 9월 1일 14시,일요일,제주특별자치도 제주시 조천읍,경상사고,0,0,1,0,차대차 - 정면충돌,신호위반,젖음/습기,비,교차로 - 교차로안,승용,여,56세,상해없음,화물,남,50세,경상
2019090100100300,2019년 9월 1일 15시,일요일,제주특별자치도 서귀포시 신효동,중상사고,0,2,0,1,차대차 - 측면충돌,안전운전불이행,건조,맑음,단일로 - 기타,승용,여,42세,상해없음,승용,여,35세,중상
2019090100100332,2019년 9월 1일 16시,일요일,제주특별자치도 서귀포시 남원읍,중상사고,0,1,1,0,차대차 - 기타,중앙선침범,젖음/습기,비,단일로 - 기타,승용,남,34세,상해없음,승용,남,43세,상해없음
2019090100100333,2019년 9월 1일 16시,일요일,제주특별자치도 제주시 용담이동,경상사고,0,0,1,0,차대차 - 기타,안전운전불이행,젖음/습기,흐림,단일로 - 기타,이륜,남,39세,경상,화물,남,33세,상해없음
2019090100100362,2019년 9월 1일 17시,일요일,제주특별자치도 제주시 건입동,경상사고,0,0,1,0,차대차 - 기타,교차로운행방법위반,젖음/습기,비,교차로 - 교차로안,승용,여,57세,상해없음,승합,남,53세,경상
2019090100100363,2019년 9월 1일 17시,일요일,제주특별자치도 서귀포시 안덕면,경상사고,0,0,3,2,차대차 - 기타,안전거리미확보,젖음/습기,비,단일로 - 기타,승용,여,34세,경상,승용,남,28세,경상
2019090100100364,2019년 9월 1일 17시,일요일,제주특별자치도 제주시 연동,경상사고,0,0,3,0,차대차 - 측면충돌,교차로운행방법위반,젖음/습기,비,교차로 - 교차로안,승용,남,22세,상해없음,승용,여,36세,경상
2019090100100432,2019년 9월 1일 19시,일요일,제주특별자치도 제주시 이도이동,경상사고,0,0,2,0,차대차 - 추돌,안전운전불이행,젖음/습기,비,단일로 - 기타,승합,남,57세,상해없음,승용,남,25세,경상
2019090100100433,2019년 9월 1일 19시,일요일,제주특별자치도 제주시 연동,경상사고,0,0,2,0,차대차 - 측면충돌,안전거리미확보,건조,맑음,단일로 - 기타,승용,여,26세,상해없음,승용,여,29세,경상
2019090100100488,2019년 9월 1일 21시,일요일,제주특별자치도 제주시 삼양이동,중상사고,0,1,0,0,차대차 - 기타,안전운전불이행,젖음/습기,비,교차로 - 교차로부근,승합,남,51세,상해없음,이륜,남,49세,중상
2019090100100518,2019년 9월 1일 23시,일요일,제주특별자치도 서귀포시 남원읍,경상사고,0,0,1,0,차대차 - 측면충돌,안전운전불이행,젖음/습기,비,교차로 - 교차로부근,승합,남,48세,상해없음,승용,여,24세,경상
2019090200100102,2019년 9월 2일 07시,월요일,제주특별자치도 서귀포시 서호동,경상사고,0,0,4,0,차대차 - 측면충돌,신호위반,젖음/습기,비,교차로 - 교차로안,화물,남,81세,경상,승용,남,65세,상해없음
2019090200100156,2019년 9월 2일 08시,월요일,제주특별자치도 제주시 오라이동,경상사고,0,0,2,0,차대차 - 측면충돌,차로위반,건조,맑음,단일로 - 기타,승용,남,27세,상해없음,승용,여,53세,경상
2019090200100157,2019년 9월 2일 08시,월요일,제주특별자치도 제주시 용담이동,중상사고,0,1,0,0,차대사람 - 횡단중,안전운전불이행,젖음/습기,비,단일로 - 기타,승용,남,69세,상해없음,보행자,남,31세,중상
2019090200100394,2019년 9월 2일 14시,월요일,제주특별자치도 서귀포시 중문동,경상사고,0,0,1,0,차대차 - 측면충돌,기타,건조,맑음,단일로 - 기타,승용,남,31세,상해없음,자전거,남,54세,경상
2019090200100459,2019년 9월 2일 16시,월요일,제주특별자치도 제주시 한경면,부상신고사고,0,0,0,1,차대차 - 측면충돌,직진우회전진행방해,건조,맑음,교차로 - 교차로안,승용,여,33세,상해없음,승용,여,41세,부상신고
2019090200100500,2019년 9월 2일 17시,월요일,제주특별자치도 제주시 해안동,경상사고,0,0,4,0,차대차 - 추돌,안전운전불이행,건조,맑음,단일로 - 기타,승용,남,19세,상해없음,승용,남,23세,경상
2019090200100501,2019년 9월 2일 17시,월요일,제주특별자치도 제주시 연동,경상사고,0,0,1,0,차대차 - 기타,안전운전불이행,건조,맑음,교차로 - 교차로안,승용,남,24세,상해없음,승합,여,48세,경상
2019090200100689,2019년 9월 2일 21시,월요일,제주특별자치도 제주시 노형동,부상신고사고,0,0,0,1,차대사람 - 기타,안전운전불이행,건조,맑음,단일로 - 기타,기타불명,기타불명,미분류,기타불명,보행자,남,46세,부상신고
2019090300100034,2019년 9월 3일 00시,화요일,제주특별자치도 제주시 연동,경상사고,0,0,1,0,차대사람 - 횡단중,보행자보호의무위반,젖음/습기,흐림,교차로 - 교차로횡단보도내,승용,여,42세,상해없음,보행자,남,47세,경상
2019090300100184,2019년 9월 3일 09시,화요일,제주특별자치도 제주시 연동,중상사고,0,1,0,0,차대사람 - 기타,안전운전불이행,건조,맑음,단일로 - 기타,화물,남,30세,상해없음,보행자,여,81세,중상
2019090300100211,2019년 9월 3일 10시,화요일,제주특별자치도 제주시 조천읍,중상사고,0,1,1,0,차대차 - 측면충돌,직진우회전진행방해,젖음/습기,비,교차로 - 교차로안,승용,여,43세,상해없음,승용,남,34세,중상
2019090300100314,2019년 9월 3일 13시,화요일,제주특별자치도 제주시 이도일동,중상사고,0,1,1,0,차대차 - 기타,안전운전불이행,건조,맑음,단일로 - 기타,승용,남,30세,경상,승용,남,39세,중상
2019090300100351,2019년 9월 3일 14시,화요일,제주특별자치도 서귀포시 서홍동,중상사고,0,1,0,0,차대차 - 기타,안전운전불이행,건조,흐림,단일로 - 기타,이륜,여,50세,중상,승용,남,62세,상해없음
2019090300100352,2019년 9월 3일 14시,화요일,제주특별자치도 제주시 연동,경상사고,0,0,2,0,차대사람 - 기타,신호위반,건조,맑음,교차로 - 교차로부근,승용,여,55세,경상,보행자,남,11세,경상
2019090300100392,2019년 9월 3일 15시,화요일,제주특별자치도 서귀포시 남원읍,경상사고,0,0,1,0,차대차 - 기타,중앙선침범,젖음/습기,비,단일로 - 기타,승용,여,62세,상해없음,승용,여,38세,경상
2019090300100393,2019년 9월 3일 15시,화요일,제주특별자치도 제주시 이호이동,경상사고,0,0,1,0,차대차 - 추돌,안전거리미확보,건조,맑음,단일로 - 기타,승용,남,39세,상해없음,승용,여,43세,상해없음
2019090300100536,2019년 9월 3일 18시,화요일,제주특별자치도 서귀포시 서호동,경상사고,0,0,1,0,차대차 - 기타,교차로운행방법위반,건조,흐림,교차로 - 교차로안,승용,남,38세,상해없음,승용,여,45세,경상
2019090300100682,2019년 9월 3일 21시,화요일,제주특별자치도 제주시 구좌읍,중상사고,0,1,4,0,차대차 - 추돌,안전운전불이행,젖음/습기,비,교차로 - 교차로부근,화물,남,54세,중상,승용,남,38세,경상
2019090400100027,2019년 9월 4일 00시,수요일,제주특별자치도 제주시 한림읍,경상사고,0,0,2,1,차대차 - 추돌,안전운전불이행,젖음/습기,비,단일로 - 기타,승용,남,28세,경상,승용,남,27세,기타불명
2019090400100046,2019년 9월 4일 02시,수요일,제주특별자치도 서귀포시 서귀동,경상사고,0,0,1,0,차대사람 - 기타,안전운전불이행,기타,맑음,교차로 - 교차로부근,화물,남,23세,상해없음,보행자,남,40세,경상
2019090400100142,2019년 9월 4일 08시,수요일,제주특별자치도 제주시 삼도일동,경상사고,0,0,1,0,차대사람 - 기타,보행자보호의무위반,젖음/습기,비,교차로 - 교차로안,승용,여,54세,상해없음,보행자,여,13세,경상
2019090400100143,2019년 9월 4일 08시,수요일,제주특별자치도 제주시 애월읍,경상사고,0,0,1,0,차대차 - 기타,안전운전불이행,건조,맑음,교차로 - 교차로부근,승용,남,46세,상해없음,승용,여,33세,경상
2019090400100179,2019년 9월 4일 09시,수요일,제주특별자치도 제주시 한림읍,중상사고,0,1,0,0,차대차 - 후진중충돌,안전운전불이행,젖음/습기,비,교차로 - 교차로안,승용,여,48세,상해없음,이륜,남,78세,중상
2019090400100255,2019년 9월 4일 11시,수요일,제주특별자치도 서귀포시 안덕면,경상사고,0,0,2,1,차대차 - 기타,신호위반,젖음/습기,비,교차로 - 교차로안,승용,여,30세,부상신고,승용,남,59세,경상
2019090400100370,2019년 9월 4일 15시,수요일,제주특별자치도 제주시 이도이동,경상사고,0,0,2,0,차대차 - 측면충돌,차로위반,건조,맑음,단일로 - 기타,승용,남,68세,상해없음,승용,여,29세,경상
2019090400100371,2019년 9월 4일 15시,수요일,제주특별자치도 서귀포시 남원읍,경상사고,0,0,1,0,차량단독 - 도로외이탈 - 추락,안전운전불이행,젖음/습기,맑음,단일로 - 기타,승용,남,69세,상해없음,,,,
2019090400100448,2019년 9월 4일 17시,수요일,제주특별자치도 제주시 애월읍,사망사고,1,0,3,0,차대차 - 추돌,안전운전불이행,건조,흐림,단일로 - 기타,화물,남,59세,사망,승용,남,46세,경상
2019090400100544,2019년 9월 4일 19시,수요일,제주특별자치도 서귀포시 대포동,중상사고,0,3,4,0,차대차 - 정면충돌,중앙선침범,건조,맑음,단일로 - 기타,화물,남,63세,중상,화물,남,60세,경상
2019090400100596,2019년 9월 4일 20시,수요일,제주특별자치도 서귀포시 안덕면,경상사고,0,0,2,0,차대차 - 추돌,안전거리미확보,건조,맑음,교차로 - 교차로부근,승용,남,61세,경상,승합,남,35세,경상
2019090400100626,2019년 9월 4일 21시,수요일,제주특별자치도 제주시 한경면,중상사고,0,1,0,0,차대차 - 기타,안전운전불이행,건조,맑음,교차로 - 교차로안,승용,남,36세,상해없음,승용,여,65세,중상
2019090500100085,2019년 9월 5일 05시,목요일,제주특별자치도 제주시 아라일동,사망사고,1,0,0,1,차대사람 - 기타,안전운전불이행,젖음/습기,흐림,단일로 - 기타,승용,남,63세,부상신고,보행자,여,55세,사망
2019090500100178,2019년 9월 5일 08시,목요일,제주특별자치도 서귀포시 동홍동,경상사고,0,0,1,0,차대차 - 기타,직진우회전진행방해,젖음/습기,맑음,교차로 - 교차로안,승용,남,29세,상해없음,승용,남,72세,경상
2019090500100277,2019년 9월 5일 11시,목요일,제주특별자치도 서귀포시 성산읍,경상사고,0,0,1,0,차대사람 - 횡단중,안전운전불이행,건조,맑음,교차로 - 교차로부근,화물,남,42세,상해없음,보행자,여,66세,경상
2019090500100331,2019년 9월 5일 13시,목요일,제주특별자치도 제주시 구좌읍,사망사고,1,0,0,0,차대사람 - 횡단중,안전운전불이행,젖음/습기,비,단일로 - 기타,농기계,남,79세,상해없음,보행자,여,84세,사망
2019090500100332,2019년 9월 5일 13시,목요일,제주특별자치도 제주시 노형동,중상사고,0,1,0,0,차대사람 - 기타,기타,건조,맑음,단일로 - 기타,승합,남,45세,상해없음,보행자,여,73세,중상
2019090500100414,2019년 9월 5일 15시,목요일,제주특별자치도 제주시 우도면,경상사고,0,0,1,0,차대차 - 기타,안전운전불이행,건조,맑음,단일로 - 기타,이륜,남,28세,경상,승합,남,46세,상해없음
2019090500100415,2019년 9월 5일 15시,목요일,제주특별자치도 제주시 우도면,경상사고,0,0,1,0,차대차 - 기타,안전운전불이행,젖음/습기,비,단일로 - 기타,이륜,여,34세,경상,승합,남,67세,상해없음
2019090500100458,2019년 9월 5일 16시,목요일,제주특별자치도 제주시 이도일동,경상사고,0,0,2,1,차대차 - 측면충돌,직진우회전진행방해,젖음/습기,흐림,교차로 - 교차로안,승용,남,47세,부상신고,승용,남,40세,경상
2019090500100589,2019년 9월 5일 19시,목요일,제주특별자치도 제주시 노형동,경상사고,0,0,1,0,차대차 - 기타,안전운전불이행,젖음/습기,비,단일로 - 기타,승용,여,51세,상해없음,이륜,남,36세,경상
2019090500100630,2019년 9월 5일 20시,목요일,제주특별자치도 서귀포시 강정동,경상사고,0,0,3,1,차대차 - 기타,직진우회전진행방해,젖음/습기,비,교차로 - 교차로안,승용,남,49세,상해없음,승용,남,29세,경상
2019090500100658,2019년 9월 5일 21시,목요일,제주특별자치도 제주시 이도이동,경상사고,0,0,1,0,차량단독 - 기타,안전운전불이행,건조,맑음,단일로 - 기타,승합,남,55세,상해없음,,,,
2019090500100684,2019년 9월 5일 22시,목요일,제주특별자치도 제주시 이도이동,경상사고,0,0,1,0,차대차 - 추돌,안전거리미확보,건조,맑음,단일로 - 기타,승용,남,47세,상해없음,승용,남,58세,경상
2019090600100054,2019년 9월 6일 03시,금요일,제주특별자치도 제주시 오라삼동,중상사고,0,1,0,0,차대사람 - 횡단중,안전운전불이행,건조,맑음,교차로 - 교차로횡단보도내,승용,남,50세,상해없음,보행자,남,35세,중상
2019090600100073,2019년 9월 6일 05시,금요일,제주특별자치도 제주시 용담이동,중상사고,0,1,0,0,차대차 - 측면충돌,직진우회전진행방해,건조,맑음,교차로 - 교차로안,승합,남,59세,상해없음,승용,남,51세,중상
2019090600100126,2019년 9월 6일 08시,금요일,제주특별자치도 서귀포시 동홍동,경상사고,0,0,1,0,차대사람 - 기타,안전운전불이행,기타,맑음,단일로 - 기타,승용,여,46세,상해없음,보행자,남,7세,경상
2019090600100155,2019년 9월 6일 09시,금요일,제주특별자치도 서귀포시 서귀동,경상사고,0,0,1,0,차대사람 - 기타,안전운전불이행,건조,맑음,단일로 - 기타,화물,남,49세,상해없음,보행자,남,45세,경상
2019090600100185,2019년 9월 6일 10시,금요일,제주특별자치도 서귀포시 성산읍,경상사고,0,0,2,0,차량단독 - 공작물충돌,안전운전불이행,건조,맑음,단일로 - 기타,승용,여,29세,경상,,,,
2019090600100245,2019년 9월 6일 12시,금요일,제주특별자치도 제주시 구좌읍,경상사고,0,0,1,0,차대차 - 측면충돌,교차로운행방법위반,건조,맑음,교차로 - 교차로안,승용,여,25세,기타불명,승용,여,32세,경상
2019090600100352,2019년 9월 6일 15시,금요일,제주특별자치도 제주시 이도이동,경상사고,0,0,1,0,차대차 - 정면충돌,직진우회전진행방해,젖음/습기,비,교차로 - 교차로부근,승용,남,50세,상해없음,승용,여,34세,경상
2019090600100456,2019년 9월 6일 17시,금요일,제주특별자치도 서귀포시 색달동,경상사고,0,0,4,0,차대차 - 기타,중앙선침범,젖음/습기,비,단일로 - 기타,화물,남,40세,상해없음,승용,여,30세,경상
2019090600100504,2019년 9월 6일 18시,금요일,제주특별자치도 제주시 연동,경상사고,0,0,1,0,차대사람 - 횡단중,중앙선침범,젖음/습기,비,단일로 - 기타,승용,남,70세,상해없음,보행자,남,33세,경상
2019090700100099,2019년 9월 7일 03시,토요일,제주특별자치도 서귀포시 강정동,중상사고,0,2,0,0,차대사람 - 기타,안전운전불이행,젖음/습기,비,단일로 - 기타,승용,남,22세,중상,보행자,남,56세,중상
2019090700100153,2019년 9월 7일 08시,토요일,제주특별자치도 서귀포시 법환동,경상사고,0,0,1,0,차대차 - 측면충돌,직진우회전진행방해,건조,흐림,교차로 - 교차로안,승용,남,59세,경상,승용,남,69세,상해없음
2019090700100154,2019년 9월 7일 08시,토요일,제주특별자치도 서귀포시 중문동,경상사고,0,0,2,0,차대차 - 측면충돌,신호위반,젖음/습기,비,교차로 - 교차로안,승합,남,56세,상해없음,특수,남,28세,경상
2019090700100155,2019년 9월 7일 08시,토요일,제주특별자치도 제주시 용담이동,경상사고,0,0,1,0,차대차 - 측면충돌,중앙선침범,젖음/습기,비,교차로 - 교차로안,이륜,남,47세,경상,화물,남,54세,상해없음
2019090700100236,2019년 9월 7일 11시,토요일,제주특별자치도 서귀포시 호근동,중상사고,0,1,2,0,차량단독 - 공작물충돌,안전운전불이행,건조,흐림,교차로 - 교차로안,승용,남,18세,경상,,,,
2019090700100270,2019년 9월 7일 12시,토요일,제주특별자치도 제주시 도남동,경상사고,0,0,1,1,차대차 - 기타,교차로운행방법위반,건조,맑음,교차로 - 교차로안,승용,여,42세,부상신고,승용,여,43세,경상
2019090700100307,2019년 9월 7일 14시,토요일,제주특별자치도 서귀포시 대정읍,경상사고,0,0,1,0,차대차 - 후진중충돌,안전운전불이행,건조,맑음,주차장 - 주차장,화물,남,40세,상해없음,승용,남,28세,경상
2019090700100320,2019년 9월 7일 15시,토요일,제주특별자치도 제주시 연동,경상사고,0,0,1,0,차대차 - 측면충돌,교차로운행방법위반,건조,맑음,교차로 - 교차로안,이륜,남,30세,경상,승용,여,64세,상해없음
2019090700100344,2019년 9월 7일 16시,토요일,제주특별자치도 제주시 봉개동,중상사고,0,1,0,0,차대차 - 정면충돌,중앙선침범,건조,맑음,단일로 - 기타,승용,여,50세,기타불명,승용,남,39세,중상
2019090700100345,2019년 9월 7일 16시,토요일,제주특별자치도 서귀포시 남원읍,중상사고,0,1,0,0,차대차 - 정면충돌,안전운전불이행,건조,맑음,교차로 - 교차로안,자전거,여,28세,중상,승용,여,52세,상해없음
2019090700100346,2019년 9월 7일 16시,토요일,제주특별자치도 제주시 이호일동,경상사고,0,0,1,0,차대차 - 기타,안전운전불이행,건조,맑음,교차로 - 교차로안,승용,여,58세,상해없음,승용,남,39세,상해없음
2019090700100397,2019년 9월 7일 18시,토요일,제주특별자치도 제주시 용담삼동,부상신고사고,0,0,0,1,차대사람 - 횡단중,안전운전불이행,건조,맑음,단일로 - 기타,승용,남,35세,상해없음,보행자,남,4세,부상신고
2019090800100040,2019년 9월 8일 01시,일요일,제주특별자치도 서귀포시 남원읍,경상사고,0,0,2,0,차대차 - 기타,직진우회전진행방해,건조,맑음,교차로 - 교차로안,승합,남,41세,상해없음,승용,남,28세,경상
2019090800100080,2019년 9월 8일 06시,일요일,제주특별자치도 서귀포시 서귀동,경상사고,0,0,1,0,차대사람 - 횡단중,보행자보호의무위반,건조,맑음,교차로 - 교차로횡단보도내,승용,여,35세,상해없음,보행자,남,58세,경상
2019090800100101,2019년 9월 8일 08시,일요일,제주특별자치도 제주시 구좌읍,중상사고,0,1,0,0,차대사람 - 기타,안전운전불이행,건조,흐림,교차로 - 교차로부근,승용,여,50세,상해없음,보행자,여,58세,중상
2019090800100137,2019년 9월 8일 10시,일요일,제주특별자치도 제주시 연동,경상사고,0,0,2,0,차대차 - 측면충돌,교차로운행방법위반,젖음/습기,비,교차로 - 교차로안,승용,여,26세,상해없음,승합,남,50세,경상
2019090800100258,2019년 9월 8일 14시,일요일,제주특별자치도 제주시 도련일동,경상사고,0,0,2,0,차대차 - 기타,안전운전불이행,젖음/습기,비,단일로 - 기타,승용,여,61세,상해없음,승용,여,44세,경상
2019090800100259,2019년 9월 8일 14시,일요일,제주특별자치도 제주시 용담삼동,중상사고,0,1,0,0,차대차 - 측면충돌,직진우회전진행방해,건조,맑음,교차로 - 교차로안,승용,남,40세,상해없음,이륜,남,64세,중상
2019090800100330,2019년 9월 8일 16시,일요일,제주특별자치도 서귀포시 남원읍,중상사고,0,1,0,0,차대차 - 측면충돌,기타,건조,맑음,단일로 - 기타,이륜,남,61세,중상,승용,여,59세,상해없음