사고번호,사고일시,요일,시군구,사고내용,사망자수,중상자수,경상자수,부상신고자수,사고유형,법규위반,노면상태,기상상태,도로형태,가해운전자 차종,가해운전자 성별,가해운전자 연령,가해운전자 상해정도,피해운전자 차종,피해운전자 성별,피해운전자 연령,피해운전자 상해정도
2019100700100557,2019년 10월 7일 18시,월요일,제주특별자치도 제주시 건입동,경상사고,0,0,2,0,차대차 - 추돌,안전운전불이행,건조,맑음,단일로 - 기타,화물,남,36세,상해없음,승용,여,63세,경상
2019100700100558,2019년 10월 7일 18시,월요일,제주특별자치도 제주시 연동,경상사고,0,0,1,0,차대차 - 추돌,안전운전불이행,건조,맑음,교차로 - 교차로부근,승용,여,47세,상해없음,승용,남,45세,경상
2019100700100615,2019년 10월 7일 19시,월요일,제주특별자치도 제주시 아라일동,경상사고,0,0,1,0,차대차 - 측면충돌,안전거리미확보,건조,맑음,교차로 - 교차로부근,화물,남,43세,상해없음,승용,여,46세,경상
2019100700100699,2019년 10월 7일 22시,월요일,제주특별자치도 제주시 연동,경상사고,0,0,1,0,차대차 - 기타,기타,건조,맑음,단일로 - 기타,승용,남,46세,상해없음,이륜,남,20세,경상
2019100800100099,2019년 10월 8일 06시,화요일,제주특별자치도 제주시 삼도일동,경상사고,0,0,3,0,차대차 - 추돌,안전운전불이행,건조,맑음,교차로 - 교차로부근,승용,여,46세,상해없음,승용,남,52세,경상
2019100800100164,2019년 10월 8일 08시,화요일,제주특별자치도 제주시 노형동,경상사고,0,0,1,0,차대차 - 추돌,안전운전불이행,건조,맑음,교차로 - 교차로부근,승용,남,33세,상해없음,승용,여,41세,경상
2019100800100195,2019년 10월 8일 09시,화요일,제주특별자치도 제주시 연동,중상사고,0,1,0,0,차대사람 - 기타,안전운전불이행,건조,맑음,기타 - 기타,승합,남,41세,상해없음,보행자,남,51세,중상
2019100800100238,2019년 10월 8일 10시,화요일,제주특별자치도 제주시 우도면,경상사고,0,0,2,0,차대차 - 기타,안전운전불이행,건조,맑음,단일로 - 기타,승용,남,24세,상해없음,승용,남,31세,경상
2019100800100239,2019년 10월 8일 10시,화요일,제주특별자치도 서귀포시 남원읍,중상사고,0,1,2,0,차대차 - 추돌,안전거리미확보,건조,맑음,단일로 - 기타,승용,남,28세,상해없음,승용,남,45세,중상
2019100800100276,2019년 10월 8일 11시,화요일,제주특별자치도 서귀포시 토평동,경상사고,0,0,3,0,차대차 - 기타,기타,건조,맑음,교차로 - 교차로안,화물,남,71세,경상,승용,남,52세,경상
2019100800100433,2019년 10월 8일 15시,화요일,제주특별자치도 제주시 오등동,경상사고,0,0,1,0,차대차 - 기타,안전운전불이행,건조,맑음,단일로 - 기타,화물,남,50세,상해없음,승용,여,34세,경상
2019100800100472,2019년 10월 8일 16시,화요일,제주특별자치도 제주시 오라삼동,경상사고,0,0,1,0,차대차 - 측면충돌,안전운전불이행,건조,맑음,단일로 - 기타,승용,남,70세,상해없음,승용,남,50세,경상
2019100800100522,2019년 10월 8일 17시,화요일,제주특별자치도 제주시 아라일동,부상신고사고,0,0,0,1,차대사람 - 횡단중,안전운전불이행,건조,맑음,단일로 - 기타,승용,여,56세,상해없음,보행자,남,5세,부상신고
2019100800100523,2019년 10월 8일 17시,화요일,제주특별자치도 서귀포시 남원읍,경상사고,0,0,1,0,차대차 - 추돌,안전거리미확보,건조,맑음,단일로 - 기타,승용,남,56세,상해없음,화물,남,48세,경상
2019100800100524,2019년 10월 8일 17시,화요일,제주특별자치도 서귀포시 성산읍,경상사고,0,0,2,0,차대차 - 후진중충돌,안전운전불이행,건조,맑음,교차로 - 교차로안,승용,여,42세,상해없음,승용,여,23세,경상
2019100800100525,2019년 10월 8일 17시,화요일,제주특별자치도 서귀포시 표선면,부상신고사고,0,0,0,1,차대차 - 기타,안전운전불이행,기타,맑음,주차장 - 주차장,기타불명,기타불명,미분류,기타불명,이륜,여,77세,부상신고
2019100800100589,2019년 10월 8일 18시,화요일,제주특별자치도 제주시 이도일동,중상사고,0,1,0,0,차대사람 - 횡단중,보행자보호의무위반,건조,맑음,교차로 - 교차로횡단보도내,승용,여,53세,상해없음,보행자,여,8세,중상
2019100800100590,2019년 10월 8일 18시,화요일,제주특별자치도 제주시 내도동,경상사고,0,0,1,0,차대차 - 추돌,안전운전불이행,건조,맑음,단일로 - 기타,승용,여,67세,상해없음,승용,여,36세,경상
2019100800100788,2019년 10월 8일 23시,화요일,제주특별자치도 제주시 조천읍,부상신고사고,0,0,0,1,차량단독 - 전도전복 - 전도,안전운전불이행,건조,맑음,교차로 - 교차로부근,이륜,남,20세,부상신고,,,,
2019100900100214,2019년 10월 9일 10시,수요일,제주특별자치도 서귀포시 성산읍,경상사고,0,0,1,0,차대차 - 측면충돌,안전운전불이행,건조,맑음,단일로 - 기타,이륜,여,70세,경상,화물,남,46세,상해없음
2019100900100215,2019년 10월 9일 10시,수요일,제주특별자치도 서귀포시 강정동,경상사고,0,0,1,1,차대차 - 추돌,안전거리미확보,건조,맑음,교차로 - 교차로부근,화물,남,53세,부상신고,승용,남,22세,경상
2019100900100239,2019년 10월 9일 11시,수요일,제주특별자치도 제주시 삼도이동,중상사고,0,1,1,0,차대차 - 기타,기타,건조,맑음,단일로 - 기타,승용,여,35세,상해없음,승용,여,57세,중상
2019100900100310,2019년 10월 9일 13시,수요일,제주특별자치도 제주시 연동,경상사고,0,0,1,0,차대차 - 측면충돌,안전운전불이행,건조,맑음,교차로 - 교차로안,화물,남,36세,상해없음,승용,여,28세,경상
2019100900100311,2019년 10월 9일 13시,수요일,제주특별자치도 제주시 노형동,경상사고,0,0,1,1,차대차 - 측면충돌,직진우회전진행방해,건조,맑음,교차로 - 교차로안,승용,여,40세,부상신고,화물,남,47세,경상
2019100900100381,2019년 10월 9일 15시,수요일,제주특별자치도 제주시 한림읍,경상사고,0,0,3,0,차대차 - 추돌,안전운전불이행,건조,맑음,기타 - 기타,승용,남,34세,상해없음,승용,여,50세,경상
2019100900100544,2019년 10월 9일 19시,수요일,제주특별자치도 제주시 오라이동,경상사고,0,0,2,0,차대차 - 추돌,안전거리미확보,건조,맑음,교차로 - 교차로부근,승용,여,40세,상해없음,승용,남,32세,경상
2019101000100031,2019년 10월 10일 00시,목요일,제주특별자치도 제주시 연동,경상사고,0,0,1,0,차대차 - 기타,안전운전불이행,건조,맑음,단일로 - 기타,승용,남,26세,상해없음,승용,남,66세,경상
2019101000100043,2019년 10월 10일 02시,목요일,제주특별자치도 제주시 한림읍,경상사고,0,0,1,0,차대차 - 추돌,안전운전불이행,건조,맑음,단일로 - 기타,승용,남,32세,상해없음,승용,여,35세,상해없음
2019101000100079,2019년 10월 10일 06시,목요일,제주특별자치도 제주시 애월읍,경상사고,0,0,1,0,차대차 - 정면충돌,중앙선침범,건조,맑음,단일로 - 기타,승용,남,23세,상해없음,화물,남,54세,경상
2019101000100101,2019년 10월 10일 07시,목요일,제주특별자치도 제주시 화북이동,경상사고,0,0,1,0,차대차 - 추돌,안전거리미확보,건조,맑음,교차로 - 교차로부근,승용,남,48세,상해없음,승용,여,44세,경상
2019101000100102,2019년 10월 10일 07시,목요일,제주특별자치도 서귀포시 동홍동,중상사고,0,1,0,0,차대차 - 측면충돌,직진우회전진행방해,건조,맑음,교차로 - 교차로안,승합,남,35세,상해없음,이륜,남,60세,중상
2019101000100148,2019년 10월 10일 08시,목요일,제주특별자치도 제주시 이도이동,경상사고,0,0,1,0,차대사람 - 횡단중,보행자보호의무위반,건조,맑음,교차로 - 교차로횡단보도내,승용,남,74세,상해없음,보행자,여,13세,경상
2019101000100149,2019년 10월 10일 08시,목요일,제주특별자치도 서귀포시 대정읍,경상사고,0,0,1,0,차대차 - 측면충돌,교차로운행방법위반,건조,맑음,교차로 - 교차로안,승용,여,30세,상해없음,승용,여,58세,경상
2019101000100150,2019년 10월 10일 08시,목요일,제주특별자치도 제주시 연동,경상사고,0,0,1,0,차대사람 - 횡단중,안전운전불이행,건조,맑음,교차로 - 교차로횡단보도내,승용,여,46세,상해없음,보행자,남,7세,경상
2019101000100151,2019년 10월 10일 08시,목요일,제주특별자치도 제주시 연동,경상사고,0,0,1,0,차대차 - 기타,차로위반,건조,맑음,단일로 - 기타,승용,여,65세,상해없음,승용,여,37세,경상
2019101000100220,2019년 10월 10일 10시,목요일,제주특별자치도 서귀포시 남원읍,경상사고,0,0,2,0,차대차 - 추돌,안전거리미확보,건조,맑음,교차로 - 교차로부근,화물,남,58세,상해없음,승용,여,55세,경상
2019101000100221,2019년 10월 10일 10시,목요일,제주특별자치도 제주시 도두일동,중상사고,0,1,0,1,차대차 - 추돌,안전거리미확보,건조,맑음,교차로 - 교차로안,승용,여,47세,상해없음,승용,남,62세,상해없음
2019101000100284,2019년 10월 10일 12시,목요일,제주특별자치도 제주시 외도일동,경상사고,0,0,1,0,차대차 - 추돌,안전운전불이행,건조,맑음,기타 - 기타,승용,남,77세,상해없음,화물,남,39세,경상
2019101000100376,2019년 10월 10일 14시,목요일,제주특별자치도 서귀포시 서홍동,중상사고,0,1,0,0,차대차 - 측면충돌,직진우회전진행방해,건조,맑음,교차로 - 교차로안,화물,여,58세,상해없음,승용,여,32세,중상
2019101000100377,2019년 10월 10일 14시,목요일,제주특별자치도 제주시 노형동,중상사고,0,1,2,0,차대차 - 측면충돌,신호위반,건조,맑음,교차로 - 교차로안,이륜,남,40세,중상,승용,여,52세,경상
2019101000100500,2019년 10월 10일 17시,목요일,제주특별자치도 서귀포시 색달동,경상사고,0,0,1,0,차대차 - 기타,안전운전불이행,건조,맑음,단일로 - 기타,승용,남,47세,상해없음,승합,남,44세,경상
2019101000100501,2019년 10월 10일 17시,목요일,제주특별자치도 제주시 용담이동,경상사고,0,0,1,0,차대차 - 측면충돌,직진우회전진행방해,건조,맑음,교차로 - 교차로안,승용,남,31세,상해없음,승용,여,51세,경상
2019101000100611,2019년 10월 10일 19시,목요일,제주특별자치도 제주시 삼도일동,경상사고,0,0,1,0,차대사람 - 횡단중,신호위반,건조,맑음,단일로 - 기타,화물,남,26세,상해없음,보행자,남,33세,경상
2019101000100711,2019년 10월 10일 22시,목요일,제주특별자치도 서귀포시 안덕면,중상사고,0,1,0,1,차대차 - 추돌,안전운전불이행,건조,맑음,단일로 - 기타,승용,남,44세,부상신고,승용,남,52세,중상
2019101100100059,2019년 10월 11일 01시,금요일,제주특별자치도 서귀포시 색달동,중상사고,0,1,1,0,차대차 - 측면충돌,신호위반,건조,맑음,교차로 - 교차로안,승용,남,57세,경상,승용,여,61세,중상
2019101100100122,2019년 10월 11일 07시,금요일,제주특별자치도 제주시 영평동,경상사고,0,0,1,0,차대차 - 측면충돌,안전운전불이행,건조,맑음,교차로 - 교차로안,승용,남,52세,경상,승용,남,34세,상해없음
2019101100100168,2019년 10월 11일 08시,금요일,제주특별자치도 제주시 연동,경상사고,0,0,1,0,차대차 - 기타,안전운전불이행,건조,맑음,단일로 - 기타,기타불명,남,53세,상해없음,승합,남,53세,상해없음
2019101100100245,2019년 10월 11일 10시,금요일,제주특별자치도 제주시 삼도일동,경상사고,0,0,1,0,차대차 - 측면충돌,교차로운행방법위반,건조,맑음,교차로 - 교차로안,이륜,남,74세,경상,승용,여,32세,상해없음
2019101100100282,2019년 10월 11일 11시,금요일,제주특별자치도 서귀포시 표선면,중상사고,0,1,0,0,차대차 - 기타,교차로운행방법위반,건조,맑음,교차로 - 교차로부근,자전거,여,77세,중상,승용,여,56세,상해없음
2019101100100372,2019년 10월 11일 14시,금요일,제주특별자치도 서귀포시 성산읍,경상사고,0,0,1,0,차대차 - 기타,교차로운행방법위반,건조,맑음,교차로 - 교차로안,승합,남,48세,상해없음,승용,여,27세,경상
2019101100100415,2019년 10월 11일 15시,금요일,제주특별자치도 제주시 아라일동,경상사고,0,0,2,0,차대차 - 추돌,안전운전불이행,건조,맑음,단일로 - 기타,승용,남,64세,상해없음,승용,남,27세,경상
2019101100100416,2019년 10월 11일 15시,금요일,제주특별자치도 서귀포시 성산읍,중상사고,0,1,0,0,차대차 - 측면충돌,중앙선침범,건조,맑음,단일로 - 기타,승용,남,33세,상해없음,이륜,남,38세,중상
2019101100100475,2019년 10월 11일 16시,금요일,제주특별자치도 제주시 애월읍,중상사고,0,1,0,0,차대차 - 기타,안전운전불이행,건조,맑음,단일로 - 기타,화물,남,51세,상해없음,자전거,남,12세,중상
2019101100100534,2019년 10월 11일 17시,금요일,제주특별자치도 제주시 구좌읍,경상사고,0,0,1,0,차대차 - 측면충돌,중앙선침범,건조,맑음,기타 - 기타,승용,남,33세,상해없음,승용,여,48세,경상
2019101100100535,2019년 10월 11일 17시,금요일,제주특별자치도 제주시 용담이동,부상신고사고,0,0,0,1,차대차 - 측면충돌,안전운전불이행,건조,맑음,단일로 - 기타,승용,남,44세,상해없음,개인형이동수단(PM),남,48세,부상신고
2019101100100591,2019년 10월 11일 18시,금요일,제주특별자치도 제주시 도남동,경상사고,0,0,2,0,차대차 - 추돌,안전거리미확보,건조,맑음,단일로 - 기타,화물,남,66세,상해없음,승용,여,45세,경상
2019101100100592,2019년 10월 11일 18시,금요일,제주특별자치도 제주시 이호일동,경상사고,0,0,1,0,차대차 - 기타,안전운전불이행,건조,맑음,단일로 - 기타,승용,남,21세,상해없음,승용,여,59세,경상
2019101100100593,2019년 10월 11일 18시,금요일,제주특별자치도 제주시 도평동,경상사고,0,0,1,0,차량단독 - 기타,안전운전불이행,건조,맑음,단일로 - 기타,화물,남,36세,경상,,,,
2019101100100594,2019년 10월 11일 18시,금요일,제주특별자치도 제주시 외도일동,경상사고,0,0,1,0,차대사람 - 기타,안전운전불이행,건조,맑음,단일로 - 기타,승용,남,20세,상해없음,보행자,남,63세,경상
2019101100100662,2019년 10월 11일 19시,금요일,제주특별자치도 제주시 이도이동,경상사고,0,0,2,0,차대차 - 정면충돌,신호위반,건조,맑음,교차로 - 교차로안,이륜,남,35세,경상,승용,남,61세,경상
2019101100100663,2019년 10월 11일 19시,금요일,제주특별자치도 제주시 일도이동,경상사고,0,0,1,0,차대차 - 기타,차로위반,건조,맑음,단일로 - 기타,승용,남,67세,상해없음,승용,남,71세,상해없음
2019101200100058,2019년 10월 12일 01시,토요일,제주특별자치도 서귀포시 법환동,중상사고,0,1,0,0,차대차 - 기타,안전운전불이행,건조,맑음,단일로 - 기타,승용,남,22세,중상,승용,남,42세,기타불명
2019101200100132,2019년 10월 12일 07시,토요일,제주특별자치도 제주시 조천읍,경상사고,0,0,1,0,차대차 - 기타,중앙선침범,건조,맑음,단일로 - 기타,승용,남,47세,상해없음,승용,여,59세,경상
2019101200100233,2019년 10월 12일 10시,토요일,제주특별자치도 서귀포시 대정읍,부상신고사고,0,0,0,1,차량단독 - 기타,안전운전불이행,건조,맑음,교차로 - 교차로부근,자전거,여,11세,부상신고,,,,
2019101200100234,2019년 10월 12일 10시,토요일,제주특별자치도 제주시 용담이동,부상신고사고,0,0,0,1,차대사람 - 기타,안전운전불이행,건조,맑음,단일로 - 기타,승용,남,58세,상해없음,보행자,여,60세,부상신고
2019101200100235,2019년 10월 12일 10시,토요일,제주특별자치도 제주시 한경면,경상사고,0,0,1,0,차대차 - 측면충돌,직진우회전진행방해,건조,맑음,교차로 - 교차로안,자전거,남,39세,경상,승합,남,32세,상해없음
2019101200100275,2019년 10월 12일 11시,토요일,제주특별자치도 서귀포시 동홍동,중상사고,0,2,0,0,차대차 - 측면충돌,직진우회전진행방해,건조,맑음,교차로 - 교차로안,화물,남,66세,상해없음,이륜,여,66세,중상
2019101200100322,2019년 10월 12일 12시,토요일,제주특별자치도 제주시 한경면,경상사고,0,0,1,0,차대차 - 기타,안전운전불이행,건조,맑음,단일로 - 기타,승용,여,30세,상해없음,농기계,남,79세,경상
2019101200100374,2019년 10월 12일 13시,토요일,제주특별자치도 제주시 노형동,경상사고,0,0,2,0,차대사람 - 횡단중,보행자보호의무위반,건조,맑음,교차로 - 교차로횡단보도내,승합,남,45세,상해없음,보행자,여,31세,경상
2019101200100375,2019년 10월 12일 13시,토요일,제주특별자치도 제주시 한림읍,경상사고,0,0,1,0,차대차 - 측면충돌,직진우회전진행방해,건조,맑음,교차로 - 교차로안,이륜,남,71세,경상,승용,여,34세,상해없음
2019101200100421,2019년 10월 12일 14시,토요일,제주특별자치도 제주시 조천읍,경상사고,0,0,3,0,차대차 - 기타,안전운전불이행,건조,맑음,단일로 - 기타,승용,남,28세,상해없음,승용,남,24세,경상
2019101200100533,2019년 10월 12일 16시,토요일,제주특별자치도 제주시 일도이동,경상사고,0,0,1,0,차대차 - 기타,안전운전불이행,건조,맑음,단일로 - 기타,승용,남,89세,상해없음,이륜,남,50세,경상
2019101200100534,2019년 10월 12일 16시,토요일,제주특별자치도 서귀포시 서귀동,경상사고,0,0,1,0,차대차 - 추돌,안전거리미확보,건조,맑음,교차로 - 교차로부근,화물,남,68세,상해없음,승용,남,43세,경상
2019101200100570,2019년 10월 12일 17시,토요일,제주특별자치도 제주시 삼도일동,경상사고,0,0,1,0,차대사람 - 횡단중,보행자보호의무위반,건조,맑음,단일로 - 기타,승용,남,39세,상해없음,보행자,여,10세,경상
2019101200100571,2019년 10월 12일 17시,토요일,제주특별자치도 서귀포시 대정읍,경상사고,0,0,1,0,차대차 - 측면충돌,직진우회전진행방해,건조,맑음,교차로 - 교차로안,승용,남,50세,상해없음,승용,여,55세,경상
2019101200100614,2019년 10월 12일 18시,토요일,제주특별자치도 서귀포시 동홍동,경상사고,0,0,1,0,차대사람 - 차도통행중,안전운전불이행,건조,맑음,주차장 - 주차장,승용,남,27세,상해없음,보행자,남,75세,경상
2019101200100656,2019년 10월 12일 19시,토요일,제주특별자치도 제주시 삼도이동,중상사고,0,1,0,0,차대차 - 측면충돌,직진우회전진행방해,건조,맑음,교차로 - 교차로안,화물,남,49세,상해없음,이륜,남,32세,중상
2019101300100025,2019년 10월 13일 00시,일요일,제주특별자치도 제주시 오라일동,부상신고사고,0,0,0,1,차량단독 - 기타,안전운전불이행,건조,맑음,단일로 - 기타,승용,남,64세,상해없음,,,,
2019101300100157,2019년 10월 13일 10시,일요일,제주특별자치도 서귀포시 서귀동,중상사고,0,1,0,0,차대차 - 기타,중앙선침범,건조,맑음,단일로 - 기타,승용,남,58세,상해없음,승용,여,51세,중상
2019101300100202,2019년 10월 13일 12시,일요일,제주특별자치도 제주시 애월읍,중상사고,0,1,0,0,차량단독 - 기타,안전운전불이행,건조,맑음,단일로 - 기타,승합,남,48세,상해없음,,,,
2019101300100228,2019년 10월 13일 13시,일요일,제주특별자치도 서귀포시 서귀동,경상사고,0,0,1,0,차대차 - 기타,기타,건조,맑음,단일로 - 기타,승용,남,53세,상해없음,승용,남,62세,기타불명
2019101300100272,2019년 10월 13일 14시,일요일,제주특별자치도 서귀포시 서귀동,경상사고,0,0,2,0,차대차 - 기타,안전운전불이행,건조,맑음,주차장 - 주차장,승용,여,48세,경상,승용,남,27세,경상
2019101300100273,2019년 10월 13일 14시,일요일,제주특별자치도 서귀포시 성산읍,중상사고,0,1,1,0,차대차 - 기타,차로위반,건조,맑음,교차로 - 교차로안,승용,여,25세,상해없음,승용,남,46세,중상
2019101300100335,2019년 10월 13일 16시,일요일,제주특별자치도 제주시 애월읍,부상신고사고,0,0,0,2,차량단독 - 전도전복 - 전도,안전운전불이행,건조,맑음,단일로 - 기타,승용,남,28세,부상신고,,,,
2019101300100374,2019년 10월 13일 17시,일요일,제주특별자치도 서귀포시 월평동,중상사고,0,2,0,2,차대차 - 측면충돌,중앙선침범,건조,맑음,교차로 - 교차로안,이륜,남,64세,중상,승용,여,44세,부상신고
2019101300100375,2019년 10월 13일 17시,일요일,제주특별자치도 제주시 애월읍,경상사고,0,0,4,0,차대차 - 측면충돌,교차로운행방법위반,건조,맑음,교차로 - 교차로부근,승용,여,56세,상해없음,승합,남,56세,상해없음
2019101300100445,2019년 10월 13일 19시,일요일,제주특별자치도 제주시 애월읍,경상사고,0,0,1,0,차대차 - 기타,안전거리미확보,건조,맑음,단일로 - 기타,화물,남,50세,상해없음,승용,여,45세,상해없음
2019101400100040,2019년 10월 14일 01시,월요일,제주특별자치도 제주시 화북일동,중상사고,0,1,0,0,차대사람 - 횡단중,안전운전불이행,건조,맑음,교차로 - 교차로횡단보도내,승용,남,61세,상해없음,보행자,남,16세,중상
2019101400100061,2019년 10월 14일 05시,월요일,제주특별자치도 제주시 이도일동,경상사고,0,0,2,0,차대사람 - 기타,안전운전불이행,건조,맑음,단일로 - 기타,화물,남,42세,상해없음,보행자,남,74세,경상
2019101400100143,2019년 10월 14일 08시,월요일,제주특별자치도 제주시 봉개동,경상사고,0,0,1,0,차대차 - 기타,중앙선침범,건조,맑음,단일로 - 기타,화물,남,55세,상해없음,승용,남,37세,경상
2019101400100183,2019년 10월 14일 09시,월요일,제주특별자치도 제주시 삼도일동,중상사고,0,1,0,0,차대차 - 기타,안전운전불이행,건조,맑음,교차로 - 교차로부근,승합,여,44세,상해없음,승합,남,60세,상해없음
2019101400100184,2019년 10월 14일 09시,월요일,제주특별자치도 제주시 오라일동,경상사고,0,0,1,1,차대차 - 측면충돌,기타,건조,맑음,교차로 - 교차로안,승용,여,48세,부상신고,승용,여,52세,경상
2019101400100185,2019년 10월 14일 09시,월요일,제주특별자치도 서귀포시 대정읍,경상사고,0,0,2,0,차대차 - 기타,신호위반,건조,맑음,교차로 - 교차로안,화물,남,78세,기타불명,승합,남,49세,경상
2019101400100261,2019년 10월 14일 11시,월요일,제주특별자치도 제주시 오라이동,부상신고사고,0,0,0,1,차대사람 - 기타,안전운전불이행,건조,맑음,단일로 - 기타,승합,남,39세,상해없음,보행자,여,43세,부상신고
2019101400100262,2019년 10월 14일 11시,월요일,제주특별자치도 제주시 한림읍,경상사고,0,0,2,1,차대차 - 측면충돌,신호위반,건조,맑음,교차로 - 교차로안,승용,여,48세,부상신고,화물,남,38세,경상
2019101400100263,2019년 10월 14일 11시,월요일,제주특별자치도 제주시 애월읍,경상사고,0,0,1,0,차대차 - 측면충돌,안전운전불이행,건조,맑음,기타 - 기타,승용,남,46세,상해없음,자전거,남,54세,경상
2019101400100264,2019년 10월 14일 11시,월요일,제주특별자치도 제주시 애월읍,경상사고,0,0,2,0,차대차 - 추돌,안전운전불이행,건조,맑음,교차로 - 교차로부근,승용,여,32세,상해없음,승용,여,28세,경상
2019101400100344,2019년 10월 14일 13시,월요일,제주특별자치도 제주시 일도이동,중상사고,0,1,0,0,차대사람 - 보도통행중,기타,건조,맑음,단일로 - 기타,승용,남,30세,상해없음,보행자,남,37세,중상
2019101400100345,2019년 10월 14일 13시,월요일,제주특별자치도 제주시 한림읍,중상사고,0,1,0,0,차대사람 - 길가장자리구역통행중,안전운전불이행,건조,맑음,단일로 - 기타,사륜오토바이(ATV),남,80세,상해없음,보행자,여,67세,중상
2019101400100383,2019년 10월 14일 14시,월요일,제주특별자치도 제주시 구좌읍,경상사고,0,0,1,0,차대차 - 정면충돌,중앙선침범,건조,맑음,단일로 - 기타,승용,여,25세,상해없음,승용,남,29세,상해없음
2019101400100646,2019년 10월 14일 19시,월요일,제주특별자치도 제주시 노형동,중상사고,0,1,0,0,차대사람 - 기타,신호위반,건조,맑음,교차로 - 교차로안,이륜,남,26세,상해없음,보행자,남,14세,중상
2019101400100647,2019년 10월 14일 19시,월요일,제주특별자치도 제주시 노형동,경상사고,0,0,1,0,차대차 - 측면충돌,신호위반,건조,맑음,교차로 - 교차로안,이륜,남,69세,경상,승용,여,50세,상해없음
2019101400100691,2019년 10월 14일 20시,월요일,제주특별자치도 제주시 일도이동,경상사고,0,0,1,0,차대차 - 측면충돌,안전운전불이행,건조,맑음,교차로 - 교차로안,승용,남,54세,상해없음,자전거,남,57세,경상
2019101400100692,2019년 10월 14일 20시,월요일,제주특별자치도 제주시 일도이동,경상사고,0,0,1,0,차량단독 - 기타,기타,건조,맑음,단일로 - 기타,승용,남,67세,상해없음,,,,
2019101400100721,2019년 10월 14일 21시,월요일,제주특별자치도 제주시 조천읍,경상사고,0,0,1,0,차대차 - 기타,신호위반,건조,맑음,교차로 - 교차로안,승용,여,42세,상해없음,승용,여,26세,경상
2019101500100197,2019년 10월 15일 09시,화요일,제주특별자치도 제주시 구좌읍,경상사고,0,0,1,0,차대차 - 측면충돌,신호위반,건조,맑음,교차로 - 교차로안,화물,남,50세,상해없음,화물,남,72세,경상
2019101500100282,2019년 10월 15일 11시,화요일,제주특별자치도 제주시 건입동,중상사고,0,1,0,1,차대차 - 측면충돌,신호위반,건조,맑음,교차로 - 교차로안,승용,남,60세,상해없음,승용,남,28세,중상
2019101500100283,2019년 10월 15일 11시,화요일,제주특별자치도 서귀포시 하원동,경상사고,0,0,1,0,차대차 - 측면충돌,안전운전불이행,건조,맑음,기타 - 기타,건설기계,남,69세,상해없음,승용,여,62세,경상
2019101500100330,2019년 10월 15일 12시,화요일,제주특별자치도 제주시 이도이동,경상사고,0,0,1,0,차대차 - 기타,안전운전불이행,건조,맑음,단일로 - 기타,화물,남,27세,상해없음,승용,남,24세,경상
2019101500100397,2019년 10월 15일 14시,화요일,제주특별자치도 제주시 도련일동,경상사고,0,0,2,0,차대차 - 정면충돌,기타,젖음/습기,비,단일로 - 기타,승용,여,40세,상해없음,승용,여,39세,경상
2019101500100398,2019년 10월 15일 14시,화요일,제주특별자치도 제주시 애월읍,경상사고,0,0,1,0,차대사람 - 기타,안전운전불이행,건조,맑음,단일로 - 기타,승용,남,26세,상해없음,보행자,여,69세,경상
2019101500100446,2019년 10월 15일 15시,화요일,제주특별자치도 제주시 용담이동,경상사고,0,0,1,0,차대차 - 측면충돌,교차로운행방법위반,젖음/습기,비,교차로 - 교차로안,승용,남,61세,상해없음,승용,남,23세,상해없음
2019101500100447,2019년 10월 15일 15시,화요일,제주특별자치도 제주시 용담이동,경상사고,0,0,1,0,차량단독 - 기타,기타,건조,맑음,교차로 - 교차로부근,승합,남,50세,상해없음,,,,
2019101500100687,2019년 10월 15일 20시,화요일,제주특별자치도 제주시 오라일동,경상사고,0,0,1,0,차대사람 - 횡단중,보행자보호의무위반,건조,맑음,교차로 - 교차로횡단보도내,화물,남,36세,상해없음,보행자,남,72세,경상
2019101600100044,2019년 10월 16일 00시,수요일,제주특별자치도 제주시 삼양일동,경상사고,0,0,1,0,차대사람 - 기타,안전운전불이행,건조,맑음,교차로 - 교차로횡단보도내,승용,남,27세,상해없음,보행자,남,35세,경상
2019101600100171,2019년 10월 16일 08시,수요일,제주특별자치도 제주시 구좌읍,경상사고,0,0,1,0,차대차 - 측면충돌,안전거리미확보,건조,맑음,교차로 - 교차로부근,화물,남,52세,상해없음,승용,여,35세,경상
2019101600100217,2019년 10월 16일 09시,수요일,제주특별자치도 제주시 도두이동,경상사고,0,0,1,0,차대차 - 기타,교차로운행방법위반,건조,맑음,교차로 - 교차로안,승용,여,52세,경상,화물,남,67세,상해없음
2019101600100258,2019년 10월 16일 10시,수요일,제주특별자치도 제주시 삼도이동,부상신고사고,0,0,0,1,차량단독 - 공작물충돌,안전운전불이행,건조,맑음,단일로 - 기타,승용,남,24세,상해없음,,,,
2019101600100289,2019년 10월 16일 11시,수요일,제주특별자치도 제주시 용담이동,중상사고,0,1,0,0,차량단독 - 전도전복 - 전도,안전운전불이행,건조,맑음,단일로 - 기타,자전거,남,40세,중상,,,,