사고번호,사고일시,요일,시군구,사고내용,사망자수,중상자수,경상자수,부상신고자수,사고유형,법규위반,노면상태,기상상태,도로형태,가해운전자 차종,가해운전자 성별,가해운전자 연령,가해운전자 상해정도,피해운전자 차종,피해운전자 성별,피해운전자 연령,피해운전자 상해정도
2019102600100508,2019년 10월 26일 17시,토요일,제주특별자치도 제주시 애월읍,경상사고,0,0,2,0,차대차 - 측면충돌,교차로운행방법위반,건조,맑음,교차로 - 교차로안,승용,여,28세,경상,화물,남,50세,상해없음
2019102600100556,2019년 10월 26일 18시,토요일,제주특별자치도 제주시 삼양이동,중상사고,0,1,0,0,차대사람 - 횡단중,안전운전불이행,건조,맑음,교차로 - 교차로횡단보도내,승용,남,40세,상해없음,보행자,여,84세,중상
2019102600100557,2019년 10월 26일 18시,토요일,제주특별자치도 제주시 일도이동,경상사고,0,0,2,0,차대차 - 측면충돌,직진우회전진행방해,건조,맑음,교차로 - 교차로안,승용,남,59세,상해없음,승용,남,45세,경상
2019102600100558,2019년 10월 26일 18시,토요일,제주특별자치도 제주시 한림읍,경상사고,0,0,1,0,차대차 - 측면충돌,중앙선침범,건조,맑음,단일로 - 기타,화물,남,75세,상해없음,승용,남,20세,경상
2019102600100590,2019년 10월 26일 19시,토요일,제주특별자치도 제주시 도남동,경상사고,0,0,1,0,차대사람 - 기타,안전운전불이행,건조,맑음,교차로 - 교차로부근,승용,남,29세,기타불명,보행자,남,22세,경상
2019102600100591,2019년 10월 26일 19시,토요일,제주특별자치도 제주시 용담이동,부상신고사고,0,0,0,1,차대차 - 측면충돌,기타,건조,맑음,단일로 - 기타,화물,남,63세,부상신고,승용,남,37세,상해없음
2019102600100723,2019년 10월 26일 23시,토요일,제주특별자치도 제주시 연동,부상신고사고,0,0,0,1,차대차 - 측면충돌,안전거리미확보,건조,맑음,단일로 - 기타,승용,남,21세,상해없음,승용,남,55세,부상신고
2019102700100139,2019년 10월 27일 07시,일요일,제주특별자치도 서귀포시 남원읍,중상사고,0,1,4,0,차대차 - 기타,중앙선침범,건조,맑음,단일로 - 기타,승용,여,61세,상해없음,승용,남,47세,경상
2019102700100177,2019년 10월 27일 09시,일요일,제주특별자치도 서귀포시 법환동,경상사고,0,0,2,0,차대차 - 기타,직진우회전진행방해,건조,맑음,교차로 - 교차로안,승용,여,64세,상해없음,승용,여,50세,경상
2019102700100178,2019년 10월 27일 09시,일요일,제주특별자치도 서귀포시 동홍동,중상사고,0,1,0,0,차량단독 - 공작물충돌,안전운전불이행,건조,맑음,단일로 - 기타,화물,남,55세,중상,,,,
2019102700100202,2019년 10월 27일 10시,일요일,제주특별자치도 제주시 이도이동,부상신고사고,0,0,0,1,차대사람 - 기타,안전운전불이행,건조,맑음,단일로 - 기타,승용,남,54세,상해없음,보행자,여,73세,부상신고
2019102700100265,2019년 10월 27일 12시,일요일,제주특별자치도 제주시 노형동,중상사고,0,1,0,0,차대차 - 추돌,안전운전불이행,건조,맑음,단일로 - 기타,승합,여,51세,상해없음,승용,여,46세,중상
2019102700100302,2019년 10월 27일 13시,일요일,제주특별자치도 서귀포시 서귀동,중상사고,0,1,0,0,차대차 - 정면충돌,직진우회전진행방해,건조,맑음,단일로 - 기타,승용,여,31세,상해없음,이륜,남,32세,중상
2019102700100303,2019년 10월 27일 13시,일요일,제주특별자치도 제주시 이호이동,경상사고,0,0,1,0,차대차 - 기타,교차로운행방법위반,건조,맑음,교차로 - 교차로안,승용,남,48세,상해없음,승합,남,47세,경상
2019102700100388,2019년 10월 27일 15시,일요일,제주특별자치도 서귀포시 안덕면,경상사고,0,0,2,0,차대차 - 기타,중앙선침범,건조,맑음,단일로 - 기타,승용,남,58세,상해없음,승용,남,54세,경상
2019102700100424,2019년 10월 27일 16시,일요일,제주특별자치도 서귀포시 성산읍,경상사고,0,0,1,0,차대차 - 측면충돌,중앙선침범,건조,맑음,단일로 - 기타,이륜,여,74세,경상,승용,여,25세,상해없음
2019102700100425,2019년 10월 27일 16시,일요일,제주특별자치도 서귀포시 법환동,경상사고,0,0,1,0,차대차 - 측면충돌,안전운전불이행,건조,맑음,단일로 - 기타,자전거,남,11세,경상,승용,남,43세,상해없음
2019102700100457,2019년 10월 27일 17시,일요일,제주특별자치도 서귀포시 도순동,중상사고,0,1,0,0,차대차 - 정면충돌,신호위반,건조,맑음,교차로 - 교차로안,승용,여,69세,상해없음,화물,남,61세,중상
2019102700100458,2019년 10월 27일 17시,일요일,제주특별자치도 제주시 용담이동,경상사고,0,0,2,0,차대차 - 추돌,안전거리미확보,건조,맑음,교차로 - 교차로부근,승용,남,47세,상해없음,승용,남,36세,경상
2019102700100604,2019년 10월 27일 21시,일요일,제주특별자치도 서귀포시 색달동,경상사고,0,0,1,0,차량단독 - 기타,안전운전불이행,건조,기타,단일로 - 기타,이륜,남,36세,경상,,,,
2019102700100620,2019년 10월 27일 22시,일요일,제주특별자치도 제주시 도두일동,경상사고,0,0,5,0,차대차 - 기타,안전거리미확보,건조,맑음,단일로 - 기타,화물,남,28세,상해없음,승용,여,31세,경상
2019102800100036,2019년 10월 28일 01시,월요일,제주특별자치도 서귀포시 성산읍,중상사고,0,1,0,0,차량단독 - 공작물충돌,안전운전불이행,건조,맑음,교차로 - 교차로안,승용,남,22세,상해없음,,,,
2019102800100104,2019년 10월 28일 07시,월요일,제주특별자치도 제주시 건입동,부상신고사고,0,0,0,1,차대차 - 기타,교차로운행방법위반,건조,맑음,교차로 - 교차로안,자전거,남,52세,부상신고,승용,여,46세,상해없음
2019102800100153,2019년 10월 28일 08시,월요일,제주특별자치도 제주시 오등동,경상사고,0,0,1,0,차대차 - 추돌,신호위반,건조,맑음,교차로 - 교차로안,승용,여,30세,상해없음,승용,여,44세,경상
2019102800100154,2019년 10월 28일 08시,월요일,제주특별자치도 제주시 건입동,경상사고,0,0,3,0,차대차 - 측면충돌,직진우회전진행방해,건조,맑음,교차로 - 교차로안,승용,여,31세,경상,승용,여,22세,경상
2019102800100184,2019년 10월 28일 09시,월요일,제주특별자치도 제주시 구좌읍,경상사고,0,0,4,2,차대차 - 기타,교차로운행방법위반,건조,맑음,교차로 - 교차로안,승용,남,53세,경상,승용,남,34세,부상신고
2019102800100309,2019년 10월 28일 12시,월요일,제주특별자치도 제주시 애월읍,중상사고,0,1,0,0,차대사람 - 기타,안전운전불이행,건조,맑음,기타 - 기타,화물,남,46세,상해없음,보행자,남,47세,중상
2019102800100345,2019년 10월 28일 13시,월요일,제주특별자치도 제주시 구좌읍,경상사고,0,0,1,0,차대차 - 기타,안전거리미확보,건조,맑음,단일로 - 기타,원동기,남,74세,경상,승용,남,33세,상해없음
2019102800100456,2019년 10월 28일 16시,월요일,제주특별자치도 제주시 구좌읍,경상사고,0,0,1,0,차대차 - 기타,안전운전불이행,건조,맑음,단일로 - 기타,승용,남,26세,상해없음,승합,여,49세,상해없음
2019102800100508,2019년 10월 28일 17시,월요일,제주특별자치도 제주시 화북일동,경상사고,0,0,1,0,차대사람 - 기타,기타,건조,맑음,단일로 - 기타,승합,남,47세,상해없음,보행자,여,72세,경상
2019102800100567,2019년 10월 28일 18시,월요일,제주특별자치도 서귀포시 성산읍,경상사고,0,0,5,0,차대차 - 추돌,안전운전불이행,건조,기타,교차로 - 교차로부근,승용,여,57세,상해없음,승용,남,29세,경상
2019102800100646,2019년 10월 28일 20시,월요일,제주특별자치도 제주시 화북일동,경상사고,0,0,1,1,차대차 - 기타,직진우회전진행방해,건조,맑음,교차로 - 교차로안,이륜,남,37세,부상신고,승용,남,49세,경상
2019102800100674,2019년 10월 28일 21시,월요일,제주특별자치도 제주시 노형동,경상사고,0,0,1,0,차대차 - 기타,안전거리미확보,건조,맑음,교차로 - 교차로안,승합,남,48세,상해없음,승용,남,58세,경상
2019102800100698,2019년 10월 28일 22시,월요일,제주특별자치도 제주시 삼도이동,중상사고,0,1,0,0,차대사람 - 기타,안전운전불이행,건조,맑음,단일로 - 기타,승용,남,62세,상해없음,보행자,남,61세,중상
2019102800100699,2019년 10월 28일 22시,월요일,제주특별자치도 서귀포시 서호동,부상신고사고,0,0,0,1,차량단독 - 기타,안전운전불이행,건조,기타,단일로 - 기타,승용,남,48세,부상신고,,,,
2019102900100054,2019년 10월 29일 02시,화요일,제주특별자치도 제주시 이도이동,경상사고,0,0,1,0,차대사람 - 기타,안전운전불이행,건조,맑음,단일로 - 기타,승용,남,47세,상해없음,보행자,남,21세,경상
2019102900100072,2019년 10월 29일 05시,화요일,제주특별자치도 제주시 이도이동,경상사고,0,0,2,0,차대차 - 측면충돌,신호위반,건조,맑음,교차로 - 교차로안,화물,남,38세,경상,화물,남,43세,경상
2019102900100073,2019년 10월 29일 05시,화요일,제주특별자치도 제주시 연동,중상사고,0,1,0,0,차대사람 - 횡단중,안전운전불이행,건조,맑음,교차로 - 교차로횡단보도내,승용,남,47세,상해없음,보행자,여,47세,중상
2019102900100175,2019년 10월 29일 08시,화요일,제주특별자치도 제주시 노형동,경상사고,0,0,1,0,차대차 - 측면충돌,안전운전불이행,건조,맑음,교차로 - 교차로안,이륜,여,58세,경상,화물,남,33세,상해없음
2019102900100209,2019년 10월 29일 09시,화요일,제주특별자치도 서귀포시 대정읍,경상사고,0,0,1,0,차대차 - 측면충돌,직진우회전진행방해,건조,맑음,교차로 - 교차로안,승합,남,64세,상해없음,자전거,여,72세,경상
2019102900100245,2019년 10월 29일 10시,화요일,제주특별자치도 서귀포시 강정동,경상사고,0,0,3,0,차대차 - 기타,안전운전불이행,건조,맑음,단일로 - 기타,승용,여,51세,상해없음,승용,남,31세,경상
2019102900100280,2019년 10월 29일 11시,화요일,제주특별자치도 제주시 한경면,경상사고,0,0,1,0,차대사람 - 기타,교차로운행방법위반,건조,맑음,교차로 - 교차로안,화물,남,56세,상해없음,보행자,남,61세,경상
2019102900100339,2019년 10월 29일 13시,화요일,제주특별자치도 제주시 오라일동,경상사고,0,0,1,0,차대사람 - 횡단중,안전운전불이행,건조,맑음,단일로 - 기타,승용,남,46세,상해없음,보행자,남,19세,경상
2019102900100340,2019년 10월 29일 13시,화요일,제주특별자치도 제주시 도남동,경상사고,0,0,1,0,차대차 - 측면충돌,안전운전불이행,건조,맑음,교차로 - 교차로안,자전거,남,34세,경상,승용,남,57세,상해없음
2019102900100425,2019년 10월 29일 15시,화요일,제주특별자치도 서귀포시 서귀동,중상사고,0,1,2,0,차대차 - 기타,직진우회전진행방해,건조,맑음,교차로 - 교차로안,승용,여,28세,경상,승용,여,47세,중상
2019102900100472,2019년 10월 29일 16시,화요일,제주특별자치도 제주시 삼양이동,경상사고,0,0,1,0,차대차 - 기타,교차로운행방법위반,건조,맑음,교차로 - 교차로안,자전거,여,62세,경상,승용,남,48세,상해없음
2019102900100473,2019년 10월 29일 16시,화요일,제주특별자치도 제주시 애월읍,경상사고,0,0,5,0,차대차 - 기타,중앙선침범,건조,맑음,단일로 - 기타,승용,여,25세,상해없음,승용,여,39세,경상
2019102900100621,2019년 10월 29일 19시,화요일,제주특별자치도 서귀포시 서귀동,경상사고,0,0,4,0,차대차 - 기타,안전운전불이행,건조,맑음,단일로 - 기타,화물,남,28세,경상,승용,남,49세,경상
2019102900100663,2019년 10월 29일 20시,화요일,제주특별자치도 제주시 삼도일동,사망사고,1,0,0,0,차대사람 - 기타,안전운전불이행,건조,맑음,교차로 - 교차로부근,승용,여,46세,상해없음,보행자,남,56세,사망
2019102900100664,2019년 10월 29일 20시,화요일,제주특별자치도 서귀포시 서귀동,경상사고,0,0,1,0,차대사람 - 횡단중,보행자보호의무위반,기타,맑음,교차로 - 교차로횡단보도내,승용,남,26세,기타불명,보행자,남,18세,경상
2019103000100072,2019년 10월 30일 04시,수요일,제주특별자치도 서귀포시 서호동,중상사고,0,1,0,0,차대차 - 기타,신호위반,건조,맑음,교차로 - 교차로안,승용,남,43세,상해없음,승합,남,33세,중상
2019103000100133,2019년 10월 30일 07시,수요일,제주특별자치도 서귀포시 토평동,중상사고,0,1,0,0,차대차 - 기타,안전운전불이행,건조,맑음,단일로 - 기타,화물,남,69세,상해없음,이륜,여,70세,중상
2019103000100168,2019년 10월 30일 08시,수요일,제주특별자치도 제주시 도련이동,경상사고,0,0,1,0,차대차 - 측면충돌,안전거리미확보,건조,맑음,교차로 - 교차로부근,승합,여,66세,상해없음,승용,남,33세,경상
2019103000100169,2019년 10월 30일 08시,수요일,제주특별자치도 서귀포시 남원읍,경상사고,0,0,2,0,차대차 - 측면충돌,교차로운행방법위반,건조,맑음,교차로 - 교차로안,화물,남,74세,경상,승용,여,58세,경상
2019103000100233,2019년 10월 30일 09시,수요일,제주특별자치도 제주시 연동,중상사고,0,1,0,0,차대차 - 기타,안전거리미확보,건조,맑음,단일로 - 기타,승용,여,53세,상해없음,이륜,남,67세,중상
2019103000100266,2019년 10월 30일 10시,수요일,제주특별자치도 서귀포시 대정읍,중상사고,0,1,0,0,차량단독 - 기타,안전운전불이행,건조,맑음,교차로 - 교차로안,이륜,여,25세,중상,,,,
2019103000100330,2019년 10월 30일 12시,수요일,제주특별자치도 제주시 노형동,경상사고,0,0,2,0,차대차 - 측면충돌,직진우회전진행방해,건조,맑음,교차로 - 교차로안,승용,여,59세,경상,승용,남,57세,경상
2019103000100372,2019년 10월 30일 13시,수요일,제주특별자치도 제주시 연동,경상사고,0,0,1,0,차대차 - 기타,직진우회전진행방해,건조,맑음,교차로 - 교차로안,화물,남,25세,상해없음,이륜,남,57세,경상
2019103000100460,2019년 10월 30일 15시,수요일,제주특별자치도 제주시 아라일동,중상사고,0,2,0,0,차대차 - 측면충돌,중앙선침범,건조,맑음,단일로 - 기타,승합,남,52세,상해없음,승용,여,39세,중상
2019103000100461,2019년 10월 30일 15시,수요일,제주특별자치도 제주시 노형동,중상사고,0,5,0,0,차대차 - 기타,신호위반,건조,맑음,교차로 - 교차로안,승용,여,62세,중상,승용,여,30세,중상
2019103000100567,2019년 10월 30일 17시,수요일,제주특별자치도 제주시 봉개동,경상사고,0,0,3,0,차대차 - 추돌,안전거리미확보,건조,맑음,단일로 - 기타,승용,남,36세,기타불명,승용,남,48세,경상
2019103000100568,2019년 10월 30일 17시,수요일,제주특별자치도 제주시 연동,중상사고,0,1,1,0,차대차 - 기타,불법유턴,건조,맑음,교차로 - 교차로안,승용,여,41세,상해없음,화물,남,40세,중상
2019103000100636,2019년 10월 30일 18시,수요일,제주특별자치도 서귀포시 색달동,경상사고,0,0,2,0,차대차 - 측면충돌,안전운전불이행,건조,맑음,단일로 - 기타,승용,여,24세,상해없음,승합,여,57세,경상
2019103000100693,2019년 10월 30일 19시,수요일,제주특별자치도 서귀포시 안덕면,중상사고,0,2,1,0,차대차 - 측면충돌,신호위반,건조,맑음,교차로 - 교차로안,승용,여,56세,경상,승용,여,43세,중상
2019103000100694,2019년 10월 30일 19시,수요일,제주특별자치도 서귀포시 서귀동,중상사고,0,1,0,0,차대사람 - 기타,안전운전불이행,건조,맑음,단일로 - 기타,이륜,남,42세,상해없음,보행자,여,60세,중상
2019103000100763,2019년 10월 30일 21시,수요일,제주특별자치도 서귀포시 중문동,경상사고,0,0,1,0,차대차 - 측면충돌,안전거리미확보,건조,맑음,단일로 - 기타,승용,남,41세,상해없음,승용,남,48세,경상
2019103100100096,2019년 10월 31일 07시,목요일,제주특별자치도 제주시 건입동,중상사고,0,1,0,0,차대사람 - 횡단중,보행자보호의무위반,건조,맑음,단일로 - 기타,승용,남,73세,상해없음,보행자,남,14세,중상
2019103100100144,2019년 10월 31일 08시,목요일,제주특별자치도 제주시 애월읍,경상사고,0,0,1,0,차대차 - 측면충돌,과속,건조,맑음,교차로 - 교차로안,승용,남,56세,상해없음,화물,여,51세,경상
2019103100100145,2019년 10월 31일 08시,목요일,제주특별자치도 제주시 이호일동,경상사고,0,0,1,0,차대차 - 기타,안전운전불이행,건조,맑음,교차로 - 교차로부근,승용,여,51세,상해없음,자전거,남,42세,경상
2019103100100229,2019년 10월 31일 10시,목요일,제주특별자치도 제주시 용담이동,경상사고,0,0,2,0,차대차 - 기타,차로위반,건조,맑음,교차로 - 교차로부근,건설기계,남,49세,상해없음,승용,여,31세,경상
2019103100100260,2019년 10월 31일 11시,목요일,제주특별자치도 서귀포시 동홍동,중상사고,0,1,1,0,차대사람 - 횡단중,보행자보호의무위반,건조,맑음,교차로 - 교차로횡단보도내,이륜,남,23세,중상,보행자,여,71세,경상
2019103100100303,2019년 10월 31일 12시,목요일,제주특별자치도 서귀포시 남원읍,경상사고,0,0,1,0,차대차 - 기타,안전운전불이행,건조,맑음,교차로 - 교차로안,승용,남,50세,상해없음,승용,여,56세,경상
2019103100100304,2019년 10월 31일 12시,목요일,제주특별자치도 제주시 용담이동,경상사고,0,0,4,0,차대차 - 추돌,안전거리미확보,건조,맑음,단일로 - 기타,승용,남,34세,상해없음,승용,남,38세,경상
2019103100100340,2019년 10월 31일 13시,목요일,제주특별자치도 제주시 조천읍,경상사고,0,0,3,0,차대차 - 기타,직진우회전진행방해,건조,맑음,교차로 - 교차로안,승용,남,26세,경상,승용,여,54세,경상
2019103100100519,2019년 10월 31일 17시,목요일,제주특별자치도 서귀포시 대정읍,중상사고,0,1,1,0,차대차 - 정면충돌,중앙선침범,건조,맑음,단일로 - 기타,승용,남,29세,상해없음,화물,남,36세,상해없음
2019103100100581,2019년 10월 31일 18시,목요일,제주특별자치도 서귀포시 남원읍,중상사고,0,1,0,0,차대차 - 기타,교차로운행방법위반,건조,맑음,교차로 - 교차로부근,특수,남,27세,상해없음,승용,남,53세,중상
2019103100100582,2019년 10월 31일 18시,목요일,제주특별자치도 제주시 해안동,중상사고,0,1,0,0,차대사람 - 횡단중,안전운전불이행,건조,기타,단일로 - 기타,승용,남,26세,상해없음,보행자,여,82세,중상
2019103100100583,2019년 10월 31일 18시,목요일,제주특별자치도 제주시 연동,중상사고,0,1,0,0,차대사람 - 횡단중,안전운전불이행,건조,맑음,교차로 - 교차로부근,승용,여,64세,상해없음,보행자,남,12세,중상
2019103100100695,2019년 10월 31일 21시,목요일,제주특별자치도 제주시 연동,경상사고,0,0,1,0,차대사람 - 기타,기타,건조,맑음,단일로 - 기타,승용,여,24세,상해없음,보행자,여,20세,경상
2019110100100042,2019년 11월 1일 00시,금요일,제주특별자치도 제주시 이도이동,경상사고,0,0,3,0,차대차 - 측면충돌,안전운전불이행,건조,맑음,교차로 - 교차로안,승용,남,28세,상해없음,승용,남,60세,경상
2019110100100043,2019년 11월 1일 00시,금요일,제주특별자치도 서귀포시 색달동,경상사고,0,0,2,0,차대차 - 기타,신호위반,건조,맑음,교차로 - 교차로안,승용,남,25세,경상,승용,남,46세,경상
2019110100100075,2019년 11월 1일 04시,금요일,제주특별자치도 제주시 일도이동,중상사고,0,1,0,0,차대사람 - 기타,안전운전불이행,건조,흐림,단일로 - 기타,승용,남,48세,상해없음,보행자,남,47세,중상
2019110100100186,2019년 11월 1일 08시,금요일,제주특별자치도 제주시 일도이동,중상사고,0,1,0,0,차대사람 - 횡단중,보행자보호의무위반,건조,맑음,교차로 - 교차로횡단보도내,승용,여,40세,상해없음,보행자,남,35세,중상
2019110100100238,2019년 11월 1일 09시,금요일,제주특별자치도 제주시 노형동,경상사고,0,0,1,0,차대차 - 기타,안전운전불이행,건조,맑음,단일로 - 기타,승용,남,54세,상해없음,승용,여,23세,기타불명
2019110100100239,2019년 11월 1일 09시,금요일,제주특별자치도 제주시 노형동,경상사고,0,0,2,0,차대차 - 기타,안전운전불이행,건조,맑음,단일로 - 기타,승용,여,39세,경상,승용,남,30세,경상
2019110100100262,2019년 11월 1일 10시,금요일,제주특별자치도 서귀포시 안덕면,경상사고,0,0,1,0,차대차 - 측면충돌,직진우회전진행방해,건조,맑음,교차로 - 교차로안,승용,남,31세,상해없음,농기계,남,81세,경상
2019110100100382,2019년 11월 1일 13시,금요일,제주특별자치도 제주시 일도일동,경상사고,0,0,1,0,차대차 - 측면충돌,신호위반,건조,맑음,교차로 - 교차로안,승용,여,35세,기타불명,승용,남,71세,상해없음
2019110100100383,2019년 11월 1일 13시,금요일,제주특별자치도 제주시 애월읍,중상사고,0,1,0,0,차대차 - 기타,안전거리미확보,건조,맑음,단일로 - 기타,승용,여,59세,상해없음,원동기,남,31세,중상
2019110100100427,2019년 11월 1일 14시,금요일,제주특별자치도 서귀포시 중문동,중상사고,0,1,0,0,차대차 - 측면충돌,안전운전불이행,건조,맑음,교차로 - 교차로안,사륜오토바이(ATV),여,83세,중상,화물,남,62세,상해없음
2019110100100428,2019년 11월 1일 14시,금요일,제주특별자치도 제주시 이호이동,중상사고,0,1,0,0,차대사람 - 기타,안전운전불이행,건조,맑음,기타 - 기타,승용,여,42세,상해없음,보행자,여,51세,중상
2019110100100506,2019년 11월 1일 16시,금요일,제주특별자치도 서귀포시 성산읍,중상사고,0,1,1,0,차량단독 - 공작물충돌,안전운전불이행,건조,맑음,단일로 - 기타,승용,남,70세,경상,,,,
2019110100100620,2019년 11월 1일 18시,금요일,제주특별자치도 서귀포시 안덕면,경상사고,0,0,1,0,차대차 - 추돌,안전운전불이행,건조,맑음,단일로 - 기타,승용,남,62세,상해없음,승용,여,38세,경상
2019110100100621,2019년 11월 1일 18시,금요일,제주특별자치도 제주시 해안동,경상사고,0,0,1,0,차대차 - 추돌,안전운전불이행,건조,맑음,단일로 - 기타,승합,남,48세,상해없음,승용,여,34세,경상
2019110100100683,2019년 11월 1일 19시,금요일,제주특별자치도 제주시 화북일동,경상사고,0,0,2,0,차대사람 - 횡단중,보행자보호의무위반,건조,맑음,교차로 - 교차로안,승용,남,61세,상해없음,보행자,남,30세,경상
2019110200100084,2019년 11월 2일 04시,토요일,제주특별자치도 제주시 애월읍,경상사고,0,0,1,0,차대차 - 추돌,안전운전불이행,건조,맑음,단일로 - 기타,승용,남,31세,상해없음,이륜,남,58세,경상
2019110200100102,2019년 11월 2일 05시,토요일,제주특별자치도 제주시 연동,중상사고,0,1,0,0,차대차 - 측면충돌,신호위반,건조,맑음,교차로 - 교차로안,개인형이동수단(PM),남,60세,중상,화물,남,52세,상해없음
2019110200100103,2019년 11월 2일 05시,토요일,제주특별자치도 제주시 애월읍,부상신고사고,0,0,0,16,차대차 - 측면충돌,안전거리미확보,건조,맑음,단일로 - 기타,승용,여,48세,상해없음,승합,남,25세,상해없음
2019110200100121,2019년 11월 2일 06시,토요일,제주특별자치도 제주시 아라일동,경상사고,0,0,1,0,차대차 - 추돌,안전거리미확보,건조,맑음,교차로 - 교차로부근,승용,남,38세,상해없음,승용,남,50세,경상
2019110200100195,2019년 11월 2일 09시,토요일,제주특별자치도 제주시 애월읍,경상사고,0,0,1,0,차대차 - 기타,직진우회전진행방해,건조,맑음,교차로 - 교차로안,이륜,남,37세,경상,화물,남,47세,상해없음
2019110200100237,2019년 11월 2일 10시,토요일,제주특별자치도 제주시 한경면,중상사고,0,1,0,0,차대차 - 기타,안전운전불이행,건조,맑음,단일로 - 기타,승용,여,69세,중상,화물,남,59세,상해없음
2019110200100286,2019년 11월 2일 11시,토요일,제주특별자치도 제주시 아라일동,부상신고사고,0,0,0,1,차대차 - 기타,안전운전불이행,건조,맑음,단일로 - 기타,이륜,남,21세,부상신고,승합,남,57세,상해없음
2019110200100329,2019년 11월 2일 12시,토요일,제주특별자치도 제주시 용담일동,부상신고사고,0,0,0,1,차대차 - 추돌,안전운전불이행,건조,맑음,단일로 - 기타,이륜,여,67세,부상신고,승용,남,71세,상해없음
2019110200100330,2019년 11월 2일 12시,토요일,제주특별자치도 서귀포시 상효동,경상사고,0,0,1,0,차량단독 - 기타,안전운전불이행,건조,맑음,단일로 - 기타,승용,여,24세,상해없음,,,,
2019110200100368,2019년 11월 2일 13시,토요일,제주특별자치도 서귀포시 서귀동,경상사고,0,0,1,0,차대차 - 기타,차로위반,건조,맑음,교차로 - 교차로부근,승용,남,53세,경상,승용,남,69세,상해없음
2019110200100369,2019년 11월 2일 13시,토요일,제주특별자치도 서귀포시 안덕면,경상사고,0,0,4,0,차대차 - 측면충돌,직진우회전진행방해,건조,맑음,교차로 - 교차로안,승용,여,33세,경상,화물,남,54세,경상
2019110200100451,2019년 11월 2일 15시,토요일,제주특별자치도 서귀포시 동홍동,중상사고,0,2,1,0,차대차 - 기타,안전거리미확보,건조,맑음,단일로 - 기타,승용,여,56세,상해없음,승용,남,26세,경상
2019110200100489,2019년 11월 2일 16시,토요일,제주특별자치도 서귀포시 대포동,중상사고,0,2,1,0,차대차 - 추돌,안전운전불이행,건조,맑음,단일로 - 기타,이륜,남,29세,상해없음,이륜,남,45세,중상
2019110200100535,2019년 11월 2일 17시,토요일,제주특별자치도 서귀포시 안덕면,경상사고,0,0,1,0,차대차 - 기타,신호위반,건조,맑음,교차로 - 교차로안,사륜오토바이(ATV),여,65세,경상,승용,여,35세,상해없음
2019110200100591,2019년 11월 2일 18시,토요일,제주특별자치도 서귀포시 성산읍,중상사고,0,1,0,0,차대사람 - 기타,안전운전불이행,건조,맑음,단일로 - 기타,승용,여,64세,상해없음,보행자,여,71세,중상
2019110200100592,2019년 11월 2일 18시,토요일,제주특별자치도 제주시 한림읍,경상사고,0,0,1,0,차대차 - 측면충돌,교차로운행방법위반,건조,맑음,교차로 - 교차로안,승용,남,50세,상해없음,승용,남,56세,경상
2019110300100053,2019년 11월 3일 01시,일요일,제주특별자치도 서귀포시 동홍동,경상사고,0,0,1,0,차대사람 - 횡단중,안전운전불이행,건조,기타,단일로 - 기타,승용,남,54세,상해없음,보행자,남,66세,경상
2019110300100090,2019년 11월 3일 05시,일요일,제주특별자치도 제주시 노형동,중상사고,0,1,1,0,차대차 - 측면충돌,중앙선침범,건조,맑음,교차로 - 교차로부근,이륜,남,31세,중상,승용,남,54세,경상
2019110300100111,2019년 11월 3일 07시,일요일,제주특별자치도 제주시 애월읍,경상사고,0,0,1,0,차대차 - 측면충돌,안전운전불이행,건조,맑음,단일로 - 기타,화물,여,59세,상해없음,화물,남,57세,경상
2019110300100164,2019년 11월 3일 10시,일요일,제주특별자치도 서귀포시 동홍동,중상사고,0,1,0,0,차대사람 - 기타,보행자보호의무위반,건조,맑음,교차로 - 교차로횡단보도내,화물,남,69세,상해없음,보행자,남,47세,중상
2019110300100165,2019년 11월 3일 10시,일요일,제주특별자치도 제주시 노형동,경상사고,0,0,4,0,차대차 - 추돌,안전거리미확보,건조,맑음,단일로 - 기타,승용,남,26세,상해없음,승합,남,48세,경상
2019110300100281,2019년 11월 3일 14시,일요일,제주특별자치도 제주시 애월읍,경상사고,0,0,1,1,차대차 - 추돌,안전거리미확보,건조,맑음,단일로 - 기타,승용,남,60세,경상,승용,여,49세,상해없음
2019110300100383,2019년 11월 3일 17시,일요일,제주특별자치도 제주시 노형동,경상사고,0,0,1,0,차대사람 - 길가장자리구역통행중,안전운전불이행,건조,맑음,단일로 - 기타,승용,남,27세,상해없음,보행자,남,34세,경상
2019110300100428,2019년 11월 3일 18시,일요일,제주특별자치도 제주시 노형동,경상사고,0,0,1,0,차대차 - 기타,차로위반,건조,맑음,단일로 - 기타,승합,남,53세,상해없음,승용,남,39세,경상
2019110300100463,2019년 11월 3일 19시,일요일,제주특별자치도 제주시 외도일동,중상사고,0,1,0,0,차대사람 - 횡단중,안전운전불이행,건조,맑음,교차로 - 교차로안,화물,남,53세,상해없음,보행자,여,37세,중상