사고번호,사고일시,요일,시군구,사고내용,사망자수,중상자수,경상자수,부상신고자수,사고유형,법규위반,노면상태,기상상태,도로형태,가해운전자 차종,가해운전자 성별,가해운전자 연령,가해운전자 상해정도,피해운전자 차종,피해운전자 성별,피해운전자 연령,피해운전자 상해정도
2019110300100506,2019년 11월 3일 21시,일요일,제주특별자치도 제주시 일도이동,중상사고,0,1,2,0,차대차 - 기타,안전운전불이행,건조,맑음,교차로 - 교차로안,승용,남,58세,상해없음,승용,여,21세,중상
2019110300100542,2019년 11월 3일 23시,일요일,제주특별자치도 제주시 노형동,경상사고,0,0,1,1,차대차 - 측면충돌,기타,건조,맑음,교차로 - 교차로안,승용,남,61세,상해없음,승용,여,38세,경상
2019110400100255,2019년 11월 4일 10시,월요일,제주특별자치도 제주시 연동,경상사고,0,0,1,0,차대차 - 추돌,안전운전불이행,건조,맑음,교차로 - 교차로부근,승용,남,58세,상해없음,승용,남,34세,경상
2019110400100375,2019년 11월 4일 13시,월요일,제주특별자치도 서귀포시 대포동,경상사고,0,0,1,0,차대차 - 기타,직진우회전진행방해,건조,맑음,교차로 - 교차로안,이륜,여,71세,경상,승용,여,36세,상해없음
2019110400100520,2019년 11월 4일 16시,월요일,제주특별자치도 제주시 일도이동,경상사고,0,0,1,0,차대차 - 측면충돌,안전거리미확보,건조,맑음,단일로 - 기타,승용,남,75세,상해없음,승용,남,27세,경상
2019110400100521,2019년 11월 4일 16시,월요일,제주특별자치도 제주시 노형동,경상사고,0,0,1,0,차대차 - 측면충돌,안전운전불이행,건조,맑음,단일로 - 기타,이륜,남,42세,경상,승용,남,49세,상해없음
2019110400100566,2019년 11월 4일 17시,월요일,제주특별자치도 제주시 한림읍,부상신고사고,0,0,0,2,차량단독 - 공작물충돌,안전운전불이행,건조,맑음,단일로 - 기타,승용,남,25세,부상신고,,,,
2019110400100628,2019년 11월 4일 18시,월요일,제주특별자치도 제주시 구좌읍,경상사고,0,0,2,0,차대차 - 정면충돌,교차로운행방법위반,건조,맑음,교차로 - 교차로안,승용,남,27세,상해없음,화물,남,26세,경상
2019110400100790,2019년 11월 4일 23시,월요일,제주특별자치도 제주시 애월읍,경상사고,0,0,1,0,차대차 - 측면충돌,신호위반,건조,맑음,교차로 - 교차로안,승용,여,26세,상해없음,승용,남,37세,경상
2019110500100076,2019년 11월 5일 05시,화요일,제주특별자치도 제주시 화북일동,중상사고,0,1,0,0,차대차 - 정면충돌,신호위반,건조,맑음,교차로 - 교차로안,화물,남,53세,상해없음,승합,남,57세,중상
2019110500100120,2019년 11월 5일 07시,화요일,제주특별자치도 서귀포시 성산읍,부상신고사고,0,0,0,1,차량단독 - 기타,안전운전불이행,건조,맑음,교차로 - 교차로부근,이륜,남,76세,부상신고,,,,
2019110500100220,2019년 11월 5일 09시,화요일,제주특별자치도 제주시 화북이동,경상사고,0,0,4,0,차대차 - 측면충돌,기타,건조,맑음,단일로 - 기타,화물,남,46세,기타불명,화물,남,34세,상해없음
2019110500100419,2019년 11월 5일 14시,화요일,제주특별자치도 제주시 조천읍,경상사고,0,0,4,0,차대차 - 측면충돌,차로위반,건조,맑음,교차로 - 교차로부근,승용,여,56세,상해없음,승용,남,52세,경상
2019110500100490,2019년 11월 5일 16시,화요일,제주특별자치도 서귀포시 신효동,경상사고,0,0,1,0,차대차 - 측면충돌,차로위반,건조,맑음,교차로 - 교차로안,화물,남,70세,기타불명,승용,여,36세,경상
2019110500100548,2019년 11월 5일 17시,화요일,제주특별자치도 서귀포시 성산읍,부상신고사고,0,0,0,1,차대차 - 측면충돌,직진우회전진행방해,건조,맑음,교차로 - 교차로안,이륜,여,64세,부상신고,승용,여,33세,상해없음
2019110500100549,2019년 11월 5일 17시,화요일,제주특별자치도 제주시 용담이동,경상사고,0,0,3,0,차대차 - 기타,교차로운행방법위반,건조,맑음,교차로 - 교차로안,승용,남,65세,경상,특수,남,48세,경상
2019110500100611,2019년 11월 5일 18시,화요일,제주특별자치도 제주시 도남동,경상사고,0,0,1,0,차대차 - 측면충돌,안전운전불이행,건조,맑음,단일로 - 기타,승용,남,50세,상해없음,승용,여,22세,경상
2019110500100612,2019년 11월 5일 18시,화요일,제주특별자치도 서귀포시 호근동,중상사고,0,1,0,0,차대차 - 기타,안전운전불이행,건조,맑음,기타 - 기타,이륜,남,61세,상해없음,자전거,남,53세,중상
2019110500100613,2019년 11월 5일 18시,화요일,제주특별자치도 제주시 이호이동,경상사고,0,0,1,0,차대차 - 측면충돌,안전운전불이행,건조,맑음,기타 - 기타,화물,남,57세,상해없음,승용,남,60세,경상
2019110500100649,2019년 11월 5일 19시,화요일,제주특별자치도 서귀포시 영남동,경상사고,0,0,1,0,차대차 - 기타,안전운전불이행,건조,맑음,단일로 - 기타,승용,여,66세,상해없음,승용,남,29세,경상
2019110500100650,2019년 11월 5일 19시,화요일,제주특별자치도 제주시 한림읍,중상사고,0,1,0,0,차대사람 - 기타,안전운전불이행,건조,맑음,교차로 - 교차로안,화물,남,58세,상해없음,보행자,남,59세,중상
2019110500100651,2019년 11월 5일 19시,화요일,제주특별자치도 제주시 노형동,경상사고,0,0,1,0,차대차 - 측면충돌,안전운전불이행,건조,기타,단일로 - 기타,승용,남,46세,상해없음,승용,여,51세,경상
2019110500100714,2019년 11월 5일 21시,화요일,제주특별자치도 서귀포시 대정읍,경상사고,0,0,1,0,차량단독 - 기타,안전운전불이행,건조,맑음,단일로 - 기타,이륜,남,46세,경상,,,,
2019110500100735,2019년 11월 5일 22시,화요일,제주특별자치도 제주시 건입동,중상사고,0,1,0,0,차대사람 - 횡단중,안전운전불이행,건조,맑음,단일로 - 기타,승용,남,52세,상해없음,보행자,남,68세,중상
2019110600100055,2019년 11월 6일 02시,수요일,제주특별자치도 제주시 연동,경상사고,0,0,1,0,차대사람 - 기타,안전운전불이행,건조,맑음,단일로 - 기타,승용,남,37세,상해없음,보행자,여,44세,경상
2019110600100153,2019년 11월 6일 08시,수요일,제주특별자치도 제주시 조천읍,중상사고,0,1,0,0,차대차 - 추돌,안전거리미확보,건조,맑음,교차로 - 교차로부근,승용,여,36세,상해없음,승용,남,65세,중상
2019110600100278,2019년 11월 6일 11시,수요일,제주특별자치도 제주시 한림읍,경상사고,0,0,3,0,차대차 - 기타,직진우회전진행방해,건조,맑음,교차로 - 교차로안,승용,여,25세,상해없음,승용,여,58세,경상
2019110600100309,2019년 11월 6일 12시,수요일,제주특별자치도 제주시 조천읍,경상사고,0,0,1,0,차대차 - 측면충돌,신호위반,건조,맑음,교차로 - 교차로안,화물,남,55세,상해없음,화물,남,36세,경상
2019110600100310,2019년 11월 6일 12시,수요일,제주특별자치도 서귀포시 남원읍,부상신고사고,0,0,0,1,차대차 - 측면충돌,직진우회전진행방해,건조,맑음,교차로 - 교차로안,사륜오토바이(ATV),여,75세,부상신고,화물,남,57세,상해없음
2019110600100335,2019년 11월 6일 13시,수요일,제주특별자치도 제주시 일도일동,경상사고,0,0,1,0,차대사람 - 횡단중,보행자보호의무위반,건조,맑음,단일로 - 기타,승용,남,42세,상해없음,보행자,여,66세,경상
2019110600100374,2019년 11월 6일 14시,수요일,제주특별자치도 제주시 조천읍,경상사고,0,0,2,0,차대차 - 추돌,안전운전불이행,건조,맑음,단일로 - 기타,승용,여,45세,경상,화물,남,35세,상해없음
2019110600100375,2019년 11월 6일 14시,수요일,제주특별자치도 제주시 애월읍,경상사고,0,0,3,0,차대차 - 기타,안전거리미확보,건조,맑음,단일로 - 기타,승용,여,47세,상해없음,승합,남,36세,경상
2019110600100462,2019년 11월 6일 16시,수요일,제주특별자치도 제주시 한경면,경상사고,0,0,1,0,차대차 - 측면충돌,안전운전불이행,건조,맑음,단일로 - 기타,승용,남,25세,상해없음,승용,여,63세,경상
2019110600100520,2019년 11월 6일 17시,수요일,제주특별자치도 제주시 아라일동,경상사고,0,0,1,0,차대사람 - 기타,보행자보호의무위반,건조,맑음,단일로 - 기타,승용,남,24세,상해없음,보행자,여,19세,경상
2019110600100521,2019년 11월 6일 17시,수요일,제주특별자치도 제주시 연동,경상사고,0,0,1,0,차대차 - 기타,안전운전불이행,건조,맑음,교차로 - 교차로안,승용,여,59세,상해없음,이륜,여,56세,경상
2019110600100594,2019년 11월 6일 18시,수요일,제주특별자치도 서귀포시 대포동,부상신고사고,0,0,0,1,차량단독 - 공작물충돌,안전운전불이행,건조,맑음,단일로 - 기타,농기계,남,81세,부상신고,,,,
2019110600100674,2019년 11월 6일 20시,수요일,제주특별자치도 제주시 노형동,경상사고,0,0,3,0,차대차 - 측면충돌,교차로운행방법위반,건조,맑음,교차로 - 교차로안,승용,남,24세,경상,승용,남,40세,경상
2019110600100700,2019년 11월 6일 21시,수요일,제주특별자치도 제주시 일도이동,경상사고,0,0,1,0,차대사람 - 기타,안전운전불이행,건조,맑음,교차로 - 교차로안,승용,여,45세,상해없음,보행자,남,28세,경상
2019110700100166,2019년 11월 7일 08시,목요일,제주특별자치도 제주시 도남동,경상사고,0,0,1,0,차대차 - 정면충돌,신호위반,건조,맑음,교차로 - 교차로부근,승용,여,53세,상해없음,이륜,남,56세,경상
2019110700100276,2019년 11월 7일 11시,목요일,제주특별자치도 제주시 용담삼동,경상사고,0,0,1,0,차대사람 - 횡단중,안전운전불이행,건조,맑음,단일로 - 기타,승용,남,68세,상해없음,보행자,여,78세,경상
2019110700100312,2019년 11월 7일 12시,목요일,제주특별자치도 서귀포시 대정읍,사망사고,1,0,1,0,차대차 - 정면충돌,중앙선침범,건조,맑음,단일로 - 기타,이륜,남,38세,사망,화물,남,63세,경상
2019110700100353,2019년 11월 7일 13시,목요일,제주특별자치도 제주시 노형동,중상사고,0,2,1,0,차대차 - 정면충돌,중앙선침범,건조,맑음,단일로 - 기타,승용,여,64세,상해없음,화물,남,38세,경상
2019110700100354,2019년 11월 7일 13시,목요일,제주특별자치도 제주시 노형동,경상사고,0,0,3,0,차대차 - 측면충돌,신호위반,건조,맑음,교차로 - 교차로안,승용,남,75세,상해없음,화물,남,65세,경상
2019110700100397,2019년 11월 7일 14시,목요일,제주특별자치도 제주시 해안동,경상사고,0,0,1,0,차대차 - 측면충돌,안전운전불이행,건조,맑음,단일로 - 기타,승용,남,42세,상해없음,승용,남,24세,경상
2019110700100431,2019년 11월 7일 15시,목요일,제주특별자치도 제주시 도두일동,경상사고,0,0,1,0,차대사람 - 기타,안전운전불이행,건조,맑음,단일로 - 기타,승용,여,25세,상해없음,보행자,여,69세,경상
2019110700100521,2019년 11월 7일 17시,목요일,제주특별자치도 제주시 이도이동,중상사고,0,1,0,0,차대차 - 기타,안전운전불이행,건조,맑음,단일로 - 기타,자전거,남,10세,중상,승용,남,40세,상해없음
2019110700100684,2019년 11월 7일 20시,목요일,제주특별자치도 제주시 용담일동,경상사고,0,0,2,0,차대차 - 추돌,안전거리미확보,건조,맑음,교차로 - 교차로부근,승용,여,37세,상해없음,승용,남,40세,경상
2019110700100685,2019년 11월 7일 20시,목요일,제주특별자치도 제주시 외도일동,중상사고,0,1,0,0,차대차 - 추돌,안전운전불이행,건조,맑음,단일로 - 기타,승용,남,56세,상해없음,승용,여,22세,중상
2019110800100080,2019년 11월 8일 05시,금요일,제주특별자치도 제주시 오라이동,경상사고,0,0,1,0,차대차 - 기타,안전거리미확보,건조,맑음,교차로 - 교차로안,승용,남,40세,상해없음,승용,여,53세,경상
2019110800100186,2019년 11월 8일 08시,금요일,제주특별자치도 제주시 건입동,경상사고,0,0,1,4,차대차 - 측면충돌,신호위반,건조,맑음,교차로 - 교차로부근,승용,남,47세,상해없음,승용,여,53세,경상
2019110800100187,2019년 11월 8일 08시,금요일,제주특별자치도 제주시 아라일동,경상사고,0,0,2,0,차대차 - 기타,안전거리미확보,건조,맑음,단일로 - 기타,승용,남,21세,상해없음,승용,남,33세,경상
2019110800100188,2019년 11월 8일 08시,금요일,제주특별자치도 제주시 애월읍,중상사고,0,1,0,2,차대차 - 기타,직진우회전진행방해,건조,맑음,교차로 - 교차로안,특수,남,42세,중상,화물,남,38세,부상신고
2019110800100238,2019년 11월 8일 09시,금요일,제주특별자치도 제주시 화북이동,경상사고,0,0,1,0,차대차 - 측면충돌,신호위반,건조,맑음,교차로 - 교차로안,승용,여,23세,상해없음,승용,남,61세,경상
2019110800100239,2019년 11월 8일 09시,금요일,제주특별자치도 제주시 연동,중상사고,0,2,5,3,차대차 - 추돌,안전운전불이행,건조,맑음,단일로 - 기타,화물,남,43세,상해없음,승용,남,36세,중상
2019110800100275,2019년 11월 8일 10시,금요일,제주특별자치도 제주시 애월읍,부상신고사고,0,0,0,1,차대차 - 측면충돌,안전운전불이행,건조,맑음,교차로 - 교차로부근,화물,남,30세,부상신고,승용,남,56세,상해없음
2019110800100433,2019년 11월 8일 14시,금요일,제주특별자치도 서귀포시 대정읍,경상사고,0,0,3,0,차대차 - 측면충돌,신호위반,건조,맑음,교차로 - 교차로안,승합,남,20세,경상,승용,남,42세,경상
2019110800100479,2019년 11월 8일 15시,금요일,제주특별자치도 서귀포시 안덕면,경상사고,0,0,3,0,차대차 - 기타,기타,건조,맑음,교차로 - 교차로안,승용,남,62세,상해없음,승용,남,40세,경상
2019110800100520,2019년 11월 8일 16시,금요일,제주특별자치도 제주시 해안동,부상신고사고,0,0,0,1,차대차 - 측면충돌,교차로운행방법위반,건조,맑음,교차로 - 교차로안,승용,남,60세,상해없음,승합,남,37세,부상신고
2019110800100652,2019년 11월 8일 18시,금요일,제주특별자치도 제주시 삼도일동,중상사고,0,1,0,0,차대사람 - 횡단중,보행자보호의무위반,건조,맑음,단일로 - 기타,승용,여,55세,상해없음,보행자,여,66세,중상
2019110800100653,2019년 11월 8일 18시,금요일,제주특별자치도 제주시 이도이동,부상신고사고,0,0,0,3,차대차 - 측면충돌,안전운전불이행,건조,맑음,단일로 - 기타,승용,여,57세,부상신고,화물,남,40세,부상신고
2019110800100654,2019년 11월 8일 18시,금요일,제주특별자치도 제주시 아라이동,경상사고,0,0,1,0,차대차 - 측면충돌,안전운전불이행,건조,맑음,교차로 - 교차로안,승용,남,26세,상해없음,승용,남,50세,경상
2019110800100746,2019년 11월 8일 20시,금요일,제주특별자치도 제주시 삼양이동,경상사고,0,0,1,0,차대차 - 측면충돌,안전거리미확보,건조,맑음,교차로 - 교차로부근,승용,남,45세,상해없음,이륜,남,39세,경상
2019110900100034,2019년 11월 9일 00시,토요일,제주특별자치도 제주시 용담일동,경상사고,0,0,1,0,차대차 - 기타,교차로운행방법위반,건조,맑음,교차로 - 교차로안,승용,여,42세,상해없음,승용,남,31세,경상
2019110900100092,2019년 11월 9일 04시,토요일,제주특별자치도 제주시 연동,경상사고,0,0,1,0,차대차 - 기타,안전거리미확보,건조,맑음,단일로 - 기타,승용,남,70세,상해없음,승합,남,42세,경상
2019110900100129,2019년 11월 9일 07시,토요일,제주특별자치도 제주시 한림읍,중상사고,0,1,1,0,차대차 - 측면충돌,안전운전불이행,건조,맑음,교차로 - 교차로안,화물,여,52세,중상,승용,여,44세,경상
2019110900100193,2019년 11월 9일 09시,토요일,제주특별자치도 서귀포시 중문동,중상사고,0,1,0,0,차대사람 - 횡단중,보행자보호의무위반,건조,맑음,교차로 - 교차로안,화물,남,79세,상해없음,보행자,여,85세,중상
2019110900100277,2019년 11월 9일 11시,토요일,제주특별자치도 제주시 이도이동,경상사고,0,0,1,0,차대사람 - 횡단중,안전운전불이행,건조,맑음,단일로 - 기타,승용,여,19세,상해없음,보행자,여,59세,경상
2019110900100278,2019년 11월 9일 11시,토요일,제주특별자치도 제주시 건입동,경상사고,0,0,1,0,차대차 - 측면충돌,안전운전불이행,건조,맑음,교차로 - 교차로안,승용,여,65세,상해없음,화물,남,45세,상해없음
2019110900100279,2019년 11월 9일 11시,토요일,제주특별자치도 제주시 노형동,경상사고,0,0,1,0,차대사람 - 차도통행중,안전운전불이행,건조,맑음,단일로 - 기타,승용,남,32세,상해없음,보행자,남,49세,경상
2019110900100280,2019년 11월 9일 11시,토요일,제주특별자치도 제주시 연동,경상사고,0,0,1,0,차대사람 - 기타,신호위반,건조,맑음,단일로 - 기타,승용,여,48세,상해없음,보행자,여,40세,경상
2019110900100325,2019년 11월 9일 12시,토요일,제주특별자치도 서귀포시 남원읍,경상사고,0,0,1,0,차대차 - 기타,교차로운행방법위반,건조,맑음,교차로 - 교차로안,화물,남,79세,상해없음,원동기,여,67세,경상
2019110900100372,2019년 11월 9일 13시,토요일,제주특별자치도 제주시 해안동,중상사고,0,1,1,0,차대차 - 기타,교차로운행방법위반,건조,맑음,단일로 - 기타,승용,여,59세,중상,승용,남,52세,경상
2019110900100422,2019년 11월 9일 14시,토요일,제주특별자치도 제주시 우도면,경상사고,0,0,1,0,차대사람 - 횡단중,안전운전불이행,건조,맑음,단일로 - 기타,이륜,여,55세,상해없음,보행자,남,50세,경상
2019110900100471,2019년 11월 9일 15시,토요일,제주특별자치도 제주시 일도이동,경상사고,0,0,1,0,차대차 - 추돌,안전거리미확보,건조,맑음,단일로 - 기타,승용,여,60세,상해없음,승용,여,46세,경상
2019110900100614,2019년 11월 9일 18시,토요일,제주특별자치도 서귀포시 하효동,경상사고,0,0,2,1,차대차 - 기타,교차로운행방법위반,건조,맑음,교차로 - 교차로안,화물,남,44세,부상신고,승용,남,61세,경상
2019110900100734,2019년 11월 9일 23시,토요일,제주특별자치도 제주시 이도이동,경상사고,0,0,1,0,차대사람 - 기타,안전운전불이행,건조,맑음,단일로 - 기타,이륜,여,39세,상해없음,보행자,남,21세,경상
2019111000100052,2019년 11월 10일 01시,일요일,제주특별자치도 제주시 한림읍,중상사고,0,1,0,0,차대차 - 추돌,과속,건조,맑음,단일로 - 기타,승용,남,31세,상해없음,농기계,남,45세,상해없음
2019111000100311,2019년 11월 10일 15시,일요일,제주특별자치도 제주시 오라일동,부상신고사고,0,0,0,1,차대사람 - 기타,안전운전불이행,건조,맑음,단일로 - 기타,승용,남,25세,상해없음,보행자,남,53세,부상신고
2019111000100337,2019년 11월 10일 16시,일요일,제주특별자치도 서귀포시 동홍동,경상사고,0,0,1,0,차대차 - 추돌,안전거리미확보,건조,맑음,단일로 - 기타,승합,여,60세,상해없음,승용,남,21세,경상
2019111000100374,2019년 11월 10일 17시,일요일,제주특별자치도 서귀포시 호근동,중상사고,0,2,1,0,차대차 - 기타,안전운전불이행,건조,맑음,단일로 - 기타,화물,남,25세,상해없음,승용,남,62세,상해없음
2019111000100492,2019년 11월 10일 19시,일요일,제주특별자치도 제주시 용담이동,중상사고,0,1,0,0,차대사람 - 기타,안전운전불이행,건조,맑음,단일로 - 기타,승용,여,27세,상해없음,보행자,남,40세,중상
2019111000100493,2019년 11월 10일 19시,일요일,제주특별자치도 제주시 애월읍,사망사고,1,0,0,0,차대사람 - 횡단중,안전운전불이행,건조,기타,교차로 - 교차로부근,승용,남,32세,상해없음,보행자,남,71세,사망
2019111000100494,2019년 11월 10일 19시,일요일,제주특별자치도 제주시 노형동,사망사고,1,0,0,0,차량단독 - 도로외이탈 - 추락,안전운전불이행,젖음/습기,비,단일로 - 기타,화물,남,44세,사망,,,,
2019111000100623,2019년 11월 10일 22시,일요일,제주특별자치도 제주시 구좌읍,부상신고사고,0,0,0,1,차량단독 - 기타,안전운전불이행,건조,맑음,교차로 - 교차로안,화물,남,61세,부상신고,,,,
2019111100100124,2019년 11월 11일 07시,월요일,제주특별자치도 제주시 연동,경상사고,0,0,2,0,차대차 - 측면충돌,교차로운행방법위반,건조,맑음,교차로 - 교차로안,승용,여,50세,경상,승용,남,38세,경상
2019111100100215,2019년 11월 11일 09시,월요일,제주특별자치도 서귀포시 서귀동,중상사고,0,1,0,0,차대사람 - 기타,안전운전불이행,건조,맑음,교차로 - 교차로부근,승용,여,47세,상해없음,보행자,남,54세,중상
2019111100100262,2019년 11월 11일 10시,월요일,제주특별자치도 서귀포시 서홍동,부상신고사고,0,0,0,1,차대차 - 추돌,안전거리미확보,건조,맑음,단일로 - 기타,화물,남,31세,상해없음,승합,남,64세,부상신고
2019111100100339,2019년 11월 11일 12시,월요일,제주특별자치도 서귀포시 표선면,경상사고,0,0,1,0,차대차 - 정면충돌,안전거리미확보,건조,맑음,단일로 - 기타,승용,남,19세,상해없음,이륜,남,26세,경상
2019111100100381,2019년 11월 11일 13시,월요일,제주특별자치도 제주시 일도이동,경상사고,0,0,1,0,차대차 - 기타,안전운전불이행,건조,맑음,교차로 - 교차로안,자전거,남,40세,경상,승용,남,63세,상해없음
2019111100100418,2019년 11월 11일 14시,월요일,제주특별자치도 서귀포시 대정읍,중상사고,0,1,0,0,차대차 - 측면충돌,신호위반,건조,맑음,교차로 - 교차로안,화물,남,67세,상해없음,이륜,여,67세,중상
2019111100100461,2019년 11월 11일 15시,월요일,제주특별자치도 제주시 도남동,경상사고,0,0,1,0,차대차 - 추돌,안전운전불이행,건조,맑음,단일로 - 기타,승용,여,52세,상해없음,승용,여,49세,경상
2019111100100607,2019년 11월 11일 18시,월요일,제주특별자치도 제주시 회천동,경상사고,0,0,3,0,차대차 - 기타,중앙선침범,건조,맑음,단일로 - 기타,승용,여,21세,상해없음,승용,여,47세,경상
2019111100100608,2019년 11월 11일 18시,월요일,제주특별자치도 제주시 아라이동,중상사고,0,1,2,0,차대차 - 추돌,안전운전불이행,건조,맑음,단일로 - 기타,화물,남,55세,상해없음,화물,남,66세,경상
2019111100100609,2019년 11월 11일 18시,월요일,제주특별자치도 제주시 노형동,부상신고사고,0,0,0,2,차대차 - 추돌,안전운전불이행,건조,맑음,교차로 - 교차로부근,승용,남,64세,상해없음,승용,남,47세,상해없음
2019111100100682,2019년 11월 11일 20시,월요일,제주특별자치도 제주시 건입동,경상사고,0,0,1,0,차대차 - 측면충돌,안전거리미확보,건조,맑음,교차로 - 교차로안,이륜,남,43세,경상,승용,남,57세,상해없음
2019111100100683,2019년 11월 11일 20시,월요일,제주특별자치도 제주시 용담이동,경상사고,0,0,1,0,차대차 - 기타,직진우회전진행방해,건조,맑음,교차로 - 교차로부근,승용,여,62세,상해없음,승용,남,46세,경상
2019111200100030,2019년 11월 12일 00시,화요일,제주특별자치도 제주시 노형동,경상사고,0,0,3,0,차대차 - 측면충돌,직진우회전진행방해,건조,맑음,교차로 - 교차로안,승용,여,31세,경상,승용,남,44세,경상
2019111200100061,2019년 11월 12일 04시,화요일,제주특별자치도 제주시 일도이동,경상사고,0,0,1,0,차대차 - 추돌,안전거리미확보,건조,맑음,단일로 - 기타,승용,남,29세,상해없음,이륜,남,76세,경상
2019111200100103,2019년 11월 12일 07시,화요일,제주특별자치도 서귀포시 안덕면,경상사고,0,0,1,0,차대차 - 정면충돌,안전운전불이행,건조,맑음,단일로 - 기타,화물,남,56세,상해없음,농기계,남,73세,경상
2019111200100252,2019년 11월 12일 11시,화요일,제주특별자치도 제주시 일도이동,중상사고,0,2,0,0,차대차 - 측면충돌,교차로운행방법위반,건조,맑음,교차로 - 교차로안,승용,남,26세,상해없음,승용,남,39세,중상
2019111200100253,2019년 11월 12일 11시,화요일,제주특별자치도 제주시 외도일동,경상사고,0,0,1,0,차대차 - 추돌,안전거리미확보,건조,맑음,단일로 - 기타,이륜,여,30세,경상,승용,여,56세,상해없음
2019111200100254,2019년 11월 12일 11시,화요일,제주특별자치도 제주시 한림읍,경상사고,0,0,1,0,차대차 - 측면충돌,교차로운행방법위반,건조,맑음,교차로 - 교차로안,이륜,남,58세,상해없음,이륜,남,64세,경상
2019111200100282,2019년 11월 12일 12시,화요일,제주특별자치도 제주시 노형동,중상사고,0,1,1,0,차대차 - 기타,안전거리미확보,건조,맑음,단일로 - 기타,승용,남,61세,상해없음,승합,남,62세,상해없음
2019111200100413,2019년 11월 12일 16시,화요일,제주특별자치도 제주시 이도이동,경상사고,0,0,1,0,차대차 - 추돌,안전운전불이행,건조,맑음,교차로 - 교차로부근,승용,남,26세,상해없음,승용,남,35세,경상
2019111200100414,2019년 11월 12일 16시,화요일,제주특별자치도 제주시 용담이동,경상사고,0,0,1,0,차대차 - 기타,안전운전불이행,건조,맑음,단일로 - 기타,승용,남,26세,상해없음,이륜,남,37세,경상
2019111200100463,2019년 11월 12일 17시,화요일,제주특별자치도 서귀포시 표선면,경상사고,0,0,3,0,차대차 - 기타,안전운전불이행,건조,맑음,교차로 - 교차로부근,승용,여,28세,경상,승용,여,34세,경상
2019111200100523,2019년 11월 12일 18시,화요일,제주특별자치도 제주시 한림읍,중상사고,0,1,0,1,차대차 - 추돌,안전운전불이행,건조,맑음,단일로 - 기타,승용,여,36세,부상신고,농기계,남,73세,중상
2019111200100564,2019년 11월 12일 19시,화요일,제주특별자치도 제주시 연동,경상사고,0,0,1,0,차대차 - 기타,안전운전불이행,건조,맑음,교차로 - 교차로부근,승용,남,37세,상해없음,승용,남,48세,경상
2019111200100591,2019년 11월 12일 20시,화요일,제주특별자치도 서귀포시 남원읍,부상신고사고,0,0,0,1,차대차 - 측면충돌,안전운전불이행,건조,맑음,단일로 - 기타,승용,남,26세,부상신고,승용,남,45세,기타불명
2019111200100620,2019년 11월 12일 21시,화요일,제주특별자치도 제주시 이도이동,경상사고,0,0,1,0,차대차 - 측면충돌,신호위반,건조,맑음,교차로 - 교차로안,승용,여,54세,상해없음,승용,남,39세,경상
2019111200100621,2019년 11월 12일 21시,화요일,제주특별자치도 제주시 이호이동,경상사고,0,0,1,0,차대차 - 측면충돌,안전운전불이행,건조,맑음,교차로 - 교차로안,승용,여,31세,상해없음,승용,남,27세,경상
2019111300100071,2019년 11월 13일 05시,수요일,제주특별자치도 서귀포시 강정동,중상사고,0,1,0,0,차대사람 - 기타,안전운전불이행,건조,맑음,교차로 - 교차로부근,승용,여,58세,상해없음,보행자,여,82세,중상
2019111300100088,2019년 11월 13일 06시,수요일,제주특별자치도 제주시 조천읍,사망사고,1,0,0,0,차대사람 - 기타,신호위반,건조,맑음,교차로 - 교차로부근,승용,남,64세,상해없음,보행자,남,30세,사망
2019111300100089,2019년 11월 13일 06시,수요일,제주특별자치도 서귀포시 대정읍,중상사고,0,1,0,0,차량단독 - 전도전복 - 전복,안전운전불이행,건조,맑음,단일로 - 기타,승용,남,31세,중상,,,,
2019111300100180,2019년 11월 13일 09시,수요일,제주특별자치도 제주시 도련일동,중상사고,0,1,0,0,차대사람 - 횡단중,보행자보호의무위반,건조,맑음,교차로 - 교차로횡단보도내,화물,남,56세,상해없음,보행자,여,74세,중상
2019111300100201,2019년 11월 13일 10시,수요일,제주특별자치도 서귀포시 서귀동,경상사고,0,0,1,0,차대차 - 측면충돌,교차로운행방법위반,건조,맑음,교차로 - 교차로안,화물,남,57세,상해없음,승용,남,29세,경상
2019111300100202,2019년 11월 13일 10시,수요일,제주특별자치도 서귀포시 서귀동,중상사고,0,1,0,0,차대사람 - 횡단중,안전운전불이행,건조,맑음,단일로 - 기타,승용,여,37세,상해없음,보행자,남,67세,중상
2019111300100203,2019년 11월 13일 10시,수요일,제주특별자치도 서귀포시 중문동,경상사고,0,0,2,0,차대차 - 추돌,안전거리미확보,건조,맑음,단일로 - 기타,승용,여,35세,상해없음,승용,남,31세,경상
2019111300100238,2019년 11월 13일 11시,수요일,제주특별자치도 서귀포시 중문동,경상사고,0,0,3,0,차대차 - 추돌,안전거리미확보,건조,맑음,단일로 - 기타,승용,남,23세,상해없음,승용,남,26세,경상