사고번호,사고일시,요일,시군구,사고내용,사망자수,중상자수,경상자수,부상신고자수,사고유형,법규위반,노면상태,기상상태,도로형태,가해운전자 차종,가해운전자 성별,가해운전자 연령,가해운전자 상해정도,피해운전자 차종,피해운전자 성별,피해운전자 연령,피해운전자 상해정도
2019111300100239,2019년 11월 13일 11시,수요일,제주특별자치도 제주시 노형동,중상사고,0,1,0,0,차대사람 - 기타,안전운전불이행,건조,맑음,교차로 - 교차로안,화물,남,65세,상해없음,보행자,남,60세,중상
2019111300100265,2019년 11월 13일 12시,수요일,제주특별자치도 서귀포시 서홍동,부상신고사고,0,0,0,1,차량단독 - 기타,안전운전불이행,기타,맑음,단일로 - 기타,자전거,남,49세,부상신고,,,,
2019111300100266,2019년 11월 13일 12시,수요일,제주특별자치도 제주시 용담이동,경상사고,0,0,1,0,차대차 - 기타,안전운전불이행,건조,맑음,단일로 - 기타,승용,남,80세,상해없음,화물,남,29세,경상
2019111300100362,2019년 11월 13일 15시,수요일,제주특별자치도 제주시 일도이동,경상사고,0,0,1,0,차대사람 - 횡단중,안전운전불이행,건조,맑음,단일로 - 기타,승용,남,75세,기타불명,보행자,여,33세,경상
2019111300100527,2019년 11월 13일 18시,수요일,제주특별자치도 서귀포시 남원읍,부상신고사고,0,0,0,1,차량단독 - 공작물충돌,안전운전불이행,건조,맑음,단일로 - 기타,화물,여,66세,부상신고,,,,
2019111300100528,2019년 11월 13일 18시,수요일,제주특별자치도 제주시 한림읍,경상사고,0,0,1,0,차대차 - 측면충돌,안전운전불이행,건조,맑음,단일로 - 기타,승용,남,33세,상해없음,승용,남,65세,경상
2019111300100600,2019년 11월 13일 19시,수요일,제주특별자치도 제주시 이도이동,경상사고,0,0,1,0,차대차 - 기타,안전거리미확보,젖음/습기,흐림,단일로 - 기타,기타불명,기타불명,미분류,기타불명,이륜,남,24세,경상
2019111400100103,2019년 11월 14일 07시,목요일,제주특별자치도 제주시 봉개동,중상사고,0,1,0,0,차대차 - 측면충돌,안전운전불이행,건조,맑음,교차로 - 교차로안,화물,남,29세,상해없음,승용,여,26세,중상
2019111400100154,2019년 11월 14일 08시,목요일,제주특별자치도 제주시 조천읍,경상사고,0,0,1,0,차대차 - 정면충돌,신호위반,건조,맑음,교차로 - 교차로안,승용,여,26세,상해없음,승용,여,64세,경상
2019111400100246,2019년 11월 14일 10시,목요일,제주특별자치도 서귀포시 대정읍,경상사고,0,0,4,0,차대차 - 추돌,안전거리미확보,건조,맑음,교차로 - 교차로부근,승용,남,45세,경상,승용,남,55세,경상
2019111400100287,2019년 11월 14일 11시,목요일,제주특별자치도 서귀포시 동홍동,경상사고,0,0,1,0,차대차 - 기타,안전운전불이행,건조,맑음,교차로 - 교차로부근,이륜,남,85세,경상,승용,여,46세,상해없음
2019111400100322,2019년 11월 14일 12시,목요일,제주특별자치도 서귀포시 남원읍,중상사고,0,1,0,1,차대차 - 측면충돌,신호위반,건조,맑음,교차로 - 교차로안,화물,여,39세,부상신고,화물,남,27세,중상
2019111400100323,2019년 11월 14일 12시,목요일,제주특별자치도 제주시 한림읍,부상신고사고,0,0,0,2,차대차 - 측면충돌,안전운전불이행,건조,맑음,교차로 - 교차로안,승용,남,62세,부상신고,화물,남,63세,부상신고
2019111400100366,2019년 11월 14일 13시,목요일,제주특별자치도 제주시 구좌읍,경상사고,0,0,1,0,차대차 - 측면충돌,교차로운행방법위반,건조,맑음,교차로 - 교차로안,승용,남,80세,상해없음,승용,여,38세,경상
2019111400100367,2019년 11월 14일 13시,목요일,제주특별자치도 제주시 이도일동,경상사고,0,0,1,0,차대사람 - 기타,안전운전불이행,건조,맑음,단일로 - 기타,화물,남,53세,상해없음,보행자,남,44세,경상
2019111400100411,2019년 11월 14일 14시,목요일,제주특별자치도 서귀포시 동홍동,경상사고,0,0,1,0,차대사람 - 기타,안전운전불이행,건조,맑음,기타 - 기타,이륜,남,58세,상해없음,보행자,여,72세,경상
2019111400100494,2019년 11월 14일 16시,목요일,제주특별자치도 제주시 우도면,중상사고,0,1,0,0,차대사람 - 차도통행중,안전운전불이행,건조,맑음,단일로 - 기타,승합,남,65세,상해없음,보행자,여,22세,중상
2019111400100560,2019년 11월 14일 17시,목요일,제주특별자치도 제주시 애월읍,중상사고,0,1,1,0,차대사람 - 횡단중,보행자보호의무위반,건조,맑음,교차로 - 교차로횡단보도내,화물,남,38세,상해없음,보행자,여,17세,중상
2019111400100627,2019년 11월 14일 18시,목요일,제주특별자치도 서귀포시 성산읍,경상사고,0,0,1,0,차대차 - 측면충돌,신호위반,건조,맑음,교차로 - 교차로안,승용,남,27세,상해없음,승용,여,74세,상해없음
2019111400100676,2019년 11월 14일 19시,목요일,제주특별자치도 제주시 이도이동,경상사고,0,0,2,0,차대차 - 측면충돌,신호위반,건조,맑음,단일로 - 기타,승용,남,53세,상해없음,승합,남,43세,상해없음
2019111500100036,2019년 11월 15일 00시,금요일,제주특별자치도 서귀포시 서홍동,중상사고,0,1,0,0,차대차 - 기타,기타,건조,맑음,교차로 - 교차로안,승용,여,60세,중상,화물,남,57세,상해없음
2019111500100037,2019년 11월 15일 00시,금요일,제주특별자치도 서귀포시 남원읍,경상사고,0,0,1,0,차대차 - 기타,안전운전불이행,건조,맑음,단일로 - 기타,화물,남,63세,상해없음,화물,남,59세,경상
2019111500100054,2019년 11월 15일 02시,금요일,제주특별자치도 제주시 연동,경상사고,0,0,1,0,차대사람 - 횡단중,중앙선침범,건조,맑음,단일로 - 기타,승용,남,27세,상해없음,보행자,남,34세,경상
2019111500100071,2019년 11월 15일 05시,금요일,제주특별자치도 제주시 연동,경상사고,0,0,3,0,차대차 - 기타,신호위반,건조,맑음,교차로 - 교차로안,승합,남,64세,상해없음,승용,여,29세,경상
2019111500100172,2019년 11월 15일 08시,금요일,제주특별자치도 서귀포시 성산읍,중상사고,0,1,0,0,차대차 - 기타,기타,건조,맑음,교차로 - 교차로안,승용,남,26세,상해없음,화물,남,23세,중상
2019111500100173,2019년 11월 15일 08시,금요일,제주특별자치도 제주시 연동,경상사고,0,0,1,0,차대차 - 측면충돌,신호위반,건조,맑음,교차로 - 교차로안,화물,남,57세,상해없음,승용,남,30세,경상
2019111500100227,2019년 11월 15일 09시,금요일,제주특별자치도 서귀포시 성산읍,사망사고,1,0,0,0,차대사람 - 횡단중,보행자보호의무위반,건조,맑음,교차로 - 교차로안,승용,남,86세,상해없음,보행자,여,76세,사망
2019111500100319,2019년 11월 15일 11시,금요일,제주특별자치도 제주시 회천동,중상사고,0,1,2,1,차대차 - 추돌,안전운전불이행,건조,맑음,단일로 - 기타,승용,여,62세,부상신고,승용,남,71세,중상
2019111500100320,2019년 11월 15일 11시,금요일,제주특별자치도 제주시 한경면,중상사고,0,1,0,0,차대차 - 정면충돌,교차로운행방법위반,건조,맑음,교차로 - 교차로안,승용,여,50세,중상,승용,남,21세,상해없음
2019111500100409,2019년 11월 15일 13시,금요일,제주특별자치도 서귀포시 안덕면,중상사고,0,1,0,0,차대차 - 측면충돌,직진우회전진행방해,건조,맑음,교차로 - 교차로안,승용,남,25세,상해없음,화물,남,53세,상해없음
2019111500100451,2019년 11월 15일 14시,금요일,제주특별자치도 제주시 애월읍,중상사고,0,1,0,0,차대차 - 측면충돌,중앙선침범,건조,맑음,단일로 - 기타,화물,여,57세,상해없음,화물,남,25세,상해없음
2019111500100494,2019년 11월 15일 15시,금요일,제주특별자치도 제주시 조천읍,경상사고,0,0,1,0,차대차 - 측면충돌,교차로운행방법위반,건조,맑음,교차로 - 교차로안,화물,남,56세,상해없음,승용,여,39세,경상
2019111500100603,2019년 11월 15일 17시,금요일,제주특별자치도 서귀포시 대정읍,경상사고,0,0,3,0,차대차 - 측면충돌,직진우회전진행방해,건조,맑음,교차로 - 교차로안,승용,여,25세,경상,화물,남,38세,경상
2019111500100677,2019년 11월 15일 18시,금요일,제주특별자치도 제주시 용담이동,부상신고사고,0,0,0,1,차대차 - 추돌,안전거리미확보,건조,맑음,단일로 - 기타,승용,남,52세,상해없음,승용,여,46세,부상신고
2019111500100678,2019년 11월 15일 18시,금요일,제주특별자치도 제주시 일도이동,경상사고,0,0,1,0,차대차 - 후진중충돌,안전운전불이행,건조,맑음,교차로 - 교차로부근,승용,남,55세,상해없음,승용,여,26세,경상
2019111500100679,2019년 11월 15일 18시,금요일,제주특별자치도 제주시 아라일동,경상사고,0,0,1,0,차대차 - 기타,안전거리미확보,건조,맑음,교차로 - 교차로부근,승용,남,34세,상해없음,승용,여,36세,경상
2019111500100859,2019년 11월 15일 21시,금요일,제주특별자치도 서귀포시 서홍동,경상사고,0,0,1,0,차대차 - 측면충돌,안전거리미확보,건조,맑음,단일로 - 기타,승용,여,51세,상해없음,승용,남,61세,경상
2019111500100896,2019년 11월 15일 22시,금요일,제주특별자치도 서귀포시 안덕면,경상사고,0,0,1,0,차량단독 - 공작물충돌,안전운전불이행,건조,맑음,단일로 - 기타,승용,남,41세,경상,,,,
2019111500100897,2019년 11월 15일 22시,금요일,제주특별자치도 제주시 이호일동,중상사고,0,1,0,1,차대차 - 기타,중앙선침범,건조,맑음,단일로 - 기타,이륜,남,68세,부상신고,승용,남,22세,상해없음
2019111600100185,2019년 11월 16일 09시,토요일,제주특별자치도 제주시 노형동,경상사고,0,0,1,1,차대차 - 추돌,안전거리미확보,건조,맑음,교차로 - 교차로부근,이륜,남,28세,경상,승용,남,47세,상해없음
2019111600100211,2019년 11월 16일 10시,토요일,제주특별자치도 제주시 오라이동,중상사고,0,1,0,0,차대차 - 정면충돌,직진우회전진행방해,건조,맑음,교차로 - 교차로부근,화물,남,29세,상해없음,승용,여,52세,중상
2019111600100257,2019년 11월 16일 11시,토요일,제주특별자치도 서귀포시 대정읍,중상사고,0,2,3,0,차대차 - 정면충돌,중앙선침범,건조,맑음,교차로 - 교차로부근,승용,여,60세,경상,화물,남,76세,중상
2019111600100258,2019년 11월 16일 11시,토요일,제주특별자치도 제주시 외도일동,경상사고,0,0,1,0,차대차 - 기타,안전운전불이행,건조,맑음,교차로 - 교차로안,승용,남,67세,상해없음,승용,남,48세,경상
2019111600100293,2019년 11월 16일 12시,토요일,제주특별자치도 제주시 이도이동,경상사고,0,0,1,0,차대차 - 기타,안전운전불이행,건조,맑음,교차로 - 교차로부근,이륜,남,39세,경상,승용,남,42세,상해없음
2019111600100470,2019년 11월 16일 16시,토요일,제주특별자치도 제주시 건입동,경상사고,0,0,1,0,차대차 - 기타,안전거리미확보,건조,맑음,단일로 - 기타,승용,남,67세,상해없음,승용,남,32세,상해없음
2019111700100119,2019년 11월 17일 07시,일요일,제주특별자치도 서귀포시 안덕면,경상사고,0,0,1,0,차대차 - 측면충돌,신호위반,건조,맑음,교차로 - 교차로안,화물,남,57세,상해없음,승용,남,30세,경상
2019111700100146,2019년 11월 17일 09시,일요일,제주특별자치도 제주시 연동,경상사고,0,0,1,0,차대차 - 측면충돌,차로위반,건조,맑음,단일로 - 기타,이륜,남,29세,경상,승용,여,26세,상해없음
2019111700100161,2019년 11월 17일 10시,일요일,제주특별자치도 서귀포시 중문동,경상사고,0,0,2,0,차대차 - 측면충돌,직진우회전진행방해,건조,맑음,교차로 - 교차로안,승용,여,44세,경상,승용,남,61세,경상
2019111700100162,2019년 11월 17일 10시,일요일,제주특별자치도 제주시 용담이동,경상사고,0,0,2,0,차대차 - 기타,안전운전불이행,건조,맑음,교차로 - 교차로부근,승용,남,53세,상해없음,승용,남,34세,경상
2019111700100267,2019년 11월 17일 14시,일요일,제주특별자치도 제주시 용담이동,중상사고,0,2,0,2,차대차 - 측면충돌,신호위반,건조,맑음,교차로 - 교차로안,승용,여,27세,상해없음,승용,남,25세,부상신고
2019111700100325,2019년 11월 17일 16시,일요일,제주특별자치도 서귀포시 색달동,경상사고,0,0,3,0,차대차 - 측면충돌,직진우회전진행방해,건조,맑음,교차로 - 교차로안,승용,남,40세,경상,승용,여,49세,경상
2019111700100364,2019년 11월 17일 17시,일요일,제주특별자치도 제주시 연동,중상사고,0,1,0,0,차대차 - 기타,안전운전불이행,건조,맑음,단일로 - 기타,승용,남,63세,상해없음,원동기,남,51세,중상
2019111700100423,2019년 11월 17일 18시,일요일,제주특별자치도 제주시 아라이동,경상사고,0,0,1,0,차대사람 - 기타,중앙선침범,건조,맑음,단일로 - 기타,승용,남,42세,상해없음,보행자,남,43세,경상
2019111700100485,2019년 11월 17일 19시,일요일,제주특별자치도 제주시 노형동,경상사고,0,0,1,0,차대차 - 측면충돌,안전운전불이행,건조,맑음,교차로 - 교차로안,승용,남,34세,상해없음,승용,남,30세,경상
2019111700100575,2019년 11월 17일 22시,일요일,제주특별자치도 서귀포시 동홍동,경상사고,0,0,1,0,차대차 - 기타,안전운전불이행,건조,맑음,단일로 - 기타,이륜,여,65세,경상,화물,여,52세,기타불명
2019111800100052,2019년 11월 18일 01시,월요일,제주특별자치도 제주시 외도일동,경상사고,0,0,1,0,차대사람 - 횡단중,안전운전불이행,젖음/습기,비,단일로 - 기타,승용,남,71세,상해없음,보행자,남,21세,경상
2019111800100123,2019년 11월 18일 07시,월요일,제주특별자치도 제주시 이도이동,경상사고,0,0,1,0,차대차 - 측면충돌,안전운전불이행,건조,맑음,교차로 - 교차로안,화물,남,30세,기타불명,승용,남,44세,경상
2019111800100212,2019년 11월 18일 09시,월요일,제주특별자치도 제주시 이도이동,경상사고,0,0,1,0,차대차 - 기타,안전운전불이행,건조,맑음,교차로 - 교차로부근,승용,남,30세,상해없음,승용,남,34세,경상
2019111800100245,2019년 11월 18일 10시,월요일,제주특별자치도 제주시 오등동,중상사고,0,2,0,0,차량단독 - 전도전복 - 전복,안전운전불이행,젖음/습기,비,단일로 - 기타,화물,남,47세,중상,,,,
2019111800100307,2019년 11월 18일 12시,월요일,제주특별자치도 제주시 우도면,부상신고사고,0,0,0,1,차대차 - 측면충돌,교차로운행방법위반,건조,맑음,교차로 - 교차로안,승용,남,33세,상해없음,이륜,여,75세,부상신고
2019111800100423,2019년 11월 18일 15시,월요일,제주특별자치도 제주시 일도이동,경상사고,0,0,1,0,차대차 - 측면충돌,중앙선침범,건조,맑음,단일로 - 기타,승용,여,38세,상해없음,화물,남,74세,경상
2019111800100573,2019년 11월 18일 18시,월요일,제주특별자치도 서귀포시 동홍동,중상사고,0,1,0,0,차대사람 - 횡단중,보행자보호의무위반,건조,맑음,교차로 - 교차로횡단보도내,승용,남,40세,상해없음,보행자,남,68세,중상
2019111800100574,2019년 11월 18일 18시,월요일,제주특별자치도 제주시 해안동,경상사고,0,0,1,0,차대차 - 추돌,안전거리미확보,건조,맑음,단일로 - 기타,승용,남,55세,상해없음,승용,남,49세,경상
2019111800100621,2019년 11월 18일 19시,월요일,제주특별자치도 제주시 용담이동,경상사고,0,0,1,0,차대차 - 기타,안전운전불이행,건조,맑음,단일로 - 기타,승용,남,41세,기타불명,이륜,남,39세,경상
2019111800100622,2019년 11월 18일 19시,월요일,제주특별자치도 제주시 오라삼동,경상사고,0,0,1,0,차대사람 - 횡단중,보행자보호의무위반,건조,맑음,단일로 - 기타,승용,남,41세,상해없음,보행자,남,31세,경상
2019111800100651,2019년 11월 18일 20시,월요일,제주특별자치도 제주시 연동,경상사고,0,0,1,0,차대차 - 기타,직진우회전진행방해,건조,맑음,교차로 - 교차로안,승용,남,65세,상해없음,승용,여,51세,경상
2019111800100673,2019년 11월 18일 21시,월요일,제주특별자치도 제주시 화북이동,경상사고,0,0,1,0,차대차 - 측면충돌,신호위반,건조,맑음,교차로 - 교차로안,승용,여,52세,상해없음,승용,남,59세,경상
2019111800100711,2019년 11월 18일 23시,월요일,제주특별자치도 제주시 연동,중상사고,0,1,0,0,차대사람 - 보도통행중,기타,건조,맑음,기타 - 기타,승용,남,50세,상해없음,보행자,남,43세,중상
2019111900100039,2019년 11월 19일 00시,화요일,제주특별자치도 제주시 아라일동,중상사고,0,1,2,0,차대차 - 기타,신호위반,건조,맑음,교차로 - 교차로안,승용,여,22세,중상,승용,남,23세,경상
2019111900100099,2019년 11월 19일 06시,화요일,제주특별자치도 제주시 도남동,중상사고,0,1,1,0,차대차 - 측면충돌,안전거리미확보,건조,맑음,단일로 - 기타,기타불명,기타불명,미분류,기타불명,승용,남,66세,경상
2019111900100124,2019년 11월 19일 07시,화요일,제주특별자치도 제주시 도남동,경상사고,0,0,3,0,차대차 - 추돌,안전운전불이행,건조,맑음,교차로 - 교차로부근,승용,여,44세,기타불명,승용,남,32세,경상
2019111900100265,2019년 11월 19일 10시,화요일,제주특별자치도 제주시 건입동,경상사고,0,0,1,0,차대차 - 측면충돌,안전거리미확보,건조,흐림,단일로 - 기타,화물,남,65세,상해없음,승용,남,60세,경상
2019111900100266,2019년 11월 19일 10시,화요일,제주특별자치도 제주시 용담이동,중상사고,0,1,1,0,차대차 - 추돌,안전운전불이행,건조,맑음,교차로 - 교차로안,승용,남,59세,상해없음,승용,남,34세,경상
2019111900100309,2019년 11월 19일 11시,화요일,제주특별자치도 서귀포시 남원읍,경상사고,0,0,1,0,차대차 - 측면충돌,직진우회전진행방해,건조,맑음,교차로 - 교차로안,승합,남,41세,상해없음,승용,남,32세,경상
2019111900100538,2019년 11월 19일 17시,화요일,제주특별자치도 제주시 봉개동,중상사고,0,1,1,0,차대차 - 기타,안전운전불이행,건조,맑음,단일로 - 기타,화물,남,59세,상해없음,승용,남,31세,경상
2019111900100539,2019년 11월 19일 17시,화요일,제주특별자치도 제주시 애월읍,경상사고,0,0,1,0,차대차 - 측면충돌,안전운전불이행,건조,맑음,교차로 - 교차로안,승합,여,65세,상해없음,승용,여,47세,경상
2019111900100609,2019년 11월 19일 18시,화요일,제주특별자치도 제주시 화북이동,경상사고,0,0,4,0,차대차 - 추돌,안전운전불이행,건조,맑음,단일로 - 기타,승용,남,49세,상해없음,승용,남,43세,경상
2019111900100610,2019년 11월 19일 18시,화요일,제주특별자치도 제주시 아라일동,경상사고,0,0,1,0,차대차 - 기타,신호위반,건조,맑음,교차로 - 교차로안,승용,남,35세,상해없음,승용,남,29세,상해없음
2019111900100611,2019년 11월 19일 18시,화요일,제주특별자치도 제주시 오라일동,경상사고,0,0,2,0,차대차 - 기타,교차로운행방법위반,건조,맑음,교차로 - 교차로안,승용,남,55세,상해없음,화물,남,58세,상해없음
2019111900100612,2019년 11월 19일 18시,화요일,제주특별자치도 제주시 조천읍,경상사고,0,0,2,0,차대차 - 측면충돌,안전거리미확보,건조,맑음,교차로 - 교차로부근,승용,남,34세,상해없음,승용,여,25세,경상
2019111900100613,2019년 11월 19일 18시,화요일,제주특별자치도 제주시 아라일동,경상사고,0,0,1,0,차대사람 - 기타,안전운전불이행,건조,맑음,단일로 - 기타,승용,남,35세,상해없음,보행자,남,29세,경상
2019111900100614,2019년 11월 19일 18시,화요일,제주특별자치도 서귀포시 강정동,경상사고,0,0,1,0,차대차 - 정면충돌,직진우회전진행방해,건조,맑음,교차로 - 교차로안,승용,남,50세,상해없음,이륜,남,24세,경상
2019111900100665,2019년 11월 19일 19시,화요일,제주특별자치도 제주시 삼도일동,경상사고,0,0,1,0,차대차 - 측면충돌,안전운전불이행,건조,맑음,교차로 - 교차로안,이륜,남,17세,경상,승용,남,38세,상해없음
2019111900100781,2019년 11월 19일 23시,화요일,제주특별자치도 제주시 이도이동,경상사고,0,0,1,0,차대차 - 측면충돌,안전거리미확보,건조,맑음,단일로 - 기타,승용,여,49세,상해없음,승용,여,54세,경상
2019112000100226,2019년 11월 20일 09시,수요일,제주특별자치도 제주시 봉개동,경상사고,0,0,3,0,차대차 - 추돌,안전거리미확보,건조,맑음,교차로 - 교차로부근,화물,남,49세,상해없음,승용,남,32세,경상
2019112000100341,2019년 11월 20일 12시,수요일,제주특별자치도 제주시 회천동,경상사고,0,0,2,0,차대차 - 추돌,안전거리미확보,건조,맑음,단일로 - 기타,승용,남,40세,상해없음,승용,여,29세,경상
2019112000100342,2019년 11월 20일 12시,수요일,제주특별자치도 서귀포시 중문동,경상사고,0,0,1,0,차대사람 - 기타,안전운전불이행,건조,맑음,단일로 - 기타,승용,남,49세,상해없음,보행자,여,58세,경상
2019112000100384,2019년 11월 20일 13시,수요일,제주특별자치도 서귀포시 서홍동,중상사고,0,1,2,0,차대차 - 측면충돌,기타,건조,맑음,교차로 - 교차로안,승용,여,38세,경상,승용,여,39세,중상
2019112000100417,2019년 11월 20일 14시,수요일,제주특별자치도 서귀포시 남원읍,경상사고,0,0,1,0,차대차 - 기타,직진우회전진행방해,건조,맑음,교차로 - 교차로안,승용,남,63세,상해없음,승용,여,55세,경상
2019112000100471,2019년 11월 20일 15시,수요일,제주특별자치도 제주시 이도이동,부상신고사고,0,0,0,1,차대사람 - 기타,안전운전불이행,건조,맑음,단일로 - 기타,승용,여,38세,상해없음,보행자,남,5세,부상신고
2019112000100510,2019년 11월 20일 16시,수요일,제주특별자치도 제주시 화북일동,경상사고,0,0,1,0,차대사람 - 기타,안전운전불이행,건조,맑음,단일로 - 기타,화물,남,50세,상해없음,보행자,남,5세,경상
2019112000100553,2019년 11월 20일 17시,수요일,제주특별자치도 제주시 도남동,중상사고,0,1,0,0,차대사람 - 횡단중,보행자보호의무위반,건조,맑음,교차로 - 교차로횡단보도내,승용,남,60세,상해없음,보행자,여,58세,중상
2019112000100554,2019년 11월 20일 17시,수요일,제주특별자치도 제주시 한경면,중상사고,0,1,0,0,차대사람 - 기타,안전운전불이행,건조,맑음,단일로 - 기타,승용,남,71세,상해없음,보행자,남,56세,중상
2019112000100629,2019년 11월 20일 18시,수요일,제주특별자치도 제주시 오등동,경상사고,0,0,1,0,차대차 - 추돌,안전운전불이행,건조,맑음,단일로 - 기타,승용,남,35세,기타불명,승용,남,61세,경상
2019112000100630,2019년 11월 20일 18시,수요일,제주특별자치도 제주시 용담이동,경상사고,0,0,1,0,차대차 - 측면충돌,안전거리미확보,건조,맑음,단일로 - 기타,승용,남,33세,상해없음,승용,여,40세,경상
2019112100100159,2019년 11월 21일 08시,목요일,제주특별자치도 서귀포시 표선면,중상사고,0,1,0,0,차대사람 - 횡단중,안전운전불이행,건조,맑음,교차로 - 교차로부근,승합,남,30세,상해없음,보행자,여,47세,중상
2019112100100206,2019년 11월 21일 09시,목요일,제주특별자치도 제주시 아라일동,중상사고,0,1,2,0,차대차 - 기타,안전운전불이행,건조,맑음,단일로 - 기타,승용,여,75세,상해없음,승용,남,61세,중상
2019112100100232,2019년 11월 21일 10시,목요일,제주특별자치도 서귀포시 대정읍,부상신고사고,0,0,0,1,차대차 - 측면충돌,교차로운행방법위반,건조,맑음,교차로 - 교차로안,승용,여,38세,부상신고,승합,남,54세,상해없음
2019112100100273,2019년 11월 21일 11시,목요일,제주특별자치도 제주시 연동,경상사고,0,0,1,0,차대차 - 추돌,안전거리미확보,건조,맑음,단일로 - 기타,승용,남,41세,상해없음,승합,여,63세,경상
2019112100100274,2019년 11월 21일 11시,목요일,제주특별자치도 제주시 연동,경상사고,0,0,1,0,차대차 - 기타,안전거리미확보,건조,맑음,단일로 - 기타,승용,남,65세,기타불명,승용,남,25세,경상
2019112100100299,2019년 11월 21일 12시,목요일,제주특별자치도 서귀포시 안덕면,경상사고,0,0,1,0,차대차 - 측면충돌,차로위반,건조,맑음,교차로 - 교차로안,승용,남,34세,기타불명,승용,남,48세,경상
2019112100100300,2019년 11월 21일 12시,목요일,제주특별자치도 서귀포시 성산읍,경상사고,0,0,2,0,차대차 - 기타,안전운전불이행,건조,맑음,단일로 - 기타,승합,남,65세,상해없음,승용,여,28세,경상
2019112100100301,2019년 11월 21일 12시,목요일,제주특별자치도 제주시 애월읍,경상사고,0,0,1,0,차대사람 - 횡단중,안전운전불이행,건조,맑음,교차로 - 교차로부근,승용,남,57세,상해없음,보행자,남,49세,경상
2019112100100348,2019년 11월 21일 13시,목요일,제주특별자치도 제주시 이도이동,경상사고,0,0,1,0,차대차 - 기타,기타,건조,맑음,단일로 - 기타,승용,남,59세,상해없음,이륜,남,37세,경상
2019112100100349,2019년 11월 21일 13시,목요일,제주특별자치도 제주시 연동,중상사고,0,1,0,0,차대차 - 측면충돌,직진우회전진행방해,건조,맑음,교차로 - 교차로안,승용,남,45세,상해없음,이륜,남,26세,중상
2019112100100380,2019년 11월 21일 14시,목요일,제주특별자치도 서귀포시 호근동,중상사고,0,1,0,0,차대차 - 기타,교차로운행방법위반,건조,맑음,단일로 - 기타,화물,남,57세,상해없음,이륜,남,32세,중상
2019112100100381,2019년 11월 21일 14시,목요일,제주특별자치도 서귀포시 대정읍,경상사고,0,0,1,0,차대사람 - 횡단중,안전운전불이행,건조,맑음,단일로 - 기타,승합,남,64세,상해없음,보행자,여,52세,경상
2019112100100466,2019년 11월 21일 16시,목요일,제주특별자치도 제주시 이도이동,경상사고,0,0,1,0,차량단독 - 공작물충돌,안전운전불이행,건조,맑음,교차로 - 교차로부근,승용,남,59세,상해없음,,,,
2019112100100529,2019년 11월 21일 17시,목요일,제주특별자치도 서귀포시 토평동,부상신고사고,0,0,0,1,차대차 - 측면충돌,차로위반,건조,맑음,단일로 - 기타,이륜,남,71세,부상신고,승용,남,60세,상해없음
2019112100100530,2019년 11월 21일 17시,목요일,제주특별자치도 제주시 연동,중상사고,0,1,0,0,차대사람 - 기타,안전운전불이행,건조,맑음,단일로 - 기타,승용,여,45세,상해없음,보행자,남,56세,중상
2019112100100593,2019년 11월 21일 18시,목요일,제주특별자치도 제주시 화북일동,중상사고,0,1,0,0,차대차 - 기타,안전운전불이행,건조,맑음,단일로 - 기타,승용,여,29세,상해없음,이륜,남,33세,중상
2019112200100257,2019년 11월 22일 10시,금요일,제주특별자치도 제주시 화북일동,중상사고,0,1,0,0,차대차 - 측면충돌,안전운전불이행,건조,맑음,단일로 - 기타,화물,남,55세,상해없음,이륜,남,75세,중상
2019112200100403,2019년 11월 22일 14시,금요일,제주특별자치도 제주시 화북이동,중상사고,0,1,0,1,차대차 - 기타,신호위반,건조,맑음,교차로 - 교차로안,승용,여,54세,부상신고,승용,남,61세,중상
2019112200100455,2019년 11월 22일 15시,금요일,제주특별자치도 제주시 용담삼동,경상사고,0,0,1,0,차대차 - 기타,안전운전불이행,건조,맑음,단일로 - 기타,특수,남,36세,상해없음,승용,남,28세,경상
2019112200100456,2019년 11월 22일 15시,금요일,제주특별자치도 제주시 한림읍,경상사고,0,0,2,1,차대차 - 기타,안전운전불이행,건조,맑음,단일로 - 기타,화물,남,38세,부상신고,승용,남,28세,경상
2019112200100646,2019년 11월 22일 18시,금요일,제주특별자치도 제주시 이도이동,경상사고,0,0,1,0,차대차 - 추돌,안전거리미확보,건조,맑음,교차로 - 교차로부근,승용,여,43세,상해없음,승용,여,57세,경상
2019112200100697,2019년 11월 22일 19시,금요일,제주특별자치도 제주시 노형동,중상사고,0,1,1,0,차대차 - 측면충돌,불법유턴,건조,맑음,교차로 - 교차로부근,화물,남,53세,중상,이륜,남,41세,경상
2019112300100119,2019년 11월 23일 07시,토요일,제주특별자치도 제주시 도평동,중상사고,0,1,0,0,차대차 - 기타,안전운전불이행,건조,맑음,단일로 - 기타,화물,남,52세,상해없음,사륜오토바이(ATV),남,78세,중상
2019112300100179,2019년 11월 23일 09시,토요일,제주특별자치도 제주시 도남동,중상사고,0,1,0,0,차대차 - 추돌,안전운전불이행,건조,맑음,단일로 - 기타,승용,남,35세,상해없음,이륜,남,23세,중상