사고번호,사고일시,요일,시군구,사고내용,사망자수,중상자수,경상자수,부상신고자수,사고유형,법규위반,노면상태,기상상태,도로형태,가해운전자 차종,가해운전자 성별,가해운전자 연령,가해운전자 상해정도,피해운전자 차종,피해운전자 성별,피해운전자 연령,피해운전자 상해정도
2019112300100180,2019년 11월 23일 09시,토요일,제주특별자치도 제주시 한림읍,부상신고사고,0,0,0,1,차량단독 - 전도전복 - 전도,안전운전불이행,건조,맑음,단일로 - 기타,이륜,남,77세,부상신고,,,,
2019112300100257,2019년 11월 23일 11시,토요일,제주특별자치도 제주시 이도일동,경상사고,0,0,1,0,차대사람 - 횡단중,안전운전불이행,건조,맑음,단일로 - 기타,승용,남,46세,상해없음,보행자,여,74세,경상
2019112300100258,2019년 11월 23일 11시,토요일,제주특별자치도 제주시 애월읍,경상사고,0,0,2,0,차대차 - 기타,안전운전불이행,건조,맑음,단일로 - 기타,화물,남,59세,상해없음,승용,여,32세,경상
2019112300100259,2019년 11월 23일 11시,토요일,제주특별자치도 제주시 노형동,중상사고,0,1,1,0,차대차 - 측면충돌,직진우회전진행방해,건조,맑음,교차로 - 교차로안,승용,여,45세,상해없음,승용,여,57세,경상
2019112300100260,2019년 11월 23일 11시,토요일,제주특별자치도 제주시 노형동,경상사고,0,0,1,0,차대차 - 추돌,안전운전불이행,건조,맑음,주차장 - 주차장,승용,여,31세,상해없음,승용,여,29세,경상
2019112300100294,2019년 11월 23일 12시,토요일,제주특별자치도 서귀포시 호근동,경상사고,0,0,2,0,차대차 - 기타,직진우회전진행방해,건조,맑음,교차로 - 교차로안,승용,남,54세,상해없음,승용,남,43세,경상
2019112300100344,2019년 11월 23일 13시,토요일,제주특별자치도 제주시 삼도이동,경상사고,0,0,1,0,차대사람 - 기타,안전운전불이행,건조,맑음,교차로 - 교차로안,승용,남,26세,상해없음,보행자,여,51세,경상
2019112300100345,2019년 11월 23일 13시,토요일,제주특별자치도 서귀포시 남원읍,경상사고,0,0,1,0,차대차 - 기타,기타,건조,맑음,단일로 - 기타,화물,남,25세,상해없음,승용,여,52세,경상
2019112300100346,2019년 11월 23일 13시,토요일,제주특별자치도 서귀포시 안덕면,경상사고,0,0,2,0,차대차 - 측면충돌,안전거리미확보,건조,맑음,단일로 - 기타,승용,여,33세,상해없음,승용,여,26세,경상
2019112300100347,2019년 11월 23일 13시,토요일,제주특별자치도 서귀포시 서귀동,경상사고,0,0,2,0,차대차 - 측면충돌,직진우회전진행방해,건조,맑음,교차로 - 교차로안,승용,남,31세,경상,화물,남,48세,경상
2019112300100427,2019년 11월 23일 15시,토요일,제주특별자치도 제주시 애월읍,중상사고,0,1,0,0,차대차 - 기타,직진우회전진행방해,건조,맑음,교차로 - 교차로안,승용,여,35세,상해없음,개인형이동수단(PM),남,44세,중상
2019112300100428,2019년 11월 23일 15시,토요일,제주특별자치도 제주시 용담이동,경상사고,0,0,3,0,차대차 - 추돌,안전거리미확보,건조,맑음,교차로 - 교차로안,승용,남,58세,상해없음,승용,남,61세,경상
2019112300100570,2019년 11월 23일 18시,토요일,제주특별자치도 제주시 아라이동,경상사고,0,0,1,0,차대차 - 추돌,안전거리미확보,건조,맑음,단일로 - 기타,승용,남,25세,상해없음,승용,여,47세,경상
2019112300100571,2019년 11월 23일 18시,토요일,제주특별자치도 제주시 조천읍,경상사고,0,0,1,0,차대차 - 추돌,안전운전불이행,건조,맑음,단일로 - 기타,승용,여,45세,상해없음,승용,남,33세,경상
2019112300100572,2019년 11월 23일 18시,토요일,제주특별자치도 제주시 연동,경상사고,0,0,2,0,차대차 - 측면충돌,중앙선침범,건조,맑음,교차로 - 교차로안,승용,남,23세,상해없음,승합,남,51세,경상
2019112300100617,2019년 11월 23일 19시,토요일,제주특별자치도 제주시 건입동,경상사고,0,0,2,0,차대차 - 추돌,안전거리미확보,젖음/습기,흐림,교차로 - 교차로부근,승용,여,60세,상해없음,승용,남,45세,경상
2019112300100658,2019년 11월 23일 20시,토요일,제주특별자치도 제주시 이도이동,중상사고,0,2,0,0,차대차 - 기타,신호위반,건조,맑음,교차로 - 교차로안,이륜,남,32세,중상,승용,남,24세,중상
2019112300100734,2019년 11월 23일 23시,토요일,제주특별자치도 제주시 이도이동,경상사고,0,0,1,0,차대차 - 측면충돌,신호위반,건조,맑음,교차로 - 교차로안,승용,남,27세,상해없음,승용,남,37세,경상
2019112400100031,2019년 11월 24일 00시,일요일,제주특별자치도 제주시 이도이동,경상사고,0,0,1,0,차대차 - 추돌,안전운전불이행,건조,맑음,교차로 - 교차로부근,화물,남,57세,상해없음,승용,여,60세,경상
2019112400100046,2019년 11월 24일 01시,일요일,제주특별자치도 제주시 이도이동,경상사고,0,0,1,0,차대차 - 추돌,안전운전불이행,건조,맑음,단일로 - 기타,승용,남,30세,기타불명,이륜,남,53세,경상
2019112400100047,2019년 11월 24일 01시,일요일,제주특별자치도 제주시 오라이동,사망사고,1,2,0,0,차대차 - 정면충돌,중앙선침범,젖음/습기,비,단일로 - 기타,승용,남,30세,사망,승용,남,22세,중상
2019112400100052,2019년 11월 24일 02시,일요일,제주특별자치도 서귀포시 대정읍,경상사고,0,0,2,0,차대차 - 측면충돌,직진우회전진행방해,건조,맑음,교차로 - 교차로안,승용,남,56세,경상,승용,남,48세,경상
2019112400100094,2019년 11월 24일 05시,일요일,제주특별자치도 제주시 도련이동,경상사고,0,0,2,0,차대차 - 측면충돌,신호위반,젖음/습기,비,교차로 - 교차로안,승용,여,61세,경상,화물,남,61세,경상
2019112400100135,2019년 11월 24일 09시,일요일,제주특별자치도 서귀포시 성산읍,경상사고,0,0,1,0,차대차 - 측면충돌,안전운전불이행,건조,맑음,단일로 - 기타,승용,남,59세,상해없음,승용,여,52세,경상
2019112400100136,2019년 11월 24일 09시,일요일,제주특별자치도 서귀포시 동홍동,중상사고,0,1,0,0,차대차 - 측면충돌,신호위반,건조,맑음,교차로 - 교차로안,승합,여,28세,상해없음,승용,남,39세,중상
2019112400100137,2019년 11월 24일 09시,일요일,제주특별자치도 서귀포시 회수동,경상사고,0,0,1,0,차대차 - 기타,직진우회전진행방해,건조,맑음,교차로 - 교차로안,화물,남,60세,상해없음,승용,남,26세,경상
2019112400100204,2019년 11월 24일 12시,일요일,제주특별자치도 서귀포시 표선면,경상사고,0,0,2,0,차대차 - 기타,안전운전불이행,건조,맑음,단일로 - 기타,승용,남,24세,경상,승용,남,67세,상해없음
2019112400100286,2019년 11월 24일 15시,일요일,제주특별자치도 제주시 구좌읍,경상사고,0,0,1,0,차대차 - 측면충돌,안전운전불이행,건조,맑음,교차로 - 교차로부근,승용,남,61세,상해없음,승용,여,42세,경상
2019112500100034,2019년 11월 25일 00시,월요일,제주특별자치도 제주시 이호이동,경상사고,0,0,1,0,차대차 - 측면충돌,신호위반,건조,기타,교차로 - 교차로안,화물,남,77세,상해없음,승용,남,64세,경상
2019112500100080,2019년 11월 25일 06시,월요일,제주특별자치도 제주시 애월읍,경상사고,0,0,1,0,차대차 - 측면충돌,안전운전불이행,건조,맑음,단일로 - 기타,승용,남,42세,경상,승용,남,62세,상해없음
2019112500100146,2019년 11월 25일 08시,월요일,제주특별자치도 서귀포시 중문동,경상사고,0,0,1,0,차대차 - 기타,안전운전불이행,건조,맑음,단일로 - 기타,승용,여,62세,경상,승합,남,53세,기타불명
2019112500100147,2019년 11월 25일 08시,월요일,제주특별자치도 제주시 애월읍,경상사고,0,0,1,0,차대차 - 추돌,안전운전불이행,건조,맑음,기타 - 기타,승용,남,36세,상해없음,승용,남,42세,상해없음
2019112500100196,2019년 11월 25일 09시,월요일,제주특별자치도 제주시 아라일동,경상사고,0,0,2,0,차대차 - 기타,안전운전불이행,건조,맑음,단일로 - 기타,승용,남,25세,상해없음,승용,여,44세,경상
2019112500100234,2019년 11월 25일 10시,월요일,제주특별자치도 제주시 조천읍,경상사고,0,0,1,0,차대사람 - 기타,안전운전불이행,건조,맑음,교차로 - 교차로안,화물,여,64세,상해없음,보행자,여,54세,경상
2019112500100261,2019년 11월 25일 11시,월요일,제주특별자치도 제주시 연동,경상사고,0,0,1,0,차대차 - 기타,중앙선침범,건조,맑음,단일로 - 기타,개인형이동수단(PM),남,45세,상해없음,이륜,남,52세,경상
2019112500100422,2019년 11월 25일 16시,월요일,제주특별자치도 서귀포시 서호동,부상신고사고,0,0,0,1,차대사람 - 기타,안전운전불이행,기타,맑음,기타 - 기타,기타불명,기타불명,미분류,기타불명,보행자,남,13세,부상신고
2019112500100476,2019년 11월 25일 17시,월요일,제주특별자치도 제주시 화북이동,경상사고,0,0,1,0,차대차 - 측면충돌,신호위반,건조,맑음,교차로 - 교차로안,승용,여,45세,상해없음,승용,남,65세,경상
2019112500100597,2019년 11월 25일 19시,월요일,제주특별자치도 서귀포시 남원읍,중상사고,0,1,0,0,차대차 - 기타,직진우회전진행방해,건조,맑음,교차로 - 교차로안,화물,남,85세,상해없음,승용,여,24세,중상
2019112500100598,2019년 11월 25일 19시,월요일,제주특별자치도 서귀포시 동홍동,경상사고,0,0,2,0,차대차 - 측면충돌,직진우회전진행방해,건조,기타,교차로 - 교차로안,승용,여,52세,경상,승용,남,40세,경상
2019112500100599,2019년 11월 25일 19시,월요일,제주특별자치도 서귀포시 서귀동,경상사고,0,0,1,0,차대차 - 측면충돌,교차로운행방법위반,건조,맑음,교차로 - 교차로안,승용,남,54세,상해없음,승용,남,48세,경상
2019112500100666,2019년 11월 25일 21시,월요일,제주특별자치도 서귀포시 성산읍,경상사고,0,0,1,0,차대차 - 기타,안전운전불이행,건조,맑음,교차로 - 교차로부근,화물,남,53세,상해없음,승용,남,36세,경상
2019112600100044,2019년 11월 26일 00시,화요일,제주특별자치도 서귀포시 남원읍,경상사고,0,0,1,0,차량단독 - 공작물충돌,안전운전불이행,젖음/습기,비,단일로 - 기타,승용,여,40세,경상,,,,
2019112600100065,2019년 11월 26일 02시,화요일,제주특별자치도 제주시 도련일동,중상사고,0,1,1,0,차대차 - 측면충돌,신호위반,건조,맑음,교차로 - 교차로안,승용,남,52세,기타불명,승용,여,47세,경상
2019112600100160,2019년 11월 26일 08시,화요일,제주특별자치도 제주시 이도이동,중상사고,0,1,0,0,차대사람 - 횡단중,안전운전불이행,건조,맑음,단일로 - 기타,승용,남,53세,상해없음,보행자,여,70세,중상
2019112600100161,2019년 11월 26일 08시,화요일,제주특별자치도 제주시 도련일동,경상사고,0,0,1,0,차대차 - 정면충돌,직진우회전진행방해,젖음/습기,비,교차로 - 교차로안,승용,여,48세,상해없음,승용,여,26세,경상
2019112600100230,2019년 11월 26일 10시,화요일,제주특별자치도 제주시 노형동,경상사고,0,0,1,0,차대차 - 측면충돌,교차로운행방법위반,건조,맑음,교차로 - 교차로안,승합,남,52세,상해없음,승용,남,63세,경상
2019112600100337,2019년 11월 26일 13시,화요일,제주특별자치도 제주시 추자면,중상사고,0,1,0,0,차대사람 - 기타,안전운전불이행,건조,맑음,단일로 - 기타,승용,남,51세,상해없음,보행자,여,89세,중상
2019112600100338,2019년 11월 26일 13시,화요일,제주특별자치도 제주시 노형동,경상사고,0,0,1,0,차대차 - 측면충돌,안전거리미확보,건조,흐림,단일로 - 기타,승용,남,55세,상해없음,승용,남,46세,경상
2019112600100497,2019년 11월 26일 17시,화요일,제주특별자치도 제주시 삼양일동,경상사고,0,0,1,0,차대차 - 측면충돌,안전거리미확보,건조,맑음,단일로 - 기타,승용,여,43세,상해없음,승용,여,40세,경상
2019112600100549,2019년 11월 26일 18시,화요일,제주특별자치도 제주시 이도이동,중상사고,0,2,1,0,차대차 - 추돌,안전거리미확보,건조,맑음,단일로 - 기타,승용,여,42세,상해없음,이륜,남,33세,중상
2019112600100550,2019년 11월 26일 18시,화요일,제주특별자치도 서귀포시 회수동,경상사고,0,0,1,0,차대차 - 정면충돌,교차로운행방법위반,건조,맑음,교차로 - 교차로안,승용,여,60세,상해없음,승용,남,65세,경상
2019112600100697,2019년 11월 26일 22시,화요일,제주특별자치도 제주시 화북일동,사망사고,1,0,0,0,차대사람 - 차도통행중,과속,건조,맑음,단일로 - 기타,승용,남,66세,상해없음,보행자,남,85세,사망
2019112700100047,2019년 11월 27일 01시,수요일,제주특별자치도 제주시 일도이동,경상사고,0,0,1,0,차대차 - 추돌,안전운전불이행,건조,맑음,교차로 - 교차로부근,승용,남,68세,상해없음,승용,여,52세,경상
2019112700100101,2019년 11월 27일 07시,수요일,제주특별자치도 서귀포시 중문동,경상사고,0,0,5,0,차대차 - 측면충돌,안전운전불이행,건조,맑음,교차로 - 교차로안,화물,남,62세,상해없음,승용,남,63세,상해없음
2019112700100181,2019년 11월 27일 09시,수요일,제주특별자치도 제주시 화북이동,부상신고사고,0,0,0,1,차대차 - 측면충돌,안전운전불이행,건조,맑음,교차로 - 교차로안,승용,남,85세,기타불명,화물,남,42세,부상신고
2019112700100269,2019년 11월 27일 12시,수요일,제주특별자치도 서귀포시 동홍동,중상사고,0,1,0,0,차대차 - 측면충돌,직진우회전진행방해,젖음/습기,비,교차로 - 교차로안,승용,여,60세,중상,승합,남,71세,상해없음
2019112700100270,2019년 11월 27일 12시,수요일,제주특별자치도 서귀포시 남원읍,경상사고,0,0,2,0,차대차 - 기타,안전운전불이행,젖음/습기,비,단일로 - 기타,승용,남,61세,상해없음,승용,남,27세,경상
2019112700100307,2019년 11월 27일 13시,수요일,제주특별자치도 제주시 조천읍,경상사고,0,0,2,0,차대차 - 기타,안전운전불이행,젖음/습기,비,단일로 - 기타,승용,남,31세,상해없음,승용,남,29세,상해없음
2019112700100354,2019년 11월 27일 14시,수요일,제주특별자치도 제주시 일도일동,경상사고,0,0,1,0,차대사람 - 횡단중,보행자보호의무위반,젖음/습기,비,교차로 - 교차로횡단보도내,승용,여,43세,상해없음,보행자,남,80세,경상
2019112700100355,2019년 11월 27일 14시,수요일,제주특별자치도 서귀포시 호근동,중상사고,0,1,0,0,차대사람 - 횡단중,신호위반,젖음/습기,비,단일로 - 기타,승용,남,27세,상해없음,보행자,남,41세,중상
2019112700100356,2019년 11월 27일 14시,수요일,제주특별자치도 제주시 노형동,경상사고,0,0,1,0,차대차 - 측면충돌,안전운전불이행,젖음/습기,비,교차로 - 교차로안,승용,남,61세,상해없음,이륜,여,36세,경상
2019112700100395,2019년 11월 27일 15시,수요일,제주특별자치도 제주시 애월읍,경상사고,0,0,6,1,차대차 - 측면충돌,중앙선침범,건조,맑음,단일로 - 기타,승용,남,24세,상해없음,승용,남,38세,부상신고
2019112700100396,2019년 11월 27일 15시,수요일,제주특별자치도 제주시 노형동,경상사고,0,0,2,1,차대차 - 기타,안전운전불이행,젖음/습기,비,교차로 - 교차로부근,승용,남,63세,상해없음,승용,여,66세,경상
2019112700100525,2019년 11월 27일 18시,수요일,제주특별자치도 제주시 연동,경상사고,0,0,1,1,차대차 - 기타,안전운전불이행,젖음/습기,흐림,교차로 - 교차로안,승용,여,26세,부상신고,승용,남,59세,경상
2019112700100526,2019년 11월 27일 18시,수요일,제주특별자치도 제주시 노형동,중상사고,0,1,0,0,차대사람 - 횡단중,보행자보호의무위반,젖음/습기,비,교차로 - 교차로횡단보도내,승용,남,49세,상해없음,보행자,남,62세,중상
2019112700100581,2019년 11월 27일 19시,수요일,제주특별자치도 제주시 연동,경상사고,0,0,1,0,차대사람 - 길가장자리구역통행중,안전운전불이행,젖음/습기,비,단일로 - 기타,승용,여,46세,상해없음,보행자,남,64세,경상
2019112700100689,2019년 11월 27일 23시,수요일,제주특별자치도 제주시 한림읍,중상사고,0,1,0,0,차대사람 - 기타,안전운전불이행,건조,맑음,단일로 - 기타,승용,여,37세,상해없음,보행자,남,66세,중상
2019112800100101,2019년 11월 28일 07시,목요일,제주특별자치도 제주시 용담이동,경상사고,0,0,1,0,차대차 - 추돌,안전거리미확보,건조,맑음,단일로 - 기타,승용,남,62세,상해없음,승용,남,29세,경상
2019112800100152,2019년 11월 28일 08시,목요일,제주특별자치도 서귀포시 동홍동,경상사고,0,0,2,0,차대차 - 추돌,안전운전불이행,건조,맑음,단일로 - 기타,특수,남,25세,경상,화물,남,50세,경상
2019112800100190,2019년 11월 28일 09시,목요일,제주특별자치도 제주시 일도일동,경상사고,0,0,1,0,차대사람 - 횡단중,보행자보호의무위반,건조,맑음,교차로 - 교차로횡단보도내,승용,남,73세,상해없음,보행자,남,65세,경상
2019112800100191,2019년 11월 28일 09시,목요일,제주특별자치도 제주시 애월읍,중상사고,0,1,2,0,차대차 - 측면충돌,과속,건조,맑음,단일로 - 기타,승용,남,32세,중상,화물,남,22세,경상
2019112800100315,2019년 11월 28일 13시,목요일,제주특별자치도 서귀포시 동홍동,경상사고,0,0,1,0,차대사람 - 기타,안전운전불이행,건조,맑음,교차로 - 교차로부근,승합,남,54세,상해없음,보행자,여,43세,경상
2019112800100316,2019년 11월 28일 13시,목요일,제주특별자치도 제주시 연동,경상사고,0,0,1,0,차대차 - 기타,안전운전불이행,건조,맑음,교차로 - 교차로안,승용,여,50세,상해없음,승용,여,48세,경상
2019112800100354,2019년 11월 28일 14시,목요일,제주특별자치도 제주시 도련일동,경상사고,0,0,1,0,차대차 - 추돌,안전거리미확보,건조,맑음,기타 - 기타,승용,여,60세,상해없음,승용,남,26세,경상
2019112800100387,2019년 11월 28일 15시,목요일,제주특별자치도 제주시 연동,경상사고,0,0,2,0,차대차 - 추돌,안전운전불이행,건조,맑음,단일로 - 기타,승용,남,36세,상해없음,승용,남,36세,경상
2019112800100590,2019년 11월 28일 19시,목요일,제주특별자치도 서귀포시 대정읍,중상사고,0,1,0,0,차대사람 - 횡단중,보행자보호의무위반,건조,맑음,교차로 - 교차로안,승용,여,54세,상해없음,보행자,남,13세,중상
2019112800100683,2019년 11월 28일 22시,목요일,제주특별자치도 서귀포시 토평동,중상사고,0,1,0,0,차량단독 - 공작물충돌,안전운전불이행,젖음/습기,비,단일로 - 기타,승용,남,33세,중상,,,,
2019112900100029,2019년 11월 29일 00시,금요일,제주특별자치도 서귀포시 동홍동,경상사고,0,0,1,0,차대차 - 측면충돌,신호위반,건조,맑음,교차로 - 교차로안,승용,여,30세,경상,화물,남,43세,상해없음
2019112900100210,2019년 11월 29일 09시,금요일,제주특별자치도 제주시 구좌읍,경상사고,0,0,1,0,차대차 - 측면충돌,직진우회전진행방해,건조,맑음,교차로 - 교차로안,승용,남,74세,기타불명,화물,남,55세,경상
2019112900100319,2019년 11월 29일 12시,금요일,제주특별자치도 제주시 이도일동,부상신고사고,0,0,0,1,차대차 - 기타,안전운전불이행,건조,맑음,단일로 - 기타,기타불명,기타불명,미분류,기타불명,승합,남,40세,상해없음
2019112900100359,2019년 11월 29일 13시,금요일,제주특별자치도 제주시 내도동,부상신고사고,0,0,0,1,차대차 - 기타,안전운전불이행,건조,맑음,단일로 - 기타,이륜,남,25세,부상신고,화물,남,32세,상해없음
2019112900100404,2019년 11월 29일 14시,금요일,제주특별자치도 제주시 화북이동,경상사고,0,0,1,0,차대차 - 기타,안전운전불이행,건조,맑음,단일로 - 기타,화물,남,53세,상해없음,승용,여,55세,경상
2019112900100405,2019년 11월 29일 14시,금요일,제주특별자치도 서귀포시 토평동,중상사고,0,2,1,0,차대차 - 추돌,안전운전불이행,건조,맑음,단일로 - 기타,화물,남,34세,경상,화물,남,78세,중상
2019112900100406,2019년 11월 29일 14시,금요일,제주특별자치도 서귀포시 성산읍,경상사고,0,0,3,0,차대차 - 측면충돌,중앙선침범,건조,맑음,단일로 - 기타,승용,남,30세,상해없음,승합,남,21세,경상
2019112900100453,2019년 11월 29일 15시,금요일,제주특별자치도 제주시 아라일동,경상사고,0,0,1,0,차대차 - 측면충돌,교차로운행방법위반,건조,맑음,단일로 - 기타,승용,남,56세,상해없음,승용,여,59세,경상
2019112900100454,2019년 11월 29일 15시,금요일,제주특별자치도 제주시 애월읍,경상사고,0,0,1,0,차대차 - 기타,안전운전불이행,건조,맑음,단일로 - 기타,승용,여,47세,상해없음,승용,남,53세,상해없음
2019112900100455,2019년 11월 29일 15시,금요일,제주특별자치도 제주시 연동,경상사고,0,0,2,0,차대차 - 기타,안전거리미확보,건조,맑음,교차로 - 교차로부근,승용,남,33세,상해없음,승용,남,29세,경상
2019112900100633,2019년 11월 29일 18시,금요일,제주특별자치도 서귀포시 안덕면,경상사고,0,0,1,0,차대차 - 기타,차로위반,건조,맑음,교차로 - 교차로안,승용,남,31세,상해없음,승용,남,51세,경상
2019112900100693,2019년 11월 29일 19시,금요일,제주특별자치도 제주시 일도이동,경상사고,0,0,1,0,차대사람 - 횡단중,신호위반,건조,맑음,교차로 - 교차로횡단보도내,이륜,남,37세,상해없음,보행자,여,9세,경상
2019112900100775,2019년 11월 29일 21시,금요일,제주특별자치도 제주시 노형동,경상사고,0,0,3,0,차대차 - 기타,신호위반,건조,맑음,교차로 - 교차로안,승용,남,23세,상해없음,승용,남,35세,상해없음
2019112900100798,2019년 11월 29일 22시,금요일,제주특별자치도 제주시 연동,경상사고,0,0,1,0,차대차 - 기타,안전운전불이행,건조,맑음,단일로 - 기타,기타불명,기타불명,미분류,기타불명,이륜,남,51세,경상
2019113000100130,2019년 11월 30일 06시,토요일,제주특별자치도 서귀포시 대정읍,중상사고,0,2,0,0,차대차 - 추돌,안전거리미확보,건조,맑음,단일로 - 기타,화물,남,61세,상해없음,이륜,남,66세,중상
2019113000100168,2019년 11월 30일 08시,토요일,제주특별자치도 제주시 일도이동,중상사고,0,1,1,0,차대사람 - 횡단중,안전운전불이행,건조,맑음,교차로 - 교차로안,승용,여,31세,상해없음,보행자,남,5세,중상
2019113000100196,2019년 11월 30일 09시,토요일,제주특별자치도 제주시 이도이동,경상사고,0,0,2,0,차대차 - 측면충돌,안전운전불이행,건조,맑음,교차로 - 교차로부근,승용,여,31세,경상,승용,남,49세,상해없음
2019113000100197,2019년 11월 30일 09시,토요일,제주특별자치도 서귀포시 안덕면,경상사고,0,0,4,0,차대차 - 측면충돌,안전거리미확보,건조,맑음,단일로 - 기타,승합,남,53세,상해없음,특수,남,32세,상해없음
2019113000100198,2019년 11월 30일 09시,토요일,제주특별자치도 서귀포시 서귀동,경상사고,0,0,1,0,차대차 - 기타,안전거리미확보,건조,맑음,교차로 - 교차로안,승용,여,61세,상해없음,승용,여,40세,상해없음
2019113000100385,2019년 11월 30일 14시,토요일,제주특별자치도 제주시 조천읍,경상사고,0,0,2,0,차대차 - 기타,안전운전불이행,건조,맑음,단일로 - 기타,건설기계,남,60세,상해없음,승용,여,43세,경상
2019113000100419,2019년 11월 30일 15시,토요일,제주특별자치도 서귀포시 서호동,중상사고,0,1,0,0,차대차 - 기타,직진우회전진행방해,건조,맑음,교차로 - 교차로안,화물,남,58세,상해없음,승용,남,28세,중상
2019113000100517,2019년 11월 30일 17시,토요일,제주특별자치도 제주시 삼도이동,경상사고,0,0,1,0,차대사람 - 보도통행중,안전운전불이행,건조,맑음,단일로 - 기타,승용,여,46세,상해없음,보행자,남,6세,경상
2019113000100581,2019년 11월 30일 18시,토요일,제주특별자치도 제주시 구좌읍,경상사고,0,0,1,0,차대차 - 기타,신호위반,건조,맑음,교차로 - 교차로안,이륜,남,58세,경상,승용,남,55세,상해없음
2019113000100582,2019년 11월 30일 18시,토요일,제주특별자치도 서귀포시 서호동,경상사고,0,0,2,0,차대차 - 추돌,안전운전불이행,건조,맑음,단일로 - 기타,승용,여,60세,상해없음,승용,남,32세,경상
2019113000100651,2019년 11월 30일 20시,토요일,제주특별자치도 제주시 애월읍,중상사고,0,1,0,0,차대차 - 추돌,안전운전불이행,건조,맑음,단일로 - 기타,이륜,남,39세,중상,승용,남,42세,상해없음
2019113000100719,2019년 11월 30일 23시,토요일,제주특별자치도 서귀포시 서귀동,중상사고,0,1,0,0,차대사람 - 기타,안전운전불이행,건조,맑음,교차로 - 교차로안,승용,남,44세,상해없음,보행자,남,62세,중상
2019120100100087,2019년 12월 1일 03시,일요일,제주특별자치도 제주시 연동,경상사고,0,0,2,0,차대차 - 추돌,안전운전불이행,건조,맑음,단일로 - 기타,승용,남,32세,상해없음,승용,남,64세,경상
2019120100100132,2019년 12월 1일 07시,일요일,제주특별자치도 서귀포시 서귀동,경상사고,0,0,2,0,차대차 - 기타,안전운전불이행,기타,맑음,단일로 - 기타,승용,남,30세,상해없음,승용,남,31세,경상
2019120100100261,2019년 12월 1일 13시,일요일,제주특별자치도 제주시 연동,경상사고,0,0,1,0,차대차 - 측면충돌,안전거리미확보,젖음/습기,비,단일로 - 기타,승합,남,51세,상해없음,승용,남,34세,경상
2019120100100327,2019년 12월 1일 15시,일요일,제주특별자치도 제주시 한림읍,경상사고,0,0,1,0,차대차 - 기타,안전운전불이행,건조,맑음,단일로 - 기타,화물,남,63세,상해없음,화물,남,49세,경상
2019120100100361,2019년 12월 1일 16시,일요일,제주특별자치도 제주시 한림읍,경상사고,0,0,2,0,차대차 - 추돌,안전운전불이행,건조,맑음,교차로 - 교차로부근,승용,여,32세,상해없음,승용,여,32세,경상
2019120100100397,2019년 12월 1일 17시,일요일,제주특별자치도 제주시 삼양이동,경상사고,0,0,1,0,차대차 - 기타,안전거리미확보,건조,맑음,단일로 - 기타,승용,여,35세,상해없음,이륜,남,21세,경상
2019120100100496,2019년 12월 1일 19시,일요일,제주특별자치도 제주시 노형동,중상사고,0,1,0,0,차대사람 - 횡단중,보행자보호의무위반,젖음/습기,흐림,교차로 - 교차로횡단보도내,이륜,남,33세,상해없음,보행자,여,22세,중상
2019120100100584,2019년 12월 1일 22시,일요일,제주특별자치도 제주시 이도일동,경상사고,0,0,1,0,차대차 - 추돌,안전운전불이행,건조,맑음,교차로 - 교차로부근,승용,여,50세,상해없음,승용,남,27세,경상
2019120100100585,2019년 12월 1일 22시,일요일,제주특별자치도 제주시 연동,경상사고,0,0,1,0,차대차 - 추돌,안전거리미확보,건조,맑음,단일로 - 기타,승용,남,25세,상해없음,승용,남,59세,경상
2019120200100070,2019년 12월 2일 06시,월요일,제주특별자치도 제주시 일도이동,경상사고,0,0,1,0,차대차 - 측면충돌,안전운전불이행,건조,맑음,기타 - 기타,승용,남,39세,상해없음,자전거,남,76세,경상
2019120200100191,2019년 12월 2일 10시,월요일,제주특별자치도 서귀포시 대정읍,중상사고,0,1,0,0,차대차 - 기타,안전운전불이행,건조,맑음,교차로 - 교차로부근,화물,남,29세,상해없음,이륜,여,71세,중상
2019120200100454,2019년 12월 2일 17시,월요일,제주특별자치도 제주시 아라일동,경상사고,0,0,4,0,차대차 - 추돌,안전거리미확보,젖음/습기,흐림,교차로 - 교차로부근,승용,남,42세,상해없음,승합,여,37세,경상
2019120200100623,2019년 12월 2일 22시,월요일,제주특별자치도 제주시 연동,경상사고,0,0,1,0,차대사람 - 차도통행중,안전운전불이행,건조,맑음,단일로 - 기타,승용,남,65세,상해없음,보행자,남,48세,경상
2019120300100102,2019년 12월 3일 07시,화요일,제주특별자치도 제주시 이도이동,경상사고,0,0,1,0,차대차 - 측면충돌,안전운전불이행,건조,맑음,교차로 - 교차로부근,승용,남,64세,상해없음,화물,남,28세,경상
2019120300100147,2019년 12월 3일 08시,화요일,제주특별자치도 서귀포시 남원읍,경상사고,0,0,1,0,차대차 - 정면충돌,안전운전불이행,건조,맑음,단일로 - 기타,승용,여,42세,상해없음,이륜,남,73세,경상